Listing_ID,City,District,Rooms,Price
1304870432,Bolu,İhsaniye/GölyüzüAktaş Mh.,1+1,15000.0
1294075709,Bolu,İhsaniye/Gölyüzüİhsaniye Mh.,2+1,11000.0
1298455403,Bolu,MerkezSümer Mh.,1+1,12000.0
1299605154,Bolu,İhsaniye/GölyüzüGölyüzü Mh.,1+1,11000.0
1299638692,Bolu,İhsaniye/Gölyüzüİhsaniye Mh.,2+1,16500.0
1298993084,Bolu,MerkezKaramanlı Mh.,1+1,14000.0
1304620652,Bolu,İhsaniye/GölyüzüSemerkant Mah.,1+1,22000.0
1277495600,Bolu,MerkezTepecik Mah.,1+1,20500.0
1304248431,Bolu,MerkezSağlık Mh.,3+1,17000.0
1303695298,Bolu,İhsaniye/GölyüzüKaraçayır Mh.,1+1,20000.0
1305466905,Bolu,İhsaniye/GölyüzüAktaş Mh.,2+1,22500.0
1305461886,Bolu,KöylerYukarısoku Mh.,2+1,15000.0
1305460343,Bolu,KöylerYukarısoku Mh.,2+1,13000.0
1269361381,Bolu,MerkezSağlık Mh.,3+1,23000.0
1302668373,Bolu,MerkezBeşkavaklar Mh.,4+1,58000.0
1302662266,Bolu,MerkezBorazanlar Mah.,2+1,18500.0
1290988267,Bolu,MerkezKültür Mh.,2+1,25000.0
1305425894,Bolu,MerkezKaramanlı Mh.,1+1,25000.0
1302628151,Bolu,MerkezTabaklar Mah.,1+1,18000.0
1305394270,Bolu,MerkezSağlık Mh.,3+1,22000.0
1305385627,Bolu,MerkezTabaklar Mah.,1+1,30000.0
1305392592,Bolu,İhsaniye/GölyüzüKöroğlu Mh.,2+1,17250.0
1299855810,Bolu,MerkezSümer Mh.,1+1,16000.0
1295629237,Bolu,İhsaniye/Gölyüzüİhsaniye Mh.,3+1,27000.0
1305384526,Bolu,İhsaniye/Gölyüzüİhsaniye Mh.,2+1,17500.0
1294934282,Bolu,MerkezKültür Mh.,3+1,40000.0
1291442167,Bolu,İhsaniye/GölyüzüGölyüzü Mh.,3+1,25000.0
1305376652,Bolu,MerkezSümer Mh.,2+1,15000.0
1305370929,Bolu,MerkezBeşkavaklar Mh.,2+1,23000.0
1288483319,Bolu,MerkezPaşaköy Mh.,2+1,28000.0
1287626408,Bolu,MerkezSümer Mh.,2+1,19000.0
1290714675,Bolu,İhsaniye/GölyüzüAktaş Mh.,1+1,14000.0
1302573211,Bolu,İhsaniye/GölyüzüAktaş Mh.,1+1,15000.0
1299638605,Bolu,MerkezBahçelievler Mh.,2+1,25000.0
1302562963,Bolu,MerkezSümer Mh.,2+1,33999.0
1277420139,Bolu,MerkezBorazanlar Mah.,1+1,17000.0
1302549540,Bolu,MerkezKaramanlı Mh.,3+1,16500.0
1299637475,Bolu,İhsaniye/GölyüzüKaraçayır Mh.,1+1,16000.0
1287449528,Bolu,MerkezPaşaköy Mh.,3+1,12000.0
1305305035,Bolu,MerkezBorazanlar Mah.,2+1,25000.0
1298099763,Bolu,KöylerKılıçarslan Mh.,4+1,40000.0
1302527157,Bolu,MerkezSağlık Mh.,2+1,12500.0
1222249100,Bolu,MerkezBorazanlar Mah.,3+1,20000.0
1297921654,Bolu,İhsaniye/GölyüzüAktaş Mh.,1+1,20000.0
1208819717,Bolu,MerkezKültür Mh.,1+1,23000.0
1296737777,Bolu,MerkezTabaklar Mah.,1+1,20000.0
1305256658,Bolu,MerkezUmutkent Mah.,3+1,18000.0
1302467817,Bolu,Merkezİzzet Baysal Mh.,2+1,28000.0
1305245728,Bolu,MerkezKaramanlı Mh.,3+1,15000.0
1209974864,Bolu,MerkezYaşamkent Mh.,3+1,15500.0
1305231590,Bolu,MerkezTabaklar Mah.,1+1,22000.0
1276792802,Bolu,MerkezKaramanlı Mh.,3+1,25000.0
1184070393,Bolu,Merkezİzzet Baysal Mh.,4+1,30000.0
1305215802,Bolu,Merkezİzzet Baysal Mh.,2+1,23000.0
1302408730,Bolu,MerkezBorazanlar Mah.,2+1,22000.0
1305215103,Bolu,MerkezBorazanlar Mah.,2+1,35000.0
1305212208,Bolu,İhsaniye/GölyüzüAkpınar Mh.,2+1,18000.0
1293858847,Bolu,MerkezPaşaköy Mh.,1+1,20000.0
1198518192,Bolu,MerkezBahçelievler Mh.,5+2,12000.0
1273792183,Bolu,KöylerDoğancı Köyü,3+1,10000.0
1296707567,Bolu,MerkezSağlık Mh.,2+1,20000.0
1305165070,Bolu,MerkezBorazanlar Mah.,2+1,26500.0
1305325691,Bolu,MerkezSümer Mh.,2+1,35000.0
1293802415,Bolu,MerkezBorazanlar Mah.,2+1,23000.0
1305146882,Bolu,Merkezİzzet Baysal Mh.,3+1,30000.0
1305146554,Bolu,İhsaniye/GölyüzüKaraçayır Mh.,1+1,13000.0
1305022233,Bolu,MerkezBeşkavaklar Mh.,4+1,20000.0
1153785196,Bolu,MerkezAlpağutbey Mh.,3+1,35000.0
1296532439,Bolu,MerkezPaşaköy Mh.,2+1,35000.0
1302309734,Bolu,MerkezKaramanlı Mh.,3+1,20000.0
1305079971,Bolu,MerkezTepecik Mah.,3+1,30000.0
1287008089,Bolu,MerkezSümer Mh.,2+1,24000.0
1302295552,Bolu,KöylerKılıçarslan Mh.,3+1,35000.0
1302639396,Bolu,MerkezTabaklar Mah.,1+1,18500.0
1271945156,Bolu,MerkezAlpağut Mh.,2+1,25000.0
1263055952,Bolu,MerkezBorazanlar Mah.,2+1,17000.0
1302267121,Bolu,İhsaniye/GölyüzüKaraçayır Mh.,1+1,17500.0
1298917122,Bolu,MerkezKaramanlı Mh.,2+1,15000.0
1302264933,Bolu,MerkezAlpağutbey Mh.,3+1,18500.0
1305039805,Bolu,İhsaniye/Gölyüzüİhsaniye Mh.,2+1,16500.0
1305390616,Bolu,MerkezBorazanlar Mah.,1+1,20000.0
1305026045,Bolu,MerkezTabaklar Mah.,4+1,32000.0
1303696592,Bolu,MerkezPaşaköy Mh.,1+1,32000.0
1305000796,Bolu,İhsaniye/GölyüzüAkpınar Mh.,2+1,14000.0
1292992759,Bolu,İhsaniye/GölyüzüÇıkınlar Mh.,2+1,15000.0
1288278088,Bolu,MerkezAlpağutbey Mh.,3+1,22000.0
1304935331,Bolu,İhsaniye/GölyüzüÇıkınlar Mh.,2+1,21000.0
1302219623,Bolu,MerkezSağlık Mh.,2+1,12000.0
1288099213,Bolu,MerkezBorazanlar Mah.,2+1,25000.0
1288427977,Bolu,MerkezSağlık Mh.,3+1,20000.0
1302203077,Bolu,MerkezTabaklar Mah.,1+1,24000.0
1300904669,Bolu,Merkezİzzet Baysal Mh.,2+1,30000.0
1294849338,Bolu,MerkezTabaklar Mah.,3+1,17000.0
1299359247,Bolu,Merkezİzzet Baysal Mh.,3+1,20000.0
1266253725,Bolu,İhsaniye/GölyüzüSemerkant Mah.,2+1,16000.0
1304964587,Bolu,İhsaniye/GölyüzüKaraçayır Mh.,2+1,23500.0
1293652403,Bolu,Merkezİzzet Baysal Mh.,2+1,28000.0
1290426358,Bolu,MerkezBahçelievler Mh.,3+1,19000.0
1277583394,Bolu,MerkezSümer Mh.,2+1,18500.0
1303615994,Bolu,MerkezBahçelievler Mh.,3+1,25000.0
1302127744,Bolu,MerkezAşağısoku Mh.,4+1,55000.0
1304893426,Bolu,MerkezKültür Mh.,4+1,23000.0
1293378566,Bolu,KöylerSandallar Mah.,1+1,20000.0
1296295939,Bolu,İhsaniye/GölyüzüKaraçayır Mh.,1+1,14000.0
1268897419,Bolu,MerkezSağlık Mh.,2+1,16000.0
846758230,Bolu,MerkezPaşaköy Mh.,2+1,20000.0
1302085116,Bolu,MerkezBorazanlar Mah.,3+1,18000.0
1284087964,Bolu,MerkezSağlık Mh.,2+0,20000.0
1293491566,Bolu,MerkezPaşaköy Mh.,2+1,25500.0
1295064617,Bolu,İhsaniye/GölyüzüKaraçayır Mh.,3+1,14500.0
1299444089,Bolu,MerkezBorazanlar Mah.,2+1,20000.0
1294643351,Bolu,MerkezPaşaköy Mh.,2+1,27000.0
1304837576,Bolu,MerkezBorazanlar Mah.,2+1,21000.0
1304835250,Bolu,KöylerKılıçarslan Mh.,2+1,24000.0
1304827668,Bolu,İhsaniye/GölyüzüAktaş Mh.,2+1,23000.0
1299141278,Bolu,MerkezSümer Mh.,3+1,13750.0
1187947229,Bolu,MerkezPaşaköy Mh.,2+1,20000.0
1304817098,Bolu,MerkezBorazanlar Mah.,1+1,18000.0
1301814996,Bolu,MerkezTabaklar Mah.,3+1,15500.0
1201065912,Bolu,KöylerKılıçarslan Mh.,3+1,30000.0
1304813107,Bolu,MerkezUmutkent Mah.,3+1,22500.0
1304812540,Bolu,İhsaniye/GölyüzüKöroğlu Mh.,2+1,35000.0
1299418446,Bolu,MerkezKaramanlı Mh.,1+1,14000.0
1299150257,Bolu,MerkezSağlık Mh.,2+1,18000.0
1293397942,Bolu,KöylerKılıçarslan Mh.,2+1,22000.0
1282444096,Bolu,KöylerKılıçarslan Mh.,3+1,32000.0
1303685327,Bolu,MerkezPaşaköy Mh.,1+1,30000.0
1304794223,Bolu,MerkezBorazanlar Mah.,2+1,15000.0
1304794500,Bolu,MerkezSağlık Mh.,2+1,23500.0
1145022079,Bolu,MerkezKaramanlı Mh.,1+1,13950.0
1302108571,Bolu,Merkezİzzet Baysal Mh.,2+1,23500.0
1273004846,Bolu,MerkezBahçelievler Mh.,1+1,22000.0
1304964980,Bolu,İhsaniye/GölyüzüKöroğlu Mh.,2+1,17250.0
1304748259,Bolu,MerkezTabaklar Mah.,1+1,23000.0
1304743509,Bolu,MerkezSümer Mh.,1+1,16999.0
1192489512,Bolu,MerkezTabaklar Mah.,2+1,17500.0
1293384506,Bolu,İhsaniye/GölyüzüKaraçayır Mh.,3+1,15000.0
1299087939,Bolu,MerkezKültür Mh.,2+1,22000.0
1295339652,Bolu,Merkezİzzet Baysal Mh.,2+1,17000.0
1301928083,Bolu,MerkezBorazanlar Mah.,1+1,20000.0
1304691842,Bolu,MerkezBorazanlar Mah.,2+1,22000.0
1270318242,Bolu,MerkezBorazanlar Mah.,1+1,13000.0
1293619797,Bolu,Merkezİzzet Baysal Mh.,2+1,28000.0
1295383171,Bolu,MerkezBorazanlar Mah.,3+1,26000.0
1304646701,Bolu,MerkezKaramanlı Mh.,1+1,12500.0
1288037126,Bolu,MerkezKültür Mh.,1+1,16500.0
1304622118,Bolu,MerkezBahçelievler Mh.,4+1,32000.0
1301838867,Bolu,MerkezBeşkavaklar Mh.,2+1,18500.0
1304615455,Bolu,KöylerKılıçarslan Mh.,3+1,30000.0
1304619633,Bolu,İhsaniye/Gölyüzüİhsaniye Mh.,3+1,30000.0
1304570170,Bolu,İhsaniye/GölyüzüKaraçayır Mh.,2+1,35000.0
1281305984,Bolu,MerkezKaramanlı Mh.,1+1,18500.0
1249324670,Bolu,MerkezBahçelievler Mh.,2+1,25000.0
1304605181,Bolu,İhsaniye/GölyüzüKaraçayır Mh.,3+1,22000.0
1241425029,Bolu,MerkezBahçelievler Mh.,1+1,24000.0
1286307657,Bolu,MerkezYaşamkent Mh.,3+1,18000.0
1301770411,Bolu,MerkezKültür Mh.,2+1,19500.0
1297619580,Bolu,MerkezBahçelievler Mh.,2+1,13000.0
1304561712,Bolu,MerkezTabaklar Mah.,2+1,18000.0
1301773914,Bolu,MerkezBorazanlar Mah.,2+1,23000.0
1287704669,Bolu,MerkezBahçelievler Mh.,3+1,18000.0
1284996245,Bolu,MerkezBahçelievler Mh.,3+1,20000.0
1299345440,Bolu,MerkezBorazanlar Mah.,3+1,26000.0
1304537110,Bolu,MerkezSümer Mh.,1+1,12500.0
1304919002,Bolu,MerkezPaşaköy Mh.,2+1,25000.0
1298786587,Bolu,MerkezTabaklar Mah.,3+1,22500.0
1298529523,Bolu,MerkezKültür Mh.,2+1,23750.0
1298457909,Bolu,MerkezSağlık Mh.,2+1,13500.0
1304483607,Bolu,İhsaniye/GölyüzüAktaş Mh.,1+1,15000.0
1278409853,Bolu,MerkezAşağısoku Mh.,2+1,17500.0
1279479325,Bolu,MerkezAşağısoku Mh.,2+1,20000.0
1301876999,Bolu,MerkezTabaklar Mah.,3+1,20000.0
1293625292,Bolu,Merkezİzzet Baysal Mh.,2+1,28000.0
1304444927,Bolu,MerkezSümer Mh.,1+1,14000.0
1304614291,Bolu,MerkezKaramanlı Mh.,1+1,25000.0
1259142264,Bolu,İhsaniye/GölyüzüGölyüzü Mh.,3+1,20000.0
1304401434,Bolu,İhsaniye/Gölyüzüİhsaniye Mh.,1+1,20900.0
1295921435,Bolu,MerkezAşağısoku Mh.,2+1,25000.0
1286377083,Bolu,Merkezİzzet Baysal Mh.,4+1,30000.0
1265748954,Bolu,KöylerKılıçarslan Mh.,3+1,30000.0
1298810193,Bolu,MerkezTabaklar Mah.,2+1,14500.0
1301985603,Bolu,MerkezAşağısoku Mh.,1+1,25000.0
1276756221,Bolu,İhsaniye/GölyüzüAktaş Mh.,1+1,14000.0
1248918111,Bolu,MerkezSümer Mh.,4+1,20000.0
1304339266,Bolu,İhsaniye/GölyüzüKaraçayır Mh.,3+1,20000.0
1284482083,Bolu,MerkezBorazanlar Mah.,1+1,18500.0
1298118563,Bolu,İhsaniye/GölyüzüGölyüzü Mh.,3+1,17500.0
1297965674,Bolu,MerkezKaramanlı Mh.,4+1,20000.0
1280866755,Bolu,MerkezSağlık Mh.,3+1,26500.0
1304285872,Bolu,MerkezSümer Mh.,2+1,17500.0
1266454391,Bolu,MerkezBeşkavaklar Mh.,2+1,23000.0
1301558583,Bolu,MerkezSağlık Mh.,3+1,23000.0
1282357543,Bolu,İhsaniye/GölyüzüAktaş Mh.,3+1,14500.0
1302976969,Bolu,MerkezAşağısoku Mh.,2+1,26000.0
1164982450,Bolu,MerkezSümer Mh.,1+1,18000.0
1304255595,Bolu,İhsaniye/GölyüzüKaraçayır Mh.,3+1,20000.0
1278122030,Bolu,MerkezTabaklar Mah.,3+1,22500.0
1295716094,Bolu,KöylerKılıçarslan Mh.,4+1,34000.0
1302282431,Bolu,MerkezPaşaköy Mh.,1+1,37500.0
1289179107,Bolu,MerkezBorazanlar Mah.,2+1,18000.0
1275490290,Bolu,MerkezBahçelievler Mh.,3+1,21000.0
1304440045,Bolu,MerkezKaramanlı Mh.,3+1,18000.0
1301514424,Bolu,KöylerKılıçarslan Mh.,3+1,33000.0
1296540666,Bolu,MerkezYaşamkent Mh.,3+1,17500.0
1279407794,Bolu,İhsaniye/GölyüzüKaraçayır Mh.,3+1,23000.0
1304223560,Bolu,İhsaniye/Gölyüzüİhsaniye Mh.,1+1,17500.0
1255548184,Bolu,MerkezSağlık Mh.,2+1,23500.0
1304412091,Bolu,KöylerKılıçarslan Mh.,2+1,25000.0
1248536341,Bolu,MerkezTabaklar Mah.,3+1,15000.0
1301499913,Bolu,MerkezSağlık Mh.,3+1,24000.0
1301485107,Bolu,İhsaniye/GölyüzüSemerkant Mah.,1+1,20000.0
1287695193,Bolu,MerkezTabaklar Mah.,1+1,35000.0
1302233706,Bolu,MerkezKaramanlı Mh.,5+1,37500.0
1304800866,Bolu,MerkezTabaklar Mah.,1+1,20000.0
1301619764,Bolu,MerkezTabaklar Mah.,1+1,18000.0
1256274595,Bolu,MerkezBeşkavaklar Mh.,1+1,28000.0
1269913285,Bolu,MerkezAlpağut Mh.,3+1,34000.0
1293003585,Bolu,İhsaniye/GölyüzüKaraçayır Mh.,3+1,20000.0
1301758123,Bolu,MerkezSümer Mh.,2+1,9000.0
1298607537,Bolu,MerkezSümer Mh.,2+1,19000.0
1287325687,Bolu,İhsaniye/GölyüzüAkpınar Mh.,1+1,15000.0
1297909631,Bolu,İhsaniye/GölyüzüKöroğlu Mh.,2+1,25000.0
1295807786,Bolu,MerkezPaşaköy Mh.,2+1,35000.0
1301543235,Bolu,MerkezSağlık Mh.,2+1,16000.0
1301352764,Bolu,Merkezİzzet Baysal Mh.,3+1,30000.0
1301349814,Bolu,MerkezBorazanlar Mah.,3+1,45000.0
1283417231,Bolu,İhsaniye/GölyüzüKaraçayır Mh.,3+1,17000.0
1290013848,Bolu,Merkezİzzet Baysal Mh.,3+1,18500.0
1298136826,Bolu,MerkezKaramanlı Mh.,2+1,14000.0
1192454290,Bolu,MerkezBorazanlar Mah.,1+1,20000.0
1295631865,Bolu,İhsaniye/GölyüzüAktaş Mh.,1+1,25000.0
1304075782,Bolu,MerkezSümer Mh.,1+1,16500.0
1298070049,Bolu,MerkezSümer Mh.,1+1,20000.0
1304063650,Bolu,İhsaniye/GölyüzüKaraçayır Mh.,1+1,18000.0
1304071393,Bolu,KöylerKılıçarslan Mh.,4+1,36000.0
1304409958,Bolu,MerkezBorazanlar Mah.,1+1,10000.0
1301471994,Bolu,MerkezBorazanlar Mah.,1+1,16000.0
1302238502,Bolu,MerkezAlpağut Mh.,2+1,35000.0
1301115567,Bolu,MerkezTepecik Mah.,2+1,20500.0
1284533305,Bolu,Merkezİzzet Baysal Mh.,2+1,17500.0
1298278336,Bolu,MerkezBorazanlar Mah.,2+1,18500.0
1282119428,Bolu,MerkezTepecik Mah.,2+1,23000.0
1301452803,Bolu,İhsaniye/GölyüzüKaraçayır Mh.,1+1,20000.0
1266079531,Bolu,MerkezTabaklar Mah.,3+1,20000.0
1304177758,Bolu,MerkezTabaklar Mah.,1+1,13500.0
1298412958,Bolu,İhsaniye/Gölyüzüİhsaniye Mh.,3+1,18000.0
1292577992,Bolu,KöylerKılıçarslan Mh.,3+1,21000.0
1299980399,Bolu,MerkezBorazanlar Mah.,2+1,23000.0
1298436764,Bolu,MerkezTepecik Mah.,3+1,15750.0
1304001432,Bolu,MerkezYaşamkent Mh.,3+1,19000.0
1280778463,Bolu,MerkezKültür Mh.,2+1,21000.0
1304532197,Bolu,MerkezSümer Mh.,2+1,8000.0
1298368773,Bolu,Merkezİzzet Baysal Mh.,3+1,23000.0
1215973581,Bolu,MerkezBorazanlar Mah.,1+1,15000.0
1098246181,Bolu,İhsaniye/GölyüzüKaraçayır Mh.,1+1,15000.0
1301216353,Bolu,MerkezBeşkavaklar Mh.,3+1,28000.0
1295385496,Bolu,MerkezKültür Mh.,2+1,18000.0
1303940914,Bolu,MerkezSümer Mh.,1+1,17000.0
1286389255,Bolu,MerkezSağlık Mh.,3+1,24000.0
1303925704,Bolu,MerkezKültür Mh.,3+1,15000.0
1301110866,Bolu,MerkezSümer Mh.,1+1,15750.0
1258660053,Bolu,MerkezYaşamkent Mh.,3+1,19000.0
1298319295,Bolu,MerkezSağlık Mh.,2+1,24000.0
1303913155,Bolu,MerkezBahçelievler Mh.,2+1,17000.0
1303911268,Bolu,MerkezSümer Mh.,1+1,15000.0
1296960987,Bolu,MerkezBorazanlar Mah.,3+1,25000.0
1303908414,Bolu,MerkezKaramanlı Mh.,3+1,23000.0
846826923,Bolu,İhsaniye/GölyüzüKaraçayır Mh.,2+1,23500.0
1304055419,Bolu,MerkezTabaklar Mah.,3+1,25000.0
1304068849,Bolu,MerkezBorazanlar Mah.,2+1,16000.0
1301303936,Bolu,KöylerKılıçarslan Mh.,2+1,35000.0
1301125465,Bolu,İhsaniye/GölyüzüKöroğlu Mh.,2+1,23000.0
1303862707,Bolu,KöylerÇatakören Köyü,4+1,30000.0
1275724929,Bolu,MerkezBahçelievler Mh.,3+1,18000.0
1284086193,Bolu,İhsaniye/GölyüzüKaraçayır Mh.,1+1,15000.0
1289572358,Bolu,MerkezBorazanlar Mah.,1+1,18000.0
1301103835,Bolu,MerkezSağlık Mh.,2+1,20500.0
1301087888,Bolu,MerkezTabaklar Mah.,2+1,18000.0
1303848532,Bolu,Merkezİzzet Baysal Mh.,3+1,20000.0
1304175914,Bolu,MerkezTabaklar Mah.,1+1,27000.0
1301257103,Bolu,İhsaniye/GölyüzüAktaş Mh.,1+1,15000.0
1295556419,Bolu,İhsaniye/GölyüzüKaraçayır Mh.,3+1,30000.0
1297302510,Bolu,MerkezTabaklar Mah.,1+1,14000.0
1301078235,Bolu,MerkezBorazanlar Mah.,3+1,25000.0
1301075884,Bolu,MerkezBeşkavaklar Mh.,3+1,15000.0
1303832448,Bolu,MerkezKültür Mh.,2+1,19500.0
1304529740,Bolu,MerkezSümer Mh.,2+1,35000.0
1247252877,Bolu,MerkezKültür Mh.,3+1,35000.0
1303784671,Bolu,İhsaniye/GölyüzüKaraçayır Mh.,1+1,18000.0
1303782251,Bolu,MerkezYaşamkent Mh.,3+1,20000.0
1303770663,Bolu,MerkezBeşkavaklar Mh.,3+1,35000.0
1304269665,Bolu,Merkezİzzet Baysal Mh.,2+1,26500.0
1303771140,Bolu,MerkezOvadüzü Mh.,2+1,11000.0
1301014716,Bolu,MerkezBeşkavaklar Mh.,3+1,40000.0
1295179851,Bolu,MerkezAşağısoku Mh.,2+1,20500.0
1295833778,Bolu,MerkezBorazanlar Mah.,2+1,20000.0
1303709415,Bolu,İhsaniye/GölyüzüAktaş Mh.,1+1,16000.0
1303699843,Bolu,MerkezSümer Mh.,1+1,17500.0
1303689966,Bolu,MerkezPaşaköy Mh.,2+1,26000.0
1297884018,Bolu,MerkezBorazanlar Mah.,3+1,27000.0
1298063802,Bolu,MerkezPaşaköy Mh.,1+1,23500.0
1303668817,Bolu,MerkezAlpağut Mh.,3+1,30000.0
1300917930,Bolu,MerkezBorazanlar Mah.,2+1,20000.0
1300904724,Bolu,Merkezİzzet Baysal Mh.,2+1,19000.0
1295449733,Bolu,MerkezPaşaköy Mh.,2+1,30000.0
1257740321,Bolu,MerkezBahçelievler Mh.,3+1,25000.0
1182274971,Bolu,MerkezKaramanlı Mh.,1+1,13000.0
1303630225,Bolu,İhsaniye/GölyüzüAktaş Mh.,1+1,16500.0
1301053215,Bolu,İhsaniye/GölyüzüKaraçayır Mh.,1+1,33000.0
1303610836,Bolu,İhsaniye/GölyüzüKaraçayır Mh.,1+1,18000.0
1304125594,Bolu,KöylerYukarısoku Mh.,4.5+2,28000.0
1297969225,Bolu,MerkezBorazanlar Mah.,2+1,16000.0
1303572234,Bolu,İhsaniye/GölyüzüÇıkınlar Mh.,3+1,18000.0
1300800903,Bolu,İhsaniye/GölyüzüGölyüzü Mh.,3+1,13000.0
1272602509,Bolu,MerkezSağlık Mh.,3+1,29700.0
1303551850,Bolu,MerkezBeşkavaklar Mh.,2+1,15500.0
1294861523,Bolu,MerkezTabaklar Mah.,1+1,16500.0
1259106153,Bolu,MerkezYaşamkent Mh.,3+1,20000.0
1267190618,Bolu,İhsaniye/GölyüzüKaraçayır Mh.,1+1,25000.0
1267601438,Bolu,MerkezBeşkavaklar Mh.,1+1,28000.0
1289738870,Bolu,MerkezSağlık Mh.,3+1,21000.0
1300779589,Bolu,MerkezKültür Mh.,2+1,25500.0
1303715993,Bolu,İhsaniye/Gölyüzüİhsaniye Mh.,2+1,17000.0
1304200630,Bolu,MerkezBeşkavaklar Mh.,2+1,18000.0
1303516708,Bolu,MerkezSağlık Mh.,5+1,27500.0
1266769031,Bolu,İhsaniye/GölyüzüAktaş Mh.,3+1,16000.0
1303516346,Bolu,MerkezTabaklar Mah.,2+1,15000.0
1272493499,Bolu,MerkezBorazanlar Mah.,1+1,17000.0
1289193721,Bolu,İhsaniye/GölyüzüSemerkant Mah.,2+1,17000.0
1294712337,Bolu,İhsaniye/Gölyüzüİhsaniye Mh.,3+1,18000.0
1303497045,Bolu,MerkezKaramanlı Mh.,1+1,18000.0
1287032085,Bolu,MerkezPaşaköy Mh.,2+1,25000.0
1300729361,Bolu,MerkezKaramanlı Mh.,1+1,18000.0
1294668419,Bolu,MerkezBorazanlar Mah.,1+1,22000.0
1303666715,Bolu,MerkezAlpağut Mh.,4+1,42000.0
1296931792,Bolu,MerkezYaşamkent Mh.,2+1,12000.0
1284142352,Bolu,MerkezBorazanlar Mah.,2+1,18000.0
1303434236,Bolu,MerkezBorazanlar Mah.,3+1,25000.0
1288953536,Bolu,MerkezPaşaköy Mh.,2+1,32500.0
1297985006,Bolu,MerkezKültür Mh.,1+1,16500.0
1297960932,Bolu,MerkezKaramanlı Mh.,2+1,19500.0
1270777061,Bolu,MerkezSağlık Mh.,3+1,15000.0
1303367294,Bolu,Merkezİzzet Baysal Mh.,2+1,16500.0
1289629445,Bolu,MerkezTepecik Mah.,2+1,22000.0
1288787959,Bolu,MerkezBeşkavaklar Mh.,1+1,18000.0
1300808395,Bolu,MerkezKaramanlı Mh.,3+1,28000.0
1300601375,Bolu,MerkezSağlık Mh.,2+1,18000.0
1290918484,Bolu,İhsaniye/GölyüzüAktaş Mh.,3+1,26000.0
1303327755,Bolu,MerkezPaşaköy Mh.,3+1,40000.0
1303330717,Bolu,MerkezBahçelievler Mh.,2+1,16000.0
1302659551,Bolu,MerkezSümer Mh.,2+1,25000.0
1292242764,Bolu,İhsaniye/GölyüzüAktaş Mh.,2+1,24000.0
1295243330,Bolu,MerkezPaşaköy Mh.,4+1,50000.0
1292745035,Bolu,KöylerYukarısoku Mh.,5+2,90000.0
1303302162,Bolu,MerkezAlpağutbey Mh.,3+1,35000.0
1296366074,Bolu,KöylerKılıçarslan Mh.,3+1,37000.0
1303283547,Bolu,İhsaniye/GölyüzüGölyüzü Mh.,2+1,16000.0
1303278048,Bolu,MerkezTabaklar Mah.,1+1,25000.0
1000631039,Bolu,MerkezKaramanlı Mh.,3+1,8000.0
1303266397,Bolu,MerkezAlpağut Mh.,1+1,20000.0
1296110693,Bolu,MerkezTabaklar Mah.,2+1,25000.0
1303248563,Bolu,MerkezKaramanlı Mh.,3+1,16500.0
1235756614,Bolu,MerkezSümer Mh.,2+1,26000.0
1303238342,Bolu,MerkezAlpağutbey Mh.,2+1,25000.0
1303229820,Bolu,MerkezKaramanlı Mh.,2+1,17000.0
1291917168,Bolu,MerkezTabaklar Mah.,1+1,35000.0
1300576294,Bolu,MerkezTabaklar Mah.,1+1,27000.0
1273919057,Bolu,MerkezTabaklar Mah.,2+1,18000.0
1205882277,Bolu,Merkezİzzet Baysal Mh.,3+1,19000.0
1289176065,Bolu,MerkezTabaklar Mah.,1+1,14000.0
1296727782,Bolu,MerkezTabaklar Mah.,1+1,18500.0
1300380578,Bolu,MerkezAşağısoku Mh.,2+1,27000.0
1297537272,Bolu,MerkezTabaklar Mah.,4+1,21000.0
1297529530,Bolu,MerkezKaramanlı Mh.,2+1,17500.0
1303306005,Bolu,MerkezBahçelievler Mh.,1+1,15000.0
1303083772,Bolu,İhsaniye/Gölyüzüİhsaniye Mh.,2+1,21000.0
1279966854,Bolu,İhsaniye/GölyüzüGölyüzü Mh.,2+1,11750.0
1296358032,Bolu,KöylerKılıçarslan Mh.,3+1,39000.0
1291895572,Bolu,MerkezBahçelievler Mh.,1+1,16000.0
1303050002,Bolu,KöylerSalıbeyler Mh.,,120000.0
1296452281,Bolu,İhsaniye/GölyüzüAktaş Mh.,2+1,20000.0
1301277217,Bolu,MerkezSümer Mh.,2+1,35000.0
1304184558,Bolu,MerkezAlpağut Mh.,5+2,59000.0
1304179895,Bolu,MerkezBorazanlar Mah.,2+1,35000.0
1291555936,Bolu,MerkezTabaklar Mah.,2+1,15000.0
1297406877,Bolu,MerkezKaramanlı Mh.,4+1,18500.0
1303063544,Bolu,MerkezSağlık Mh.,2+1,18000.0
1303252992,Bolu,MerkezTabaklar Mah.,2+1,15000.0
1297232150,Bolu,MerkezSümer Mh.,1+1,15000.0
1291685094,Bolu,MerkezSümer Mh.,2+1,21000.0
1289254525,Bolu,KöylerKılıçarslan Mh.,6+1,35000.0
1297385275,Bolu,İhsaniye/GölyüzüKaraçayır Mh.,3+1,22000.0
1302960620,Bolu,MerkezSümer Mh.,2+1,18000.0
1302951709,Bolu,MerkezSağlık Mh.,2+1,18500.0
1130275639,Bolu,MerkezBeşkavaklar Mh.,1+1,28000.0
1303331867,Bolu,MerkezBeşkavaklar Mh.,2+1,23000.0
1173568350,Bolu,KöylerSalıbeyler Mh.,2+1,20000.0
1301638080,Bolu,MerkezTabaklar Mah.,1+1,12500.0
1303116755,Bolu,MerkezBorazanlar Mah.,1+1,18000.0
1302919644,Bolu,MerkezTabaklar Mah.,Stüdyo (1+0),16000.0
1289177675,Bolu,MerkezAlpağut Mh.,2+1,25000.0
1300199312,Bolu,MerkezSümer Mh.,3+1,16000.0
1302797825,Bolu,MerkezPaşaköy Mh.,2+1,32500.0
1300528018,Bolu,MerkezTabaklar Mah.,1+1,12000.0
1285466303,Bolu,MerkezBorazanlar Mah.,3+1,21000.0
1290886803,Bolu,MerkezBorazanlar Mah.,1+1,15000.0
1302892507,Bolu,MerkezAlpağut Mh.,2+1,27000.0
1280566106,Bolu,Merkezİzzet Baysal Mh.,2+1,17500.0
1300493685,Bolu,İhsaniye/GölyüzüKöroğlu Mh.,2+1,17500.0
1297305426,Bolu,MerkezSümer Mh.,2+1,17000.0
1294078126,Bolu,MerkezBorazanlar Mah.,1+1,25000.0
1283057816,Bolu,MerkezTabaklar Mah.,3+1,25000.0
1302856461,Bolu,MerkezSağlık Mh.,2+1,18000.0
1286790999,Bolu,Merkezİzzet Baysal Mh.,2+1,25000.0
1256050170,Bolu,İhsaniye/GölyüzüKaraçayır Mh.,3+1,26000.0
1107189552,Bolu,MerkezBorazanlar Mah.,2+1,20000.0
1302843928,Bolu,İhsaniye/Gölyüzüİhsaniye Mh.,2+1,12500.0
1303585519,Bolu,MerkezSağlık Mh.,3+1,20000.0
1246759668,Bolu,MerkezSağlık Mh.,2+1,16500.0
1302821459,Bolu,MerkezKültür Mh.,2+1,28000.0
1302805824,Bolu,İhsaniye/GölyüzüKöroğlu Mh.,2+1,12000.0
1297084344,Bolu,İhsaniye/GölyüzüAktaş Mh.,2+1,23000.0
1300058297,Bolu,MerkezBorazanlar Mah.,1+1,15000.0
1294309386,Bolu,MerkezAlpağut Mh.,2+1,32500.0
1303113989,Bolu,MerkezBorazanlar Mah.,1+1,15000.0
1302769372,Bolu,İhsaniye/GölyüzüKaraçayır Mh.,2+1,18000.0
1302768823,Bolu,MerkezPaşaköy Mh.,1+1,38500.0
846760889,Bolu,MerkezBorazanlar Mah.,1+1,17000.0
1302918290,Bolu,MerkezTabaklar Mah.,1+1,18000.0
1302755991,Bolu,İhsaniye/GölyüzüSemerkant Mah.,2+1,17000.0
1302754878,Bolu,İhsaniye/GölyüzüAktaş Mh.,1+1,15500.0
1300185595,Bolu,MerkezSağlık Mh.,4+1,40000.0
1279924116,Bolu,MerkezTabaklar Mah.,2+1,14000.0
1296937805,Bolu,MerkezKaramanlı Mh.,1+1,11000.0
1303827200,Bolu,MerkezSümer Mh.,2+1,9000.0
1302711585,Bolu,MerkezBeşkavaklar Mh.,3+1,20000.0
1288969170,Bolu,MerkezSümer Mh.,1+1,16000.0
1285113229,Bolu,İhsaniye/GölyüzüKaraçayır Mh.,2+1,17000.0
1281404928,Bolu,MerkezBeşkavaklar Mh.,2+1,18000.0
1249101028,Bolu,MerkezTabaklar Mah.,3+1,16000.0
1302631697,Bolu,MerkezKültür Mh.,3+1,24000.0
1296614513,Bolu,İhsaniye/GölyüzüAktaş Mh.,3+1,18508.0
1302786123,Bolu,MerkezSağlık Mh.,2+1,19000.0
1294324971,Bolu,MerkezSağlık Mh.,3+1,18500.0
1297121935,Bolu,MerkezBorazanlar Mah.,1+1,20000.0
1296870861,Bolu,MerkezBahçelievler Mh.,2+1,15500.0
1295541584,Bolu,MerkezTabaklar Mah.,1+1,19000.0
1302546376,Bolu,MerkezBorazanlar Mah.,3+1,18000.0
1301064073,Bolu,MerkezSümer Mh.,2+1,32500.0
1284741604,Bolu,İhsaniye/GölyüzüAktaş Mh.,2+1,20000.0
1245254936,Bolu,MerkezSümer Mh.,1+1,14000.0
1300109189,Bolu,MerkezSağlık Mh.,2+1,19500.0
1302418976,Bolu,MerkezKaramanlı Mh.,2+1,15000.0
1190897038,Bolu,MerkezSağlık Mh.,2+1,21000.0
1237089934,Bolu,İhsaniye/GölyüzüAktaş Mh.,1+1,17500.0
1257002171,Bolu,MerkezBorazanlar Mah.,1+1,17500.0
1302257987,Bolu,MerkezBeşkavaklar Mh.,3+1,17000.0
1283786419,Bolu,MerkezBüyükcami Mh.,3+1,37500.0
1302579193,Bolu,İhsaniye/GölyüzüKaraçayır Mh.,1+1,13000.0
1296305433,Bolu,İhsaniye/GölyüzüAktaş Mh.,3+1,20000.0
1302747537,Bolu,İhsaniye/GölyüzüAktaş Mh.,2+1,20000.0
1302177631,Bolu,MerkezSağlık Mh.,1+1,12000.0
1146190431,Bolu,MerkezKaramanlı Mh.,1+1,13950.0
1272525645,Bolu,İhsaniye/Gölyüzüİhsaniye Mh.,3+1,20000.0
1302131473,Bolu,İhsaniye/GölyüzüGölyüzü Mh.,3+1,15000.0
1250182258,Bolu,MerkezAlpağut Mh.,3+1,30000.0
1302073243,Bolu,MerkezBorazanlar Mah.,2+1,17000.0
1302064277,Bolu,MerkezSümer Mh.,3+1,39500.0
1302052483,Bolu,MerkezBeşkavaklar Mh.,1+1,22000.0
1302034906,Bolu,MerkezKültür Mh.,1+1,20000.0
1302001778,Bolu,MerkezYaşamkent Mh.,3+1,18000.0
1300743138,Bolu,MerkezSümer Mh.,2+1,34999.0
1241939710,Bolu,MerkezBahçelievler Mh.,2+1,15000.0
1078648223,Bolu,MerkezBahçelievler Mh.,1+1,7500.0
1169277142,Bolu,MerkezKültür Mh.,1+1,11000.0
1294879603,Bolu,MerkezBorazanlar Mah.,2+1,18500.0
1301781884,Bolu,İhsaniye/GölyüzüAkpınar Mh.,4+1,16000.0
1301787048,Bolu,MerkezSağlık Mh.,2+1,18000.0
1296123947,Bolu,MerkezSümer Mh.,1+1,20000.0
1301967621,Bolu,MerkezBorazanlar Mah.,2+1,22000.0
1290634737,Bolu,MerkezKültür Mh.,3+1,35000.0
1301749545,Bolu,MerkezKaramanlı Mh.,2+1,16500.0
1301744153,Bolu,İhsaniye/GölyüzüSemerkant Mah.,1+1,16500.0
1301742720,Bolu,MerkezBorazanlar Mah.,1+1,20000.0
1284079004,Bolu,MerkezBahçelievler Mh.,3+1,18000.0
1301903076,Bolu,MerkezKültür Mh.,1+1,18750.0
1301668735,Bolu,İhsaniye/GölyüzüAktaş Mh.,1+1,15500.0
1301603033,Bolu,MerkezBorazanlar Mah.,1+1,22650.0
1290443330,Bolu,MerkezSümer Mh.,3+1,18750.0
1301528850,Bolu,Merkezİzzet Baysal Mh.,3+1,26000.0
1295819797,Bolu,KöylerÇakmaklar Mh.,2+1,21500.0
1301232567,Bolu,İhsaniye/GölyüzüÇıkınlar Mh.,1+1,15000.0
1301486242,Bolu,MerkezBorazanlar Mah.,3+1,28500.0
1282554446,Bolu,KöylerKılıçarslan Mh.,3+1,33000.0
1292841646,Bolu,MerkezBeşkavaklar Mh.,3+1,13000.0
1301448380,Bolu,Merkezİzzet Baysal Mh.,3+1,21000.0
1303057977,Bolu,MerkezSümer Mh.,2+1,34000.0
1289480831,Bolu,MerkezSağlık Mh.,2+1,19000.0
1301434219,Bolu,MerkezTabaklar Mah.,1+1,22000.0
1301428648,Bolu,MerkezBorazanlar Mah.,2+1,25000.0
1290263620,Bolu,MerkezAşağısoku Mh.,2+1,18000.0
1290120103,Bolu,KöylerKürkçüler Mh.,3+1,28750.0
1301486783,Bolu,MerkezBorazanlar Mah.,1+1,13500.0
1248689356,Bolu,MerkezBeşkavaklar Mh.,3+1,19000.0
1195023917,Bolu,MerkezKültür Mh.,2+1,22000.0
1301282679,Bolu,MerkezDağkent Mh.,3+1,20000.0
1301270608,Bolu,MerkezAlpağut Mh.,3+1,30000.0
1301250602,Bolu,MerkezKültür Mh.,1+1,15000.0
1301240154,Bolu,MerkezSağlık Mh.,1+1,20000.0
1301231661,Bolu,MerkezSağlık Mh.,3+1,23000.0
1183247607,Bolu,MerkezTabaklar Mah.,1+1,17500.0
1290070159,Bolu,MerkezYaşamkent Mh.,3+1,20000.0
1300053715,Bolu,MerkezSağlık Mh.,2+1,25000.0
1284709442,Bolu,MerkezSümer Mh.,2+1,16500.0
1301098961,Bolu,MerkezSağlık Mh.,2+1,18500.0
1301430861,Bolu,MerkezAlpağut Mh.,2+1,25000.0
1301186302,Bolu,İhsaniye/GölyüzüKaraçayır Mh.,2+1,16000.0
1300995131,Bolu,İhsaniye/GölyüzüAktaş Mh.,1+1,16000.0
1301157771,Bolu,MerkezBorazanlar Mah.,1+1,14200.0
1300962575,Bolu,İhsaniye/GölyüzüAktaş Mh.,1+1,23500.0
1301307668,Bolu,İhsaniye/GölyüzüKaraçayır Mh.,1+1,15000.0
1300931133,Bolu,İhsaniye/GölyüzüAktaş Mh.,2+1,25000.0
1271335589,Bolu,MerkezBorazanlar Mah.,1+1,25000.0
1295556733,Bolu,MerkezTabaklar Mah.,Stüdyo (1+0),15000.0
1246207363,Bolu,MerkezSümer Mh.,1+1,17000.0
1300897699,Bolu,MerkezBorazanlar Mah.,5+1,35000.0
846753745,Bolu,KöylerKılıçarslan Mh.,3+1,17000.0
1264883229,Bolu,MerkezKültür Mh.,3+1,23000.0
1225484134,Bolu,KöylerKılıçarslan Mh.,2+1,24000.0
1240142564,Bolu,MerkezKaramanlı Mh.,Stüdyo (1+0),14000.0
1289696382,Bolu,MerkezBorazanlar Mah.,2+1,18000.0
1295010439,Bolu,MerkezBeşkavaklar Mh.,3+1,18000.0
1293220313,Bolu,MerkezTepecik Mah.,3+1,19000.0
1254965873,Bolu,MerkezTabaklar Mah.,4+1,25000.0
1300694915,Bolu,MerkezPaşaköy Mh.,1+1,30000.0
1288914276,Bolu,KöylerKılıçarslan Mh.,3+1,35000.0
1300632738,Bolu,İhsaniye/GölyüzüKaraçayır Mh.,3+1,11000.0
1294906046,Bolu,MerkezBorazanlar Mah.,2+1,18500.0
1130267137,Bolu,MerkezBeşkavaklar Mh.,1+1,28000.0
1300549663,Bolu,MerkezTabaklar Mah.,2+1,25000.0
1301130736,Bolu,MerkezTabaklar Mah.,1+1,20000.0
1293537494,Bolu,İhsaniye/GölyüzüSemerkant Mah.,1+1,20000.0
1108077568,Bolu,MerkezBeşkavaklar Mh.,1+1,16500.0
1300505356,Bolu,MerkezSağlık Mh.,2+1,13500.0
1300897178,Bolu,MerkezBorazanlar Mah.,3+1,28000.0
1300488816,Bolu,İhsaniye/GölyüzüGölyüzü Mh.,2+1,18000.0
1294118186,Bolu,İhsaniye/GölyüzüGölyüzü Mh.,2+1,15500.0
1294084957,Bolu,MerkezSağlık Mh.,3+1,22000.0
1300562091,Bolu,İhsaniye/Gölyüzüİhsaniye Mh.,3+1,17000.0
1294501359,Bolu,MerkezBahçelievler Mh.,1+1,20000.0
1300347260,Bolu,MerkezOvadüzü Mh.,2+1,12000.0
1289709546,Bolu,MerkezPaşaköy Mh.,2+1,31500.0
1300527208,Bolu,İhsaniye/GölyüzüGölyüzü Mh.,3+1,19000.0
1288642226,Bolu,MerkezSümer Mh.,1+1,13000.0
1303042691,Bolu,MerkezSümer Mh.,2+1,8500.0
1144114303,Bolu,KöylerKılıçarslan Mh.,5+1,42500.0
1300232989,Bolu,KöylerSalıbeyler Mh.,6+1,90000.0
1300222196,Bolu,MerkezSağlık Mh.,2+1,12000.0
1294272303,Bolu,MerkezAlpağutbey Mh.,2+1,21000.0
1300558883,Bolu,İhsaniye/Gölyüzüİhsaniye Mh.,3+1,18000.0
1300188148,Bolu,İhsaniye/GölyüzüAktaş Mh.,2+1,24000.0
1299729813,Bolu,MerkezTabaklar Mah.,1+1,13000.0
1291467975,Bolu,MerkezSümer Mh.,3+1,25000.0
846830012,Bolu,MerkezSağlık Mh.,2+1,27500.0
1300126333,Bolu,MerkezSağlık Mh.,2+1,14000.0
1300045299,Bolu,İhsaniye/Gölyüzüİhsaniye Mh.,Stüdyo (1+0),14000.0
1300040393,Bolu,Merkezİzzet Baysal Mh.,5+1,27500.0
1264529494,Bolu,MerkezBorazanlar Mah.,3+1,24000.0
1289134808,Bolu,İhsaniye/GölyüzüAktaş Mh.,3+1,20000.0
1300070739,Bolu,İhsaniye/GölyüzüAktaş Mh.,2+1,18500.0
1254268990,Bolu,İhsaniye/GölyüzüKaraçayır Mh.,2+1,25500.0
1297959697,Bolu,MerkezSağlık Mh.,2+1,21000.0
1294408926,Bolu,KöylerKürkçüler Mh.,3+1,21000.0
1291090751,Bolu,MerkezBorazanlar Mah.,1+1,14500.0
1301319439,Bolu,KöylerKılıçarslan Mh.,5+1,40000.0
1289061983,Bolu,MerkezYaşamkent Mh.,3+1,22000.0
1302894779,Bolu,MerkezTepecik Mah.,3+1,55000.0
1285929404,Bolu,KöylerYukarısoku Mh.,4+2,27500.0
1305397271,Bolu,KöylerYukarısoku Mh.,4+2,27500.0
1303295727,Bolu,MerkezKaramanlı Mh.,1+1,17500.0
1297612348,Bolu,MerkezBeşkavaklar Mh.,2+1,24000.0
1299638692,Bolu,Merkezİhsaniye/Gölyüzü,2+1,16500.0
1303516708,Bolu,Merkez,5+1,27500.0
1305334040,Bolu,MudurnuKöyler,1+1,18000.0
1289629445,Bolu,Merkez,2+1,22000.0
1300743138,Bolu,Merkez,2+1,34999.0
1302219623,Bolu,Merkez,2+1,12000.0
1257002171,Bolu,Merkez,1+1,17500.0
1302821459,Bolu,Merkez,2+1,28000.0
1294118186,Bolu,Merkezİhsaniye/Gölyüzü,2+1,15500.0
1295629237,Bolu,Merkezİhsaniye/Gölyüzü,3+1,27000.0
1305381195,Bolu,GeredeDayıoğlu Mh.,1+1,16500.0
1299825020,Bolu,GeredeYeni Mah.,2+0,15000.0
846733224,Bolu,GeredeDayıoğlu Mh.,3+1,13500.0
1299041866,Bolu,GeredeSeviller Mah.,2+0,17500.0
1293056960,Bolu,GeredeDayıoğlu Mh.,2+0,20000.0
1290213174,Bolu,GeredeDemirciler Mah.,3+1,34000.0
1271189126,Bolu,GeredeKitirler Mah.,3+1,14500.0
1303511483,Bolu,GeredeYeni Mah.,3+1,22500.0
1275815347,Bolu,GeredeDayıoğlu Mh.,1+1,15000.0
1253222522,Bolu,GeredeKitirler Mah.,3+1,19000.0
1303893015,Bolu,GeredeDayıoğlu Mh.,3+1,13500.0
1298176499,Bolu,GeredeSeviller Mah.,1+1,17500.0
1069138754,Bolu,GeredeDayıoğlu Mh.,1+1,14000.0
1289803717,Bolu,GeredeYeni Mah.,2+1,12000.0
1260784161,Bolu,GeredeSeviller Mah.,3+1,14000.0
1256551562,Bolu,GeredeSeviller Mah.,3+1,16000.0
1293906702,Bolu,GeredeDayıoğlu Mh.,3+1,22000.0
1302913020,Bolu,GeredeDayıoğlu Mh.,1+1,17000.0
1285820426,Bolu,GeredeSeviller Mah.,3+1,17000.0
1173703867,Bolu,GeredeDayıoğlu Mh.,1+1,16000.0
1302447032,Bolu,GeredeOrta Mah.,3+1,19000.0
1104507104,Bolu,GeredeDayıoğlu Mh.,1+1,15000.0
1292219001,Bolu,GeredeSeviller Mah.,2+1,19000.0
1300496183,Bolu,GeredeKitirler Mah.,3+1,21000.0
1245703411,Bolu,GeredeYeni Mah.,2+1,10000.0
1298161683,Bolu,GeredeDayıoğlu Mh.,1+1,18500.0
1300576294,Bolu,Merkez,1+1,27000.0
1284533305,Bolu,Merkez,2+1,17500.0
1294712337,Bolu,Merkezİhsaniye/Gölyüzü,3+1,18000.0
1303771140,Bolu,Merkez,2+1,11000.0
1302747537,Bolu,Merkezİhsaniye/Gölyüzü,2+1,20000.0
1294078126,Bolu,Merkez,1+1,25000.0
1303367294,Bolu,Merkez,2+1,16500.0
1294084957,Bolu,Merkez,3+1,22000.0
1297965674,Bolu,Merkez,4+1,20000.0
1304055419,Bolu,Merkez,3+1,25000.0
1303083772,Bolu,Merkezİhsaniye/Gölyüzü,2+1,21000.0
1302843928,Bolu,Merkezİhsaniye/Gölyüzü,2+1,12500.0
1292745035,Bolu,MerkezKöyler,5+2,90000.0
1302919644,Bolu,Merkez,Stüdyo (1+0),16000.0
1299825020,Bolu,Gerede,2+0,15000.0
1295064617,Bolu,Merkezİhsaniye/Gölyüzü,3+1,14500.0
1192454290,Bolu,Merkez,1+1,20000.0
1303911268,Bolu,Merkez,1+1,15000.0
1290886803,Bolu,Merkez,1+1,15000.0
1304812540,Bolu,Merkezİhsaniye/Gölyüzü,2+1,35000.0
1210376047,Bolu,MengenTürkbeyli Mh.,3+1,15000.0
1290518235,Bolu,MengenTabaklar Yazıyaka Mh.,1+1,11000.0
1292471747,Bolu,MengenKarapınar Mh.,1+1,20000.0
1305457607,Bolu,KöylerTaşkesti Bld.,3+1,23000.0
1305334040,Bolu,KöylerTaşkesti Bld.,1+1,18000.0
1230301320,Bolu,KöylerTaşkesti Bld.,1+1,18000.0
1298939120,Bolu,MudurnuKaygana Mah.,2+1,17000.0
1155517344,Bolu,KöylerTaşkesti Bld.,3+1,3750.0
1230304884,Bolu,KöylerTaşkesti Bld.,1+1,17000.0
1303867039,Bolu,KöylerTaşkesti Bld.,1+1,18000.0
1237216582,Bolu,KöylerTaşkesti Bld.,1+1,18000.0
1303857656,Bolu,KöylerTaşkesti Bld.,1+1,22000.0
846787199,Bolu,KöylerTaşkesti Bld.,2+1,17000.0
1298184536,Bolu,KöylerTaşkesti Bld.,2+1,19000.0
1303041100,Bolu,MudurnuKaygana Mah.,2+1,17500.0
1220297529,Bolu,KöylerTaşkesti Bld.,1+1,20000.0
1290812434,Bolu,MudurnuMusalla Mah.,3+1,15000.0
1294999550,Bolu,MudurnuKaygana Mah.,3+1,20000.0
1304964587,Bolu,Merkezİhsaniye/Gölyüzü,2+1,23500.0
1305000796,Bolu,Merkezİhsaniye/Gölyüzü,2+1,14000.0
1298161683,Bolu,Gerede,1+1,18500.0
1302295552,Bolu,MerkezKöyler,3+1,35000.0
1296532439,Bolu,Merkez,2+1,35000.0
1304919002,Bolu,Merkez,2+1,25000.0
1295807786,Bolu,Merkez,2+1,35000.0
1291090751,Bolu,Merkez,1+1,14500.0
1164982450,Bolu,Merkez,1+1,18000.0
1302754878,Bolu,Merkezİhsaniye/Gölyüzü,1+1,15500.0
1269672012,Bolu,YeniçağaAsil Bey Mah.,3.5+1,10000.0
1304468007,Bolu,YeniçağaAsil Bey Mah.,3+1,27000.0
1279313252,Bolu,YeniçağaAsil Bey Mah.,3+1,12500.0
1299882981,Bolu,YeniçağaAsil Bey Mah.,3+1,15000.0
