name,subcategory,price
Bepanthol Bebek Pişik Kremi 100 ml+ 50 ml Avantaj Paketi,Anne & Bebek Bakım,442.8
Dalin Bebek Sabunu 100 g,Anne & Bebek Bakım,36.9
Dalin Pişik Önleyici Krem 100 ml,Anne & Bebek Bakım,141.45
Dalin Vazelin Avokado Yağlı 100 ml,Anne & Bebek Bakım,120.54
Johnsons Bebek Vazelini Parfümlü,Anne & Bebek Bakım,102.09
Johnsons Bebek Vazelini Parfümsüz 100 ml,Anne & Bebek Bakım,102.09
My Little Sudocrem Cilt Bakım Kremi 22 gr,Anne & Bebek Bakım,83.64
Lapitak Ayak Bakım Kremi 60 ml,Ayak Bakım,158.67
Lapitak El Bakım Kremi 60 ml,Ayak Bakım,141.45
Lapitak Topuk Çatlat Kremi 60 ml,Ayak Bakım,158.67
Essweet 25 Metre Rulo Ağda Bezi,Ağda,33.21
Essweet 50 Metre Rulo Ağda Bezi,Ağda,60.27
Roll-on Sir Ağda Azulen,Ağda,43.05
Roll-on Sir Ağda Naturel,Ağda,43.05
Roll-on Sir Ağda Pudralı,Ağda,43.05
Sesu Ilık Ağda,Ağda,83.64
Vi-Vet Classical Wax El Ağdası 250 g,Ağda,47.97
Vi-Vet Granül Sir Ağda Azulen 250 g,Ağda,88.56
Vi-Vet Granül Sir Ağda Natürel 250 g,Ağda,88.56
Vi-Vet Granül Sir Ağda Pudralı 250 g,Ağda,88.56
Vi-Vet Granül Sir Ağda Siyah 250 g,Ağda,88.56
Vi-Vet Sir Ağda Azulen 240 ml,Ağda,88.56
Vi-Vet Sir Ağda Natürel 240 ml,Ağda,88.56
Vi-Vet Soğuk Ağda 250 g,Ağda,47.97
Essweet Ağda Bezi 10 Mt,Ağda Bantları,20.3
Sesu Sir Ağda Bandı Tüm Vücut Hassas Ciltler,Ağda Bantları,141.45
Vi-Vet 41'Lİ Sir Ağda Bant Seti Azulen,Ağda Bantları,54.12
Vi-Vet 41'Lİ Sir Ağda Bant Seti Portakal,Ağda Bantları,54.12
Vi-Vet Yüz Sir Ağda Bant Seti Azulen,Ağda Bantları,43.05
Vi-Vet Yüz Sir Ağda Bant Seti Portakal,Ağda Bantları,43.05
Beyazlatıcı Etkili Beyaz Kil Maskesi 2x7.5 ml,CİLT BAKIM&KOZMETİK,24.6
Blade Green Dream Forest & Tree 48 Saat Erkek Roll-on Deodorant 50 ml,CİLT BAKIM&KOZMETİK,86.1
Blade Marine Fresh Ocean Fresh 48 Saat Erkek Roll-on Deodorant 50 ml,CİLT BAKIM&KOZMETİK,86.1
Blade Mountain Fresh Ocean Fresh 48 Saat Erkek Roll-on Deodorant 50 ml,CİLT BAKIM&KOZMETİK,86.1
Blade Self Confidence 48 Saat Erkek Roll-on Deodorant 50 ml,CİLT BAKIM&KOZMETİK,86.1
Dermokil El Maskesi - Kil & Kenevir Tohumu Yağı İle Yoğun Bakım - 35 ml,CİLT BAKIM&KOZMETİK,53.3
Dermokil Onarıcı Kağıt El Maskesi 30 ml,CİLT BAKIM&KOZMETİK,53.3
Dermokil Yeşil Kil Maskesi Peeling Etkili 2x7.5 ml,CİLT BAKIM&KOZMETİK,24.6
Emotiıon Deo Roll-on Ocean Fresh 50 ml,CİLT BAKIM&KOZMETİK,86.1
Gillete Venüs Deluxe Smoth Swirl 2 Li Yedek Başlıklı,CİLT BAKIM&KOZMETİK,467.4
Jagler Roll-on Classic,CİLT BAKIM&KOZMETİK,57.81
Jeunesse 3 in1 Maske 150ml,CİLT BAKIM&KOZMETİK,50.22
Jeunesse Coffee Scrub Kahveli Peeling Maske 150 ml,CİLT BAKIM&KOZMETİK,50.22
Jeunesse Deep Repair Hair Mask Keratin&argan 30 gr Yüz Maskesi,CİLT BAKIM&KOZMETİK,13.67
Jeunesse Soyulabilir Collagen Maske 150 ml,CİLT BAKIM&KOZMETİK,57.81
Jeunesse Soyulabilir Collagen Maske Çilek & Süt Özlü 150 ml,CİLT BAKIM&KOZMETİK,48.18
Kaş Maskarası Açık Kahve,CİLT BAKIM&KOZMETİK,45.1
Kotex Ultra Uzun Hijyenik Ped 7'li Paket,CİLT BAKIM&KOZMETİK,28.29
Kusursuzlaştırıcı Makyaj Altı Bazı 50 ml,CİLT BAKIM&KOZMETİK,42.03
"Leke Karşıtı Aydınlatıcı Maske 2 x 7,5 ml",CİLT BAKIM&KOZMETİK,24.6
Neutrogena Yüz Temizleme Jeli Arındırıcı,CİLT BAKIM&KOZMETİK,166.05
New Well Makeover Makyaj Sabitleyici Sprey 50 ml,CİLT BAKIM&KOZMETİK,41.0
New Well Prebiotic Cream,CİLT BAKIM&KOZMETİK,332.72
New Well Saç Besleyici Argan Yağı,CİLT BAKIM&KOZMETİK,374.85
Nivea Fine Fragrence 72 Saat İnci Özleri Kadın Roll-on Deodorant 50 ml,CİLT BAKIM&KOZMETİK,103.32
Nivea Fresh Orange 72 Saat İnci Özleri Kadın Roll-on Deodorant 50 ml,CİLT BAKIM&KOZMETİK,103.32
Nivea Powder Touch 72 Saat İnci Özleri Kadın Roll-on Deodorant 50 ml,CİLT BAKIM&KOZMETİK,103.32
Nivea Pure 72 Saat İnci Özleri Kadın Roll-on Deodorant 50 ml,CİLT BAKIM&KOZMETİK,103.32
Nivea Roll-on 25ML+25ML Avantaj Paket Fresh Natural,CİLT BAKIM&KOZMETİK,101.48
Nivea Roll-on Man 25ML+25ML Avantaj Paket Fresh Active,CİLT BAKIM&KOZMETİK,101.48
Nivea Roll-on Man 25ML+25ML Avantaj Paket Original,CİLT BAKIM&KOZMETİK,101.48
Nivea İpeksi Pürüzsüzlük 72 Saat İnci Özleri Kadın Roll-on Deodorant 50 ml,CİLT BAKIM&KOZMETİK,103.32
Orkid Ultra Gündüz Hijyenik Ped Boy 2 (Uzun) 7'li Paket,CİLT BAKIM&KOZMETİK,44.28
Rexona Invısıble 72 Saat Vücut Isısıyla Aktif Kadın Roll-on Deodorant 50 ml,CİLT BAKIM&KOZMETİK,104.55
Rexona Thermocool 72 Saat Vücut Isısıyla Aktif Kadın Roll-on Deodorant 50 ml,CİLT BAKIM&KOZMETİK,104.55
Siyah Nokta Karşıtı Akjenik Kil Maske 2 x 7.5 ml,CİLT BAKIM&KOZMETİK,24.6
Zeytin Özlü Arındırıcı Peeling Jel - 125 ml,CİLT BAKIM&KOZMETİK,61.5
Colgate Premier Diş Fırçası,Diş Fırçası,24.6
Difaş Katlanabilir Dış Fırçası,Diş Fırçası,20.91
Diş Fırçalık Kabı Asorti,Diş Fırçası,18.45
Pasta del Capitano Family Diş Fırçası,Diş Fırçası,49.2
Signal Ergonomik Diş Fırçası – 2’li Set,Diş Fırçası,66.42
Vepa Smoker Diş Fırçası,Diş Fırçası,35.67
Colgate Barbie Lisanslı Çocuk Diş Fırçası ve Diş Macunu Seti,Diş Macunu,132.84
Colgate Batman Lisanslı Çocuk Diş Fırçası ve Diş Macunu Seti,Diş Macunu,132.84
Colgate Diş Macunu Misvak Özü 75 ml,Diş Macunu,54.12
Colgate Dr. Rabbit Bubblegum 50ml Çocuk Diş Macunu,Diş Macunu,67.65
Colgate Dr. Rabbit Strawberry 50ml Çocuk Diş Macunu,Diş Macunu,67.65
Colgate Max White Lasting White Diş Macunu 125 ml,Diş Macunu,116.85
Colgate Üçlü Etki Diş Macunu 50 ml,Diş Macunu,24.48
Eyüp Sabri Doğal Hindistan Cevizi Özlü Diş Macunu 90 ml,Diş Macunu,110.7
Eyüp Sabri Doğal Karanfil Özlü Diş Macunu 90 ml,Diş Macunu,110.7
Eyüp Sabri Doğal Misvak Özlü Diş Macunu 90 ml,Diş Macunu,110.7
Eyüp Sabri Doğal Nane Özlü Diş Macunu 90 ml,Diş Macunu,110.7
Eyüp Sabri Doğal Zencefil Özlü Diş Macunu 90 ml,Diş Macunu,110.7
Eyüp Sabri Tuncer Doğal Bambu Karbonlu Diş Macunu 90 ml,Diş Macunu,121.77
Eyüp Sabri Tuncer Doğal Çocuk Karadut Özlü Diş Macunu 60 ml,Diş Macunu,95.94
Sensodyne Diş Macunu Ferah Nefes 100 ml,Diş Macunu,154.98
Sensodyne Diş Macunu Florürlü 100 ml,Diş Macunu,154.98
Sensodyne Diş Macunu Naneli 100 ml,Diş Macunu,154.98
Bote Essential Dudak Koruyucu Lip Balm,Dudak Kremi,46.74
Bote Kiraz Dudak Koruyucu Lip Balm,Dudak Kremi,46.74
Bote Strawberry Dudak Koruyucu Lip Balm,Dudak Kremi,46.74
Nivea Dudak Bakım Kremi Blackberry,Dudak Kremi,132.84
Nivea Dudak Bakım Kremi Cherry,Dudak Kremi,132.84
Nivea Dudak Bakım Kremi Med Repair,Dudak Kremi,132.84
Nivea Dudak Bakım Kremi Strawberry,Dudak Kremi,132.84
Golden Rose Emily Waterproof Dudak Kalemi NO:203,Dudak Makyajı,41.0
Işıltılı ve Islak Bitişli Nemlendirici Dudak Parlatıcısı 06,Dudak Makyajı,41.51
Superstay Matte Likit Mat Ruj 01,Dudak Makyajı,25.62
Superstay Matte Likit Mat Ruj 05,Dudak Makyajı,25.62
Yoğun Pigmentli ve Uzun Süre Kalıcı Likit Mat Ruj 02,Dudak Makyajı,27.27
Yoğun Pigmentli ve Uzun Süre Kalıcı Likit Mat Ruj 04,Dudak Makyajı,27.27
Yoğun Pigmentli ve Uzun Süre Kalıcı Likit Mat Ruj 05,Dudak Makyajı,27.27
Arko Nem Besleyici Zeytinyağı Bakım Kremi 250 ml,El Kremi,87.08
Arko Nem Classic Bakım Kremi 250 ml,El Kremi,87.08
Arko Nem Soft Touch Hızlı Emilen Bakım Kremi 60 ml,El Kremi,61.5
Bebak Acı Badem Kremi 30 ml,El Kremi,82.41
Bebak Acı Badem Kremi 70 ml,El Kremi,147.6
Bebak Acı Badem Tüp Kremi 30 ml,El Kremi,60.27
Cire Aseptine Avokado El Ve Vücut Kremi 30 ml,El Kremi,16.4
Cire Aseptine Hindistan Cevizi El Ve Vücut Kremi 30 ml,El Kremi,16.4
Cire Aseptine Klasik Vazelin 90 ml,El Kremi,27.06
Cire Aseptine Papatya El Ve Vücut Kremi 30 ml,El Kremi,16.4
Cire Aseptine Pure Vazelin 90 ml,El Kremi,27.06
Cire Aseptine Zeytinyağı El Ve Vücut Kremi 30 ml,El Kremi,16.4
Cire Aseptine Çiçek Özlü Krem 150 ml,El Kremi,84.87
Dalan d'Olive Besleyici Krem 20 ml Zeytinyağı,El Kremi,18.08
Nivea Creme Nemlendirici Bakım Kremi 150 ml,El Kremi,121.77
Nivea Creme Nemlendirici Bakım Kremi 30 ml,El Kremi,47.97
Nivea Soft Nemlendirici Bakım Kremi 100 ml,El Kremi,67.65
Nivea Soft Nemlendirici Bakım Kremi 300 ml,El Kremi,110.7
Ekstra Hacim ve Yoğun Dolgunluk Etkili Maskara Big Lash,Göz Makyajı,49.2
Ekstra Hacim ve Yoğun Dolgunluk Etkili Maskara Sensational,Göz Makyajı,49.2
Ekstra Suya Dayanıklı Kalem Eyeliner Siyah,Göz Makyajı,57.4
Golden Rose Emily Waterproof Göz Kalem - NO:101,Göz Makyajı,41.0
Golden Rose Emily Waterproof Göz Kalem - NO:124,Göz Makyajı,41.0
Keskin Bakışlar İçin Uzun Süre Kalıcı Mat Siyah Dipliner,Göz Makyajı,29.48
Ronassi Solstice 16'lı Far Paleti 01,Göz Makyajı,64.58
Uzunluk Ve Hacim Maskarası,Göz Makyajı,49.42
Özel Simli Ambalajlı Eyeliner Asorti,Göz Makyajı,35.88
Clemy Güneş Koruyucu Sprey 150 Ml SPF+50,Güneş Kremi,184.5
Clemy Güneş Koruyucu Sprey Kids 150 Ml SPF+50,Güneş Kremi,202.95
New Well Makyaj Bazı Güneş Kremi 50 SPF+ Aydınlatıcı Etkili Primer Sunscreen,Güneş Kremi,373.92
New Well Rice & Ginseng Sunscreen Spf50+ Pirinç Özlü Güneş Kremi 50 ML,Güneş Kremi,184.5
New Well Spf 50+ Yüksek Koruma Güneş Kremi,Güneş Kremi,333.02
New Well Ton Eşitleyici Aydınlatıcı Güneş Kremi,Güneş Kremi,241.39
2'li Cımbız Seti Asorti,Kişisel Bakım Ürünleri,31.52
4 Aşamalı Tırnak Parlatıcı Törpü,Kişisel Bakım Ürünleri,38.95
5 Yedek Jilet'li Kaş Ustarası,Kişisel Bakım Ürünleri,29.52
5’li Sleepy Bio Natural Normal Hijyenik Ped,Kişisel Bakım Ürünleri,26.42
Ahşap El Duş Kesesi,Kişisel Bakım Ürünleri,59.96
Arko Nem Bakım Kremi 20 ml Yağlı,Kişisel Bakım Ürünleri,23.37
Bepanthol Cilt Bakım Kremi 100 g,Kişisel Bakım Ürünleri,356.7
Bepanthol Cilt Bakım Kremi 50 g,Kişisel Bakım Ürünleri,282.9
Bepanthol Onarıcı Bakım Kremi 30 g,Kişisel Bakım Ürünleri,211.56
Blade Cool Fresh & Tree 48 Saat Erkek Roll-on Deodorant 50 ml,Kişisel Bakım Ürünleri,86.1
Caldion Deo Roll-on Men Classic 50 ml,Kişisel Bakım Ürünleri,57.81
Dalin Vazelin Hindistan Cevizi,Kişisel Bakım Ürünleri,120.54
Dermokil Kırmızı Kil Akne ve Sivilce karşıtı Maske 2x7.5 ml,Kişisel Bakım Ürünleri,26.84
Dermokil Peeling Etkili Soyulabilir Ayak Maskesi 30 ml,Kişisel Bakım Ürünleri,58.43
Dermokil Yoğun Nemlendirici Ayak Maskesi 30 ml,Kişisel Bakım Ürünleri,58.43
Desenli Cımbız Gold,Kişisel Bakım Ürünleri,36.65
Dove Deo Kadın Stick Orijinal 40 g,Kişisel Bakım Ürünleri,132.84
Dove Deo Roll-on Coco Jasmin 50 ml,Kişisel Bakım Ürünleri,104.55
Dove Deo Roll-on Orijinal 50 ml,Kişisel Bakım Ürünleri,104.55
Dove Exfoliating Cream Sabun 90 g,Kişisel Bakım Ürünleri,35.67
Dove Fresh Touch Cream Sabun 90 g,Kişisel Bakım Ürünleri,35.67
Dove Orijinal Sabun 90 g,Kişisel Bakım Ürünleri,35.67
Dove Pink Sabun 90 g,Kişisel Bakım Ürünleri,35.67
Emotiıon Deo Roll-on Invısıble Fresh 50 ml,Kişisel Bakım Ürünleri,86.1
Emotiıon Deo Roll-on Natural Breeze 50 ml,Kişisel Bakım Ürünleri,86.1
Jagler Classic Deo Roll-on Men 50 ml,Kişisel Bakım Ürünleri,57.81
Jeunesse Soyulabilir Siyah Maske 150 ml,Kişisel Bakım Ürünleri,57.81
Kabak Lifli Sabun Keçi Sütü,Kişisel Bakım Ürünleri,81.66
Kabak Lifli Sabun Kükürt,Kişisel Bakım Ürünleri,81.66
Kolajen Gece Maskesi 75 ml Asorti,Kişisel Bakım Ürünleri,66.63
Kotex Ultra Gece 6'lı,Kişisel Bakım Ürünleri,28.29
Kotex Ultra Normal 8'Li,Kişisel Bakım Ürünleri,28.29
Lady Speed Stick Powder Fresh 50 ml,Kişisel Bakım Ürünleri,84.87
Lady Speed Stick Shower Fresh 50 ml,Kişisel Bakım Ürünleri,84.87
Lux Kulak Çubuğu 100'lü,Kişisel Bakım Ürünleri,34.44
Lux Kulak Çubuğu 200'lü,Kişisel Bakım Ürünleri,41.57
Lux Kulak Çubuğu 300'lü,Kişisel Bakım Ürünleri,59.04
Makyaj Temizleme Pedi 70'li,Kişisel Bakım Ürünleri,19.68
Mc Ellyn Primer Hyaluronik Asit 40 ml,Kişisel Bakım Ürünleri,73.8
New Well Control Max Saç Şekillendirici Pudra 20 g,Kişisel Bakım Ürünleri,53.3
New Well Sugar Dudak Peeling Coconut 20 g,Kişisel Bakım Ürünleri,73.8
New Well Sugar Dudak Peeling Mix Fruit 20 g,Kişisel Bakım Ürünleri,73.8
New Well Volume Up Saç Şekillendirici Pudra 20 g,Kişisel Bakım Ürünleri,53.3
Nitro Canada Burun Temizleme Bandı,Kişisel Bakım Ürünleri,41.0
Nivea Men Black White 72 Saat Erkek Stick Deodorant 50 ml,Kişisel Bakım Ürünleri,132.84
Nivea Men Cool Kıch Fresh 72 Saat Erkek Roll-on Deodorant 50 ml,Kişisel Bakım Ürünleri,103.32
Nivea Men Fresh Active 48 Saat Erkek Stick Deodorant 50 ml,Kişisel Bakım Ürünleri,132.84
Old Spice Stick Erkek Deodorant Wolfthorn,Kişisel Bakım Ürünleri,105.78
Rexona Men Invısble Ice Fresh 48 Saat Erkek Roll-on Deodorant 50 ml,Kişisel Bakım Ürünleri,104.55
Sebamed Clear Face Kompakt Sivilce Akne Siyah Nokta Sabunu 100 g,Kişisel Bakım Ürünleri,232.47
Siyah Nokta Temizleme Aparatı,Kişisel Bakım Ürünleri,17.93
Tüy Dökücü Krem Hassas,Kişisel Bakım Ürünleri,308.34
Çizgi Desenli Cımbız Gold,Kişisel Bakım Ürünleri,36.65
2'li Tırnak Makası Gri,Makyaj Aksesuarları,38.49
25'li Makyaj Süngeri Asorti,Makyaj Aksesuarları,91.23
3'lü Makyaj Süngeri Asorti,Makyaj Aksesuarları,36.04
3D Effect Doğal Takma Kirpik No:30 Siyah,Makyaj Aksesuarları,49.94
3D Effect Doğal Takma Kirpik No:4 Siyah,Makyaj Aksesuarları,49.94
3D Effect Doğal Takma Kirpik No:5 Siyah,Makyaj Aksesuarları,36.04
3D Effect Doğal Takma Kirpik No:8 Siyah,Makyaj Aksesuarları,36.04
4'lü Halloween Temalı Makyaj Süngeri Asorti 1,Makyaj Aksesuarları,81.18
4'lü Meyve Figürlü Makyaj Süngeri Asorti 1,Makyaj Aksesuarları,62.43
4'lü Peeling Etkili Silikon Bakım Seti Mavi,Makyaj Aksesuarları,112.43
6'lı Yumurta Puff Makyaj Sünger Asorti 1,Makyaj Aksesuarları,73.15
6D Effect Doğal Takma Kirpik P03 Siyah,Makyaj Aksesuarları,76.65
Anahtarlıklı Dudak Yağı Asorti,Makyaj Aksesuarları,56.37
Aparatlı Lipgloss Fuşya,Makyaj Aksesuarları,50.0
Aparatlı Lipgloss Vişne,Makyaj Aksesuarları,50.0
Ayıcık Anahtarlıklı Dudak Parlatıcı Sarı,Makyaj Aksesuarları,78.93
Blue Sky Dudak Yağı Asorti 1,Makyaj Aksesuarları,48.18
Butter Renkli Dudak Balm Asorti 1,Makyaj Aksesuarları,54.33
Butter Renkli Dudak Balm Asorti 2,Makyaj Aksesuarları,54.33
Dudak Nemlendiricisi Asorti,Makyaj Aksesuarları,26.65
Dudak Parlatıcı Asorti 3,Makyaj Aksesuarları,45.1
Golden Rose Emily Waterproof Dudak Kalemi NO:201,Makyaj Aksesuarları,41.0
Golden Rose Emily Waterproof Dudak Kalemi NO:205,Makyaj Aksesuarları,41.0
Golden Rose Emily Waterproof Dudak Kalemi NO:206,Makyaj Aksesuarları,41.0
Golden Rose Emily Waterproof Dudak Kalemi NO:211,Makyaj Aksesuarları,41.0
Golden Rose Emily Waterproof Dudak Kalemi NO:217,Makyaj Aksesuarları,41.0
Golden Rose Emily Waterproof Dudak Kalemi NO:222,Makyaj Aksesuarları,41.0
Golden Rose Emily Waterproof Dudak Kalemi NO:223,Makyaj Aksesuarları,41.0
Golden Rose Emily Waterproof Dudak Kalemi NO:225,Makyaj Aksesuarları,41.0
Golden Rose Emily Waterproof Dudak Kalemi NO:226,Makyaj Aksesuarları,41.0
Golden Rose Emily Waterproof Dudak Kalemi NO:227,Makyaj Aksesuarları,41.0
Ice Cube Velvet Lipgloss Asorti,Makyaj Aksesuarları,29.7
Kalemtraş Beyaz,Makyaj Aksesuarları,28.98
Kalemtraş Kırmızı,Makyaj Aksesuarları,28.98
Kalemtraş Mavi,Makyaj Aksesuarları,28.98
Kalemtraş Siyah,Makyaj Aksesuarları,28.98
Kirpik Kıvırıcı Asorti,Makyaj Aksesuarları,35.88
Kirpik Yapıştırıcısı Siyah,Makyaj Aksesuarları,12.3
Kirpik Yapıştırıcısı Şeffaf,Makyaj Aksesuarları,12.3
Lipstick Blusher Asorti 2,Makyaj Aksesuarları,82.0
Lipstick Mat Ruj 04,Makyaj Aksesuarları,27.02
Lux Makyaj Temizleme Pamuğu,Makyaj Aksesuarları,30.7
Makyaj Fırçası Temizleme Silikonu Asorti,Makyaj Aksesuarları,58.34
Makyaj Süngeri Seti Asorti,Makyaj Aksesuarları,64.58
Makyaj Yıkama Süngeri Asorti,Makyaj Aksesuarları,14.35
Meyve Desenli Dudak Nemlendiricisi Armut,Makyaj Aksesuarları,36.65
Meyve Desenli Dudak Nemlendiricisi Avokado,Makyaj Aksesuarları,36.65
Meyve Desenli Dudak Nemlendiricisi Portakal,Makyaj Aksesuarları,36.65
Meyve Desenli Dudak Nemlendiricisi Şeftali,Makyaj Aksesuarları,36.65
Meyve Desenli Dudak Parlatıcı Armut,Makyaj Aksesuarları,44.07
Meyve Desenli Dudak Parlatıcı Şeftali,Makyaj Aksesuarları,44.07
Meyveli Lipgloss Portakal,Makyaj Aksesuarları,29.84
Newwell Aromalı Lipbalm Classic,Makyaj Aksesuarları,45.1
Newwell Aromalı Lipbalm Grapefruıt,Makyaj Aksesuarları,45.1
Newwell Aromalı Lipbalm Matcha,Makyaj Aksesuarları,45.1
Newwell Kaş Sabitleyici Jel,Makyaj Aksesuarları,65.6
Renkli Kirpik Kıvırıcı Asorti,Makyaj Aksesuarları,36.9
Romantic Rain Lipgloss Asorti,Makyaj Aksesuarları,43.05
Sevimli Ayı Kutulu Beauty Blender Sünger Seti Asorti,Makyaj Aksesuarları,34.85
Silikon Fırça Yıkama Kabı Asorti,Makyaj Aksesuarları,35.88
Simli 3'lü Far Paleti 02,Makyaj Aksesuarları,55.97
Simli 3'lü Far Paleti 03,Makyaj Aksesuarları,55.97
Simli Dudak Parlatıcısı Asorti,Makyaj Aksesuarları,40.49
Stick With Ruj Asorti 6,Makyaj Aksesuarları,41.0
Üçgen Detaylı Top Lip Balm Asorti 4,Makyaj Aksesuarları,28.7
Üçgen Detaylı Top Lip Balm Asorti 5,Makyaj Aksesuarları,28.7
Üçgen Detaylı Top Lip Balm Asorti 6,Makyaj Aksesuarları,28.7
İkili Fondöten ve Kapatıcı Sünger Seti Asorti,Makyaj Aksesuarları,27.68
İnci Anahtarlıklı Dudak Parlatıcı Asorti,Makyaj Aksesuarları,71.75
Bambu Çubuklu Oda Kokusu Amber,Oda Kokuları,116.65
Bambu Çubuklu Oda Kokusu Melon,Oda Kokuları,116.65
Bambu Çubuklu Oda Kokusu Ocean,Oda Kokuları,116.65
Bambu Çubuklu Oda Kokusu Strawberry,Oda Kokuları,116.65
10'lü Durex Prezervatif Klasik,Prezervatif,121.77
Aynalı Katlanır Cep Tarağı Asorti,Saç Aksesuarları,42.5
Katlanabilir Cep Tarağı Asorti,Saç Aksesuarları,47.49
New Bitkisel Bit Rozeti,Saç Aksesuarları,11.07
Saç Boyama Seti Siyah,Saç Aksesuarları,25.83
3'lü Doğal Işıltı Bitişli Allık 01,Ten Makyajı,46.13
3'lü Doğal Işıltı Bitişli Allık 02,Ten Makyajı,46.13
Canlı ve Doğal Bitişli Uzun Süre Kalıcı Likit Allık 101,Ten Makyajı,29.99
Canlı ve Doğal Bitişli Uzun Süre Kalıcı Likit Allık 102,Ten Makyajı,29.99
Fit Lasting 30 ml Fondöten 03,Ten Makyajı,82.0
Işıltılı Kalem Aydınlatıcı,Ten Makyajı,26.75
Mc Ellyn Derma Moisturizer Hyaluronik Asit 40 ml 01,Ten Makyajı,88.15
Mc Ellyn Derma Moisturizer Hyaluronik Asit 40 ml 02,Ten Makyajı,88.15
Mc Ellyn Derma Moisturizer Hyaluronik Asit 40 ml 03,Ten Makyajı,88.15
Mc Ellyn Derma Porcelain Pro Make Up Fondöten 40 ml 01,Ten Makyajı,66.63
Mc Ellyn Derma Porcelain Pro Make Up Fondöten 40 ml 02,Ten Makyajı,66.63
Mc Ellyn Derma Porcelain Pro Make Up Fondöten 40 ml 03,Ten Makyajı,66.63
New Well Derma Make-Up Cover Fondöten Bronz,Ten Makyajı,97.38
New Well Derma Make-Up Cover Fondöten Copper,Ten Makyajı,97.38
New Well Derma Make-Up Cover Fondöten Gold,Ten Makyajı,97.38
New Well Derma Make-Up Cover Fondöten Silver,Ten Makyajı,97.38
Sevencool Brighten Powder Highlighter,Ten Makyajı,49.2
Sevencool Compact Satisf Contour 02,Ten Makyajı,49.2
Sevencool Compact Satisf Contour 03,Ten Makyajı,49.2
Sevencool Velvet Touch Pudra 04,Ten Makyajı,57.4
Sesu Hassas Ciltler Tüy Dökücü Krem 40 ml,Tüy Dökücü,84.87
Sesu Men Tüy Dökücü Krem 100 ml,Tüy Dökücü,159.9
Sesu Tüy Dökücü Krem Hassas Ciltler 100 ml,Tüy Dökücü,153.75
Sesu Tüy Dökücü Krem Normal Ciltler 100 ml,Tüy Dökücü,153.75
Sesu Tüy Dökücü Krem Sprey Normal Ciltler 150 ml,Tüy Dökücü,258.3
Veet Professional Tüy Dökücü Sprey Krem 150 ml,Tüy Dökücü,356.7
Vi-Vet Tüy Dökücü Krem Tüm Ciltler 100 ml,Tüy Dökücü,54.12
Vi-Vet Tüy Dökücü Krem Tüm Ciltler 40 ml,Tüy Dökücü,35.67
3'lü Set Kaş Usturası Asorti,Tıraş Bıçağı,15.38
4'lü Gillette Simly Venüs 2 Bıçaklı,Tıraş Bıçağı,60.27
Gilette Venüs Kadın Traş Bıçağı + 5 Smooth,Tıraş Bıçağı,714.63
Gillete Blue 3 Comfort Slalom 8 Li Paket,Tıraş Bıçağı,246.0
Gillete Blue 3 Cool 6+2 8 Li Paket,Tıraş Bıçağı,289.05
Gillette Mach3 Tıraş Makinesi +5 Yedek Tıraş Bıçağı,Tıraş Bıçağı,467.4
Gillette Venüs Simply 2 Tıraş Bıçağı 5'li Kadın Basic,Tıraş Bıçağı,59.04
Gılette Simply Venüs Üç Bıçak 4 Lü,Tıraş Bıçağı,166.05
24'lü Kendinden Yapışkanlı Takma Tırnak Fuşya,Tırnak Aksesuarları,46.7
3'lü Bebek Tırnak Makası Asorti,Tırnak Aksesuarları,63.33
Cam Törpü Asorti,Tırnak Aksesuarları,21.65
Desenli Çift Başlı Tırnak Törpüsü Asorti,Tırnak Aksesuarları,33.33
Flormar Oje - 048,Tırnak Aksesuarları,38.13
Flormar Oje - 313,Tırnak Aksesuarları,38.13
Kalyon Bakım Yağı 10 ml,Tırnak Aksesuarları,108.24
Kalyon Besleyici 10 ml,Tırnak Aksesuarları,108.24
Kalyon Stop Polısh Temizleyici 10 ml,Tırnak Aksesuarları,108.24
Kalyon Tırnak Eti Temizleyici 10 ml,Tırnak Aksesuarları,108.24
Kutulu Manikür Seti Asorti 1,Tırnak Aksesuarları,71.66
Topuk Törpüsü Asorti 1,Tırnak Aksesuarları,50.39
Arko Nem Koruyucu Krem 420 ml,Vücut Kremi,131.61
Dermokil Kağıt Yüz Maskesi Aydınlatıcı 23 g,Yüz Bakımı,24.6
Dermokil Kağıt Yüz Maskesi Bal 20 g,Yüz Bakımı,24.6
Dermokil Kağıt Yüz Maskesi Nemlendirici 23 g,Yüz Bakımı,24.6
Dermokil Kağıt Yüz Maskesi Red Ginseng 20 g,Yüz Bakımı,24.6
10'lü Durex Prezervatif Extreme,Yılın Fırsatı,219.51
6'li Pudra Süngerli Makyaj Fırça Seti Mor,Yılın Fırsatı,182.4
6'li Pudra Süngerli Makyaj Fırça Seti Pembe,Yılın Fırsatı,182.4
6'lı Makyaj Fırçalı + Yüz Temizleme Fırçalı Set Mavi,Yılın Fırsatı,194.99
Deotak Classic Krem Deodorant 35 ml,Yılın Fırsatı,114.39
Deotak Fresh Krem Deodorant 35 ml,Yılın Fırsatı,114.39
Deotak Plus Krem Deodorant 35 ml,Yılın Fırsatı,114.39
Deotak Soft Krem Deodorant 35 ml,Yılın Fırsatı,114.39
Dove Advanced Care Invisible Dry White Freesia 72 Saat Kadın Stick Deodorant 50 ml,Yılın Fırsatı,132.84
Essweet 80 Metre Rulo Ağda Bezi,Yılın Fırsatı,79.95
Gillete Venus Kadın Tıraş Bıçağı,Yılın Fırsatı,362.85
Gillette Venüs Riviera 3 Bıçaklı 2'li Set,Yılın Fırsatı,178.35
Gıllete Mach 3 Tıraş Makinesi +2 Yedek Başlık,Yılın Fırsatı,239.85
New Well Blow Me Up Volume Mascara 8 ML,Yılın Fırsatı,232.68
"New Well Buz Terapisi,Kırışıklık Karşıtı Göz Bakım Serumu",Yılın Fırsatı,154.77
New Well Lift Me Up Volume Mascara 8 ML,Yılın Fırsatı,232.68
New Well Nemlendirici Cilt Yenileyici Leke Karşıtı Krem,Yılın Fırsatı,205.83
New Well Prebiotic Serum,Yılın Fırsatı,249.35
New Well Ter Önleyici Beyazlatıcı Roll-On,Yılın Fırsatı,199.97
New Well İnceltici Selulit Giderici Krem 50 ML,Yılın Fırsatı,162.98
Nivea Black & White Invisible Clear 48 Saat Leke Karşıtı Kadın Roll-on Deodorant 50 ml,Yılın Fırsatı,121.77
Nivea Black & White Invisible Clear 72 Saat Kadın Stick Deodorant 50 ml,Yılın Fırsatı,126.69
Nivea Double Effect Violet Senses 72 Saat Pürüzsüzlük Etkili Kadın Roll-on Deodorant 50 ml,Yılın Fırsatı,121.77
Nivea Fresh Natural 48 Saat Okyanus Özleri Kadın Stick Deodorant 50 ml,Yılın Fırsatı,126.69
Nivea Fresh Natural 72 Saat Okyanus Özleri Kadın Roll-on Deodorant 50 ml,Yılın Fırsatı,121.77
Nivea Men Black & White Invisible Original 72 Saat Erkek Roll-on Deodorant 50 ml,Yılın Fırsatı,103.32
Nivea Men Deep Darkwood Aktif Karbon 72 Saat Erkek Roll-on Deodorant 50 ml,Yılın Fırsatı,103.32
Nivea Men Fresh Active Okyanus Özleri 72 Saat Erkek Roll-on Deodorant 50 ml,Yılın Fırsatı,103.32
Nivea Men Silver Protect Gümüş İyonları 48 Saat Erkek Stick Deodorant 50 ml,Yılın Fırsatı,132.84
Nivea Pearl & Beauty 72 Saat İnci Özleri Kadın Stick Deodorant 50 ml,Yılın Fırsatı,126.69
Old Spice Stick Erkek Deodorant Captain,Yılın Fırsatı,105.78
Old Spice Stick Erkek Deodorant Whitewater,Yılın Fırsatı,105.78
Rexona Cotton Dry Üstün Koruma 72 Saat Kadın Roll-on Deodorant 50 ml,Yılın Fırsatı,104.55
Rexona Men Cobalt Dry 48 Saat Erkek Roll-on Deodorant 50 ml,Yılın Fırsatı,104.55
Rexona Men Extreme Fresh Advanced Protection 72 Saat Erkek Stick Deodorant 50 ml,Yılın Fırsatı,137.76
Rexona Men Quantum Dry Erkek Stick Antiperspirant Deodorant 50 ml,Yılın Fırsatı,137.76
Rexona Men Ultra Recharge 72 Saat Vücut Isısıyla Aktif Erkek Roll-on Deodorant 50 ml,Yılın Fırsatı,104.55
Rexona Powder Dry Üstün Koruma 72 Saat Vücut Isısıyla Aktif Kadın Roll-on 50 ml,Yılın Fırsatı,104.55
Roll-on Ağda Isıtıcı Seti Beyaz,Yılın Fırsatı,330.05
Sebamed Baby Compat Sabun 100 g,Yılın Fırsatı,148.83
Sesu Tüm Vücut Ağda Bağdı 40'lı,Yılın Fırsatı,172.2
Sesu Tüy Dökücü Krem Sprey Hassas Ciltler 150 ml,Yılın Fırsatı,258.3
Sudocrem Bebek Bakım Kremi 125 gr,Yılın Fırsatı,233.7
Sudocrem Bebek Bakım Kremi 60 gr,Yılın Fırsatı,182.04
Veet Men Duşta Tüy Dökücü Krem Normal Ciltler 150 ml,Yılın Fırsatı,282.9
Veet Men Tüy Dökücü Krem 200 ml Hassas Ciltler,Yılın Fırsatı,282.9
Veet Men Tüy Dökücü Krem 200 ml Normal Ciltler,Yılın Fırsatı,282.9
Veet Professional 12'li Sir Ağda Bandı Hassas Ciltler,Yılın Fırsatı,196.8
Veet Professional 12'li Sir Ağda Bandı Normal Ciltler,Yılın Fırsatı,196.8
Veet Pure Duşta Tüy Dökücü Krem 150 ml,Yılın Fırsatı,282.9
Vi-Vet Sir Ağda Azulen 800 ml,Yılın Fırsatı,258.3
Vi-Vet Sir Ağda Natürel 800 ml,Yılın Fırsatı,258.3
Vi-Vet Sir Ağda Pudralı 800 ml,Yılın Fırsatı,258.3
Yumuşak Uçlu Figürlü Çocuk Saç Fırçası Asorti,Yılın Fırsatı,80.97
o.b. Procomfort Ultimate Tampon Mini 16'lı,Yılın Fırsatı,108.24
o.b. Procomfort Ultimate Tampon Normal 16'lı,Yılın Fırsatı,108.24
o.b. Procomfort Ultimate Tampon Süper 16'lı,Yılın Fırsatı,108.24
o.b. Procomfort Ultimate Tampon Süper Plus 16'lı,Yılın Fırsatı,108.24
