Location,Rooms,Weekly Inflation(%)
Aksu,1+1,0.7289473360176277
Aksu,1.5+1,0.0
Aksu,2+1,0.6354991729895144
Aksu,3+1,5.868578601776746
Aksu,4+1,-6.216216216216217
Aksu,5+1,-24.541284403669728
Aksu,7+1,0.0
Aksu,Stüdyo (1+0),10.0
Aksu/Köyler,1+1,2.1257861635220068
Aksu/Köyler,2+1,0.6315104166666643
Aksu/Köyler,3+1,-11.203033436745944
Aksu/Köyler,4+1,-8.13953488372093
Aksu/Köyler,4+2,0.0
Aksu/Köyler,6+1,-15.789473684210526
Aksu/Köyler,6+2,0.0
Aksu/Pınarlı,1+1,0.0
Aksu/Çalkaya,1+1,37.93103448275862
Aksu/Çalkaya,2+1,-5.555555555555555
Aksu/Çalkaya,3+1,46.666666666666664
Alanya,1+1,-0.29079502114179223
Alanya,2+0,0.0
Alanya,2+1,1.680167414960905
Alanya,3+1,1.0049787940254522
Alanya,3+2,0.0
Alanya,3.5+1,20.0
Alanya,4+1,5.173701639884358
Alanya,4+2,0.0
Alanya,4.5+2,-16.666666666666664
Alanya,5+1,3.326810176125243
Alanya,6+1,-18.996415770609314
Alanya,6+2,0.0
Alanya,Stüdyo (1+0),1.5625
Alanya/Beldeler,1+1,-0.21340300377773683
Alanya/Beldeler,2+1,-3.028384636471319
Alanya/Beldeler,2.5+1,0.0
Alanya/Beldeler,3+1,-2.5076002556009493
Alanya/Beldeler,3+2,0.0
Alanya/Beldeler,3.5+1,0.0
Alanya/Beldeler,4+1,-3.3049917718047226
Alanya/Beldeler,4.5+1,0.0
Alanya/Beldeler,5+1,11.111111111111105
Alanya/Beldeler,Stüdyo (1+0),4.877032520325196
Alanya/Demirtaş,1+1,0.0
Alanya/Köyler,1+1,-3.225806451612903
Alanya/Köyler,1.5+1,5.0
Alanya/Köyler,2+1,-22.222222222222218
Alanya/Köyler,3+1,-39.885714285714286
Alanya/İncekum (Yeşilköy),1+1,0.0
Alanya/İncekum (Yeşilköy),2+1,-3.7037037037037033
Alanya/İncekum (Yeşilköy),3+1,-10.099009900990099
Alanya/İncekum (Yeşilköy),4+1,-3.7037037037037077
Demre/Kale(Demre),1+1,-42.6605504587156
Demre/Kale(Demre),2+0,83.4862385321101
Demre/Kale(Demre),2+1,-2.320271313924984
Demre/Kale(Demre),2.5+1,0.0
Demre/Kale(Demre),3+0,-39.473684210526315
Demre/Kale(Demre),3+1,-0.5698005698005646
Demre/Kale(Demre),4+1,0.0
Demre/Kale(Demre),5+1,0.0
Demre/Kale(Demre),5+2,0.0
Demre/Kale(Demre),6+3,0.0
Demre/Köyler,1+1,11.11111111111111
Demre/Köyler,2+1,0.0
Döşemealtı/Düzlerçamı,5+1,30.909090909090907
Döşemealtı/Köyler,0,0.0
Döşemealtı/Köyler,2+1,-53.333333333333336
Döşemealtı/Köyler,3+1,-13.00813008130082
Döşemealtı/Merkez,1,0.0
Döşemealtı/Merkez,1+1,-0.16145603992366336
Döşemealtı/Merkez,2+0,0.0
Döşemealtı/Merkez,2+1,-0.6610299769408259
Döşemealtı/Merkez,3+1,-2.6437699680511195
Döşemealtı/Merkez,4+1,6.5915542938254035
Döşemealtı/Merkez,5+1,1.271785209609037
Döşemealtı/Merkez,5+2,0.0
Döşemealtı/Merkez,6+1,214.28571428571428
Döşemealtı/Merkez,7+1,0.0
Döşemealtı/Merkez,8+1,0.0
Döşemealtı/Yeniköy,1+1,1.7377963847243452
Döşemealtı/Yeniköy,2+0,-9.615384615384617
Döşemealtı/Yeniköy,2+1,2.19171327323995
Döşemealtı/Yeniköy,3+1,1.6299156589777444
Döşemealtı/Yeniköy,4+1,-13.57626572073525
Döşemealtı/Yeniköy,5+1,-17.22488038277512
Döşemealtı/Yeniköy,Stüdyo (1+0),0.0
Döşemealtı/Yeşilbayır,1+1,6.410256410256422
Döşemealtı/Yeşilbayır,2+1,-13.397435897435894
Döşemealtı/Yeşilbayır,3+1,-0.607533414337786
Döşemealtı/Yeşilbayır,3.5+1,0.0
Döşemealtı/Yeşilbayır,4+1,-3.376189512046974
Döşemealtı/Yeşilbayır,5+1,-21.892655367231633
Döşemealtı/Yeşilbayır,6+1,0.0
Döşemealtı/Yeşilbayır,7+1,6.896551724137931
Döşemealtı/Yeşilbayır,8+2,0.0
Döşemealtı/Yeşilbayır,Stüdyo (1+0),8.695652173913043
Elmalı,2+1,3.5087719298245674
Elmalı,3+1,4.51127819548873
Elmalı,Stüdyo (1+0),0.0
Finike,1+1,-3.2854799015586598
Finike,2+0,0.0
Finike,2+1,-1.4096080910240076
Finike,3+1,14.457831325301203
Finike,3.5+1,0.0
Finike,Stüdyo (1+0),0.0
Finike/Beldeler,1+1,1.30556559450668
Finike/Beldeler,2+1,-1.0559872484558679
Finike/Beldeler,3+1,2.293064876957499
Finike/Beldeler,4+1,0.0
Gazipaşa,1+1,1.1945141737586464
Gazipaşa,2+1,6.444315170318671
Gazipaşa,3+1,1.0997204100652322
Gazipaşa,4+1,0.0
Gazipaşa/Köyler,1+1,0.0
Gazipaşa/Köyler,2+1,-40.0
Gazipaşa/Köyler,3+1,0.0
Kaş,1+1,0.15337423312882542
Kaş,2+1,-2.853673345476624
Kaş,3+1,-15.78483245149912
Kaş,5+1,-27.727272727272727
Kaş,Stüdyo (1+0),-14.598540145985398
Kaş/Kalkan,1+1,-14.308943089430889
Kaş/Kalkan,2+1,14.963571665047873
Kaş/Kalkan,3+1,-16.27579737335835
Kaş/Kalkan,3+2,0.0
Kaş/Kalkan,4+1,6.250810073633694
Kaş/Kalkan,5+1,0.0
Kaş/Kalkan,6+3,20.0
Kaş/Kalkan,7+2,0.0
Kaş/Köyler,1+1,0.13236267372600347
Kaş/Köyler,2,0.0
Kaş/Köyler,2+1,9.024988844265955
Kaş/Köyler,2.5+1,0.0
Kaş/Köyler,3+1,2.721088435374155
Kaş/Köyler,3+2,0.0
Kaş/Köyler,4+1,0.0
Kaş/Köyler,Stüdyo (1+0),0.0
Kemer,1+1,-5.782312925170073
Kemer,2+1,2.130681818181818
Kemer,3+1,3.4632034632034694
Kemer,3.5+1,0.0
Kemer,4+1,2.653580516175934
Kemer,4+4,0.0
Kemer,4.5+1,0.0
Kemer,5+1,0.0
Kemer,6+1,0.0
Kemer,7+1,0.0
Kemer,Stüdyo (1+0),-4.482758620689665
Kemer/Göynük,1+1,-4.440154440154434
Kemer/Göynük,1.5+1,0.0
Kemer/Göynük,2+1,-5.951859956236319
Kemer/Göynük,3+1,2.8735632183908044
Kemer/Göynük,4+1,-37.93103448275862
Kemer/Göynük,7+2,0.0
Kemer/Göynük,Stüdyo (1+0),-1.9607843137254901
Kemer/Köyler,1+1,7.936507936507932
Kemer/Köyler,2+1,-6.172839506172836
Kemer/Tekirova,1+1,40.243902439024396
Kemer/Tekirova,2+1,30.0
Kemer/Tekirova,3+1,0.0
Kemer/Tekirova,5+1,60.0
Kemer/Tekirova,Stüdyo (1+0),0.0
Kepez/Ahatlı,1+1,0.5256696247211854
Kepez/Ahatlı,2+0,-2.414238217200847
Kepez/Ahatlı,2+1,0.447879196521697
Kepez/Ahatlı,3+0,0.0
Kepez/Ahatlı,3+1,0.9835621540180518
Kepez/Ahatlı,4+0,0.0
Kepez/Ahatlı,4+1,4.166666666666666
Kepez/Ahatlı,4+4,0.0
Kepez/Ahatlı,5+1,-1.3546798029556721
Kepez/Ahatlı,Stüdyo (1+0),-1.6960146375169884
Kepez/Altınova,2+1,-6.756756756756757
Kepez/Dokuma,1+1,-2.851124987610266
Kepez/Dokuma,1.5+1,0.0
Kepez/Dokuma,2+1,3.8694833716795647
Kepez/Dokuma,3+1,8.516530647256335
Kepez/Dokuma,5+1,0.0
Kepez/Dokuma,Stüdyo (1+0),-6.25
Kepez/Duraliler,1+1,-3.446393677240199
Kepez/Duraliler,2+0,-8.260622154779977
Kepez/Duraliler,2+1,-2.582222427068092
Kepez/Duraliler,3+1,-2.6632941526558582
Kepez/Duraliler,4+1,-20.430107526881716
Kepez/Duraliler,4+2,75.0
Kepez/Duraliler,5+1,0.0
Kepez/Duraliler,6+1,0.0
Kepez/Duraliler,Stüdyo (1+0),-2.003727865796832
Kepez/Düdenbaşı,1+1,1.6026757152922202
Kepez/Düdenbaşı,2+1,0.0043263822791325185
Kepez/Düdenbaşı,3+1,-5.190194420963653
Kepez/Erenköy,1+1,-0.13282547123741453
Kepez/Erenköy,2+0,13.131313131313139
Kepez/Erenköy,2+1,0.07300581269825276
Kepez/Erenköy,2+2,0.0
Kepez/Erenköy,3+1,1.04041967162059
Kepez/Erenköy,3+2,-6.666666666666667
Kepez/Erenköy,4+1,4.942602040816317
Kepez/Erenköy,5+1,0.6006006006006006
Kepez/Erenköy,5+2,0.0
Kepez/Erenköy,Stüdyo (1+0),0.0
Kepez/Köyler,1+1,-25.49019607843137
Kepez/Köyler,2+1,-4.458598726114657
Kepez/Köyler,3+1,0.0
Kepez/Köyler,3+2,0.0
Kepez/Köyler,4+1,-14.567000911577033
Kepez/Köyler,5+1,23.27044025157233
Kepez/Merkez,1+1,1.5704182483641582
Kepez/Merkez,2+1,1.5796509991556387
Kepez/Merkez,3+1,0.0
Kepez/Merkez,4+1,0.0
Kepez/Merkez,Stüdyo (1+0),0.0
Kepez/Sütçüler,1+1,-2.971439894240017
Kepez/Sütçüler,2+1,1.2540667749584438
Kepez/Sütçüler,3+1,3.4189879795580502
Kepez/Sütçüler,4+1,-17.784711388455538
Kepez/Varsak,1+1,-0.4278310940499022
Kepez/Varsak,2+0,0.0
Kepez/Varsak,2+1,2.4058662260864776
Kepez/Varsak,3+1,-1.5451696439588587
Kepez/Varsak,4+1,11.206896551724139
Kepez/Varsak,5+1,0.0
Kepez/Varsak,5+2,-23.076923076923077
Kepez/Varsak,6+1,0.0
Kepez/Yeniemek,1+1,3.4578527572158317
Kepez/Yeniemek,2+1,0.14938379185857936
Kepez/Yeniemek,3+1,-4.524539877300618
Kepez/Yeniemek,4+1,4.545454545454546
Kepez/Yeniemek,Stüdyo (1+0),-11.627906976744194
Konyaaltı/Arapsuyu,1+1,1.278701896613687
Konyaaltı/Arapsuyu,2+0,0.0
Konyaaltı/Arapsuyu,2+1,2.3312828196060655
Konyaaltı/Arapsuyu,3+1,0.9469883252071508
Konyaaltı/Arapsuyu,3+2,-22.857142857142858
Konyaaltı/Arapsuyu,4+1,-8.145238246570266
Konyaaltı/Arapsuyu,4+2,17.7570093457944
Konyaaltı/Arapsuyu,5+1,-12.41162608012569
Konyaaltı/Arapsuyu,5+2,0.0
Konyaaltı/Arapsuyu,6+1,-23.192891566265057
Konyaaltı/Arapsuyu,6+2,0.0
Konyaaltı/Arapsuyu,7+1,-5.555555555555555
Konyaaltı/Arapsuyu,Stüdyo (1+0),-0.00047961630695879853
Konyaaltı/Doyran,2+1,0.0
Konyaaltı/Köyler,1+1,6.067415730337078
Konyaaltı/Köyler,2+0,50.0
Konyaaltı/Köyler,2+1,-15.396825396825397
Konyaaltı/Köyler,3+1,30.097087378640776
Konyaaltı/Köyler,3+2,0.0
Konyaaltı/Köyler,4+1,0.0
Konyaaltı/Köyler,5+1,0.0
Konyaaltı/Köyler,6+2,0.0
Konyaaltı/Merkez,1+1,-1.1890420221206222
Konyaaltı/Merkez,2+0,1.7543859649122744
Konyaaltı/Merkez,2+1,-1.1213245928370936
Konyaaltı/Merkez,3+1,2.3560478917590912
Konyaaltı/Merkez,3+2,-2.857142857142857
Konyaaltı/Merkez,4+1,1.83727034120735
Konyaaltı/Merkez,5+1,3.361344537815118
Konyaaltı/Merkez,5+2,0.0
Konyaaltı/Merkez,Stüdyo (1+0),10.106741573033707
Korkuteli,1+1,5.797101449275357
Korkuteli,2+0,0.0
Korkuteli,2+1,0.10162601626017001
Korkuteli,3+1,17.78106508875739
Korkuteli,4+1,0.0
Korkuteli/Bozova,2+1,0.0
Korkuteli/Köyler,2+1,0.0
Korkuteli/Köyler,3+1,33.33333333333333
Kumluca,1+1,3.938979963570137
Kumluca,1.5+1,0.0
Kumluca,2+0,-8.823529411764707
Kumluca,2+1,-3.6414036414036373
Kumluca,3+1,-2.8110599078340974
Kumluca,3.5+1,0.0
Kumluca,4+1,0.0
Kumluca/Beldeler,1+1,0.5952380952380996
Kumluca/Beldeler,2+1,-30.476190476190478
Kumluca/Beykonak,3+1,0.0
Kumluca/Beykonak,4+1,54.54545454545454
Kumluca/Köyler,1+1,-2.0689655172413794
Kumluca/Köyler,1.5+1,0.0
Kumluca/Köyler,2+1,-4.424778761061947
Kumluca/Köyler,3+1,0.0
Kumluca/Mavikent,2+1,0.0
Kumluca/Mavikent,4+2,0.0
Kumluca/Mavikent,5+1,-24.444444444444443
Kumluca/Mavikent,6+1,4.054054054054054
Manavgat,1+1,0.15613031639800917
Manavgat,1.5+1,5.555555555555555
Manavgat,2+0,14.133333333333335
Manavgat,2+1,0.5744694900501269
Manavgat,2.5+1,0.0
Manavgat,3+1,-0.10840034888427735
Manavgat,3+2,0.0
Manavgat,4+1,4.921880293553467
Manavgat,5+1,0.0
Manavgat,5+2,0.0
Manavgat,5+3,0.0
Manavgat,Stüdyo (1+0),-2.31023102310231
Manavgat/Ilıca,1+1,-2.76373441186383
Manavgat/Ilıca,2+0,-3.4482758620689653
Manavgat/Ilıca,2+1,-2.325060596480143
Manavgat/Ilıca,2.5+1,0.0
Manavgat/Ilıca,3+1,-4.1697830964846725
Manavgat/Ilıca,4+1,2.285467874083652
Manavgat/Ilıca,4+2,0.0
Manavgat/Ilıca,5+1,0.0
Manavgat/Ilıca,6+1,0.0
Manavgat/Köyler,1+1,-4.347826086956523
Manavgat/Köyler,2+1,-1.9944105691056961
Manavgat/Köyler,3+1,2.705613717633874
Manavgat/Köyler,3+2,0.0
Manavgat/Köyler,4+1,-2.722772277227723
Manavgat/Köyler,4+3,0.0
Manavgat/Köyler,Stüdyo (1+0),0.0
Manavgat/Oymapınar,2+1,0.0
Manavgat/Sarılar,1+1,7.861635220125775
Manavgat/Sarılar,2+0,0.0
Manavgat/Sarılar,2+1,-0.577684859154941
Manavgat/Sarılar,3+1,6.033805031446543
Manavgat/Sarılar,4+1,-3.2416722557567654
Manavgat/Taşağıl,1+1,-8.196721311475399
Manavgat/Taşağıl,2+1,-9.375000000000009
Manavgat/Taşağıl,3+1,0.0
Manavgat/Taşağıl,4+1,0.0
Manavgat/Taşağıl,5+1,0.0
Manavgat/Çolaklı,2+1,9.932838458819376
Manavgat/Çolaklı,2.5+1,0.0
Manavgat/Çolaklı,3+1,1.0638297872340425
Manavgat/Çolaklı,4+1,15.0
Manavgat/Çolaklı,5.5+1,0.0
Muratpaşa/Bahçelievler,1+1,10.211120401337794
Muratpaşa/Bahçelievler,2+0,0.0
Muratpaşa/Bahçelievler,2+1,0.6225195904864205
Muratpaşa/Bahçelievler,3+1,8.955174322080799
Muratpaşa/Bahçelievler,4+1,45.98445595854923
Muratpaşa/Bahçelievler,Stüdyo (1+0),6.372549019607848
Muratpaşa/Eskisanayi,1+1,-1.7493844364899442
Muratpaşa/Eskisanayi,2+1,1.9479106797595485
Muratpaşa/Eskisanayi,3+1,1.548503004433761
Muratpaşa/Eskisanayi,4+1,11.77007299270073
Muratpaşa/Eskisanayi,5+1,43.61702127659575
Muratpaşa/Eskisanayi,Stüdyo (1+0),3.7037037037037033
Muratpaşa/Fener,1+1,-0.34555770395193114
Muratpaşa/Fener,1.5+1,22.0
Muratpaşa/Fener,2+1,2.5600331641397718
Muratpaşa/Fener,3+1,-3.3040057414741857
Muratpaşa/Fener,3.5+1,0.0
Muratpaşa/Fener,4+1,-4.626006904487917
Muratpaşa/Fener,5+1,-24.251207729468597
Muratpaşa/Fener,5+2,0.0
Muratpaşa/Fener,6+1,0.0
Muratpaşa/Fener,7+1,-25.0
Muratpaşa/Fener,Stüdyo (1+0),11.594202898550725
Muratpaşa/Gençlik,1+1,1.7045454545454544
Muratpaşa/Gençlik,2+1,-0.16541612622522553
Muratpaşa/Gençlik,3+1,-13.478397035748388
Muratpaşa/Gençlik,4+1,23.354564755838638
Muratpaşa/Gençlik,5+1,-30.74074074074074
Muratpaşa/Gençlik,Stüdyo (1+0),0.737100737100741
Muratpaşa/Güzeloluk,0,0.0
Muratpaşa/Güzeloluk,1+1,17.13447842480101
Muratpaşa/Güzeloluk,2+1,-2.6154519588531246
Muratpaşa/Güzeloluk,3+1,-0.3191265328603283
Muratpaşa/Güzeloluk,4+1,-62.77777777777778
Muratpaşa/Kızıltoprak,1+1,2.218543046357611
Muratpaşa/Kızıltoprak,2+0,0.0
Muratpaşa/Kızıltoprak,2+1,-2.6159459888240533
Muratpaşa/Kızıltoprak,3+1,2.6443691599132055
Muratpaşa/Kızıltoprak,4+1,0.0
Muratpaşa/Kızıltoprak,5+1,0.0
Muratpaşa/Lara,1+1,2.813043625031816
Muratpaşa/Lara,1.5+1,0.0
Muratpaşa/Lara,2+1,-2.1670320737752715
Muratpaşa/Lara,2+2,0.0
Muratpaşa/Lara,3+1,0.1810389725518851
Muratpaşa/Lara,3+2,0.0
Muratpaşa/Lara,4+1,3.0676421512001
Muratpaşa/Lara,4+2,0.0
Muratpaşa/Lara,5+1,-7.880947390484183
Muratpaşa/Lara,5+2,0.0
Muratpaşa/Lara,6+1,0.0
Muratpaşa/Lara,6+3,0.0
Muratpaşa/Lara,Stüdyo (1+0),13.62763915547023
Muratpaşa/Meltem,1+1,0.8646538477511598
Muratpaşa/Meltem,2+0,75.09532888465206
Muratpaşa/Meltem,2+1,-4.6488969687733075
Muratpaşa/Meltem,3+1,3.4839683094277643
Muratpaşa/Meltem,4+1,0.0
Muratpaşa/Meltem,Stüdyo (1+0),-1.0548523206751153
Muratpaşa/Merkez,1+1,0.0
Muratpaşa/Merkez,2+1,-1.9880715705765293
Muratpaşa/Merkez,3+1,2.344827586206897
Muratpaşa/Merkez,Stüdyo (1+0),0.0
Muratpaşa/Yenigün,1+1,6.671881984801065
Muratpaşa/Yenigün,2+1,0.741158017982194
Muratpaşa/Yenigün,3+1,-2.3141541255838174
Muratpaşa/Yenigün,4+1,-12.727272727272727
Muratpaşa/Yenigün,5+1,0.0
Muratpaşa/Yenigün,Stüdyo (1+0),25.0
Muratpaşa/Çarşı,1+1,5.120982304080889
Muratpaşa/Çarşı,2+0,7.818930041152257
Muratpaşa/Çarşı,2+1,-4.606465997770345
Muratpaşa/Çarşı,3+1,7.977203377516595
Muratpaşa/Çarşı,4+1,0.0
Muratpaşa/Çarşı,5+1,0.0
Muratpaşa/Çarşı,Stüdyo (1+0),14.096916299559476
Serik,1+1,1.1443474558228635
Serik,2+0,-13.636363636363635
Serik,2+1,1.6835381367401
Serik,2.5+1,0.0
Serik,3+1,-11.101338579639703
Serik,3+2,0.0
Serik,4+0,0.0
Serik,4+1,-1.5722145570374813
Serik,5+1,5.399239543726234
Serik,6+1,-5.102040816326536
Serik,6+2,0.0
Serik/Belek,1+1,2.4734268838940414
Serik/Belek,10 Üzeri,476.3157894736843
Serik/Belek,2+1,1.2055715658021127
Serik/Belek,2.5+1,0.0
Serik/Belek,3+1,-0.4919620375750594
Serik/Belek,4+1,6.462731581214995
Serik/Belek,5+1,9.375
Serik/Belek,5+2,86.66666666666667
Serik/Belek,6+1,-9.403973509933774
Serik/Belek,7+1,0.0
Serik/Belek,Stüdyo (1+0),0.0
Serik/Köyler,1+1,0.0
Serik/Köyler,2+1,21.396054628224583
Serik/Yukarıkocayatak,2+1,0.1670843776107019
Serik/Yukarıkocayatak,3+1,0.0
