Kategori,Ürün Adı,Fiyat,URL
Tüm Ürünler,REDMI 15C 5G Gece Siyahı 8 GB + 256 GB,17.999 TL,https://www.mi.com/tr/product/redmi-15c-5g/
Tüm Ürünler,Xiaomi Bluetooth Speaker Essential (Yeşil),899 TL,https://www.mi.com/tr/product/xiaomi-bluetooth-speaker-essential/
Tüm Ürünler,Xiaomi Bluetooth Speaker Essential (Siyah),899 TL,https://www.mi.com/tr/product/xiaomi-bluetooth-speaker-essential/
Tüm Ürünler,Xiaomi 67W Power Bank 10000 (Integrated Cable) Altın 10000mAh,1.849 TL,https://www.mi.com/tr/product/xiaomi-67w-power-bank-10000-integrated-cable/
Tüm Ürünler,Xiaomi Super Slim Magnetic Power Bank Mor 5000mAh,1.849 TL,https://www.mi.com/tr/product/xiaomi-super-slim-magnetic-power-bank-5000/
Tüm Ürünler,Xiaomi 15T Rose Gold 12 GB + 256 GB,39.999 TL,https://www.mi.com/tr/product/xiaomi-15t/
Tüm Ürünler,Xiaomi Magnetic Power Bank 10000 with Built-in Stand 10000mAh Koyu Gri,2.199 TL,https://www.mi.com/tr/product/xiaomi-magnetic-power-bank-10000-with-built-in-stand/
Tüm Ürünler,REDMI Buds 8 Active Beyaz,1.249 TL,https://www.mi.com/tr/product/redmi-buds-8-active/
Tüm Ürünler,POCO X8 Pro Max Mavi 12 GB + 256 GB,38.999 TL,https://www.mi.com/tr/product/poco-x8-pro-max/
Tüm Ürünler,POCO X8 Pro 8 GB + 256 GB Yeşil,27.999 TL,https://www.mi.com/tr/product/poco-x8-pro/
Tüm Ürünler,Xiaomi 17 Ultra Photography Kit Pro,19.999 TL,https://www.mi.com/tr/product/xiaomi-17-ultra-photography-kit-pro/
Tüm Ürünler,Xiaomi Pad 8 Pro Mavi 12 GB + 512 GB,34.999 TL,https://www.mi.com/tr/product/xiaomi-pad-8-pro/
Tüm Ürünler,Mijia Smart Air Purifier 6 Filter,2.499 TL,https://www.mi.com/tr/product/mijia-smart-air-purifier-6-filter/
Tüm Ürünler,Xiaomi Pad 8 Çam Yeşili 8 GB + 256 GB,24.999 TL,https://www.mi.com/tr/product/xiaomi-pad-8/
Tüm Ürünler,Xiaomi Watch 5 Ardıç Yeşili,13.999 TL,https://www.mi.com/tr/product/xiaomi-watch-5/
Tüm Ürünler,Xiaomi 17 Ultra Beyaz 16 GB+512 GB,109.999 TL,https://www.mi.com/tr/product/xiaomi-17-ultra/
Tüm Ürünler,Xiaomi Tag 1-pack,699 TL,https://www.mi.com/tr/product/xiaomi-tag/
Tüm Ürünler,Xiaomi UltraThin Magnetic Power Bank 5000 15W Glacier Silver 5000mAh,3.099 TL,https://www.mi.com/tr/product/xiaomi-ultrathin-magnetic-power-bank-5000-15w/
Tüm Ürünler,REDMI Buds 8 Pro Bulut Beyazı,4.699 TL,https://www.mi.com/tr/product/redmi-buds-8-pro/
Tüm Ürünler,Xiaomi 17 Buz Mavisi 12 GB + 256 GB,74.999 TL,https://www.mi.com/tr/product/xiaomi-17/
Tüm Ürünler,Mijia Smart Audio Glasses Pilot-Tarzı,10.999 TL,https://www.mi.com/tr/product/mijia-smart-audio-glasses/
Tüm Ürünler,REDMI Note 15 Orman Yeşili 8 GB + 256 GB,16.999 TL,https://www.mi.com/tr/product/redmi-note-15/
Tüm Ürünler,REDMI Buds 8 Lite Mavi,1.499 TL,https://www.mi.com/tr/product/redmi-buds-8-lite/
Tüm Ürünler,REDMI Note 15 Pro Titanyum gri 8 GB + 256 GB,23.999 TL,https://www.mi.com/tr/product/redmi-note-15-pro/
Akıllı Telefonlar,Xiaomi 17 Ultra,109.999 TL,https://www.mi.com/tr/product/xiaomi-17-ultra/
Akıllı Telefonlar,Xiaomi 17,74.999 TL,https://www.mi.com/tr/product/xiaomi-17/
Akıllı Telefonlar,Xiaomi 15T Pro,49.999 TL,https://www.mi.com/tr/product/xiaomi-15t-pro/
Akıllı Telefonlar,Xiaomi 15T,39.999 TL,https://www.mi.com/tr/product/xiaomi-15t/
Akıllı Telefonlar,REDMI Note 15 Pro,23.999 TL,https://www.mi.com/tr/product/redmi-note-15-pro/
Akıllı Telefonlar,REDMI Note 15 Pro 5G,30.999 TL,https://www.mi.com/tr/product/redmi-note-15-pro-5g/
Akıllı Telefonlar,REDMI Note 15 Pro+ 5G,36.999 TL,https://www.mi.com/tr/product/redmi-note-15-pro-plus-5g/
Akıllı Telefonlar,REDMI Note 15,16.999 TL,https://www.mi.com/tr/product/redmi-note-15/
Akıllı Telefonlar,REDMI Note 14 5G,16.499 TL,https://www.mi.com/tr/product/redmi-note-14-5g/
Akıllı Telefonlar,REDMI 15C,11.699 TL,https://www.mi.com/tr/product/redmi-15c/
Akıllı Telefonlar,REDMI 15,15.999 TL,https://www.mi.com/tr/product/redmi-15/
Akıllı Telefonlar,POCO X8 Pro Max,38.999 TL,https://www.mi.com/tr/product/poco-x8-pro-max/
Akıllı Telefonlar,POCO X8 Pro,27.999 TL,https://www.mi.com/tr/product/poco-x8-pro/
Akıllı Telefonlar,POCO F8 Pro,37.999 TL,https://www.mi.com/tr/product/poco-f8-pro/
Akıllı Telefonlar,POCO F8 Ultra,53.999 TL,https://www.mi.com/tr/product/poco-f8-ultra/
Akıllı Telefonlar,POCO M8 Pro 5G,20.999 TL,https://www.mi.com/tr/product/poco-m8-pro-5g/
Akıllı Telefonlar,POCO M8 5G,18.999 TL,https://www.mi.com/tr/product/poco-m8-5g/
Akıllı Telefonlar,Xiaomi Pad 8 Pro,34.999 TL,https://www.mi.com/tr/product/xiaomi-pad-8-pro/
Akıllı Telefonlar,POCO Pad X1,15.499 TL,https://www.mi.com/tr/product/poco-pad-x1/
Akıllı Telefonlar,POCO Pad M1,12.999 TL,https://www.mi.com/tr/product/poco-pad-m1/
Akıllı Telefonlar,Xiaomi Pad 8,24.999 TL,https://www.mi.com/tr/product/xiaomi-pad-8/
Akıllı Telefonlar,Xiaomi Pad 7 Pro,22.999 TL,https://www.mi.com/tr/product/xiaomi-pad-7-pro/
Akıllı Telefonlar,Xiaomi Pad 7,17.999 TL,https://www.mi.com/tr/product/xiaomi-pad-7/
Akıllı Telefonlar,Xiaomi Pad mini,18.999 TL,https://www.mi.com/tr/product/xiaomi-pad-mini/
Akıllı Telefonlar,REDMI Pad 2 Pro with keyboard,16.399 TL,https://www.mi.com/tr/product/redmi-pad-2-pro/
Akıllı Telefonlar,REDMI Pad 2,9.999 TL,https://www.mi.com/tr/product/redmi-pad-2/
Akıllı Ev,Xiaomi Robot Vacuum X20 Max,37.999 TL,https://www.mi.com/tr/product/xiaomi-robot-vacuum-x20-max/
Akıllı Ev,Xiaomi Fan Heater,5.499 TL,https://www.mi.com/tr/product/xiaomi-fan-heater/
Akıllı Ev,Xiaomi Smart Air Purifier 4 Pro,14.999 TL,https://www.mi.com/tr/product/xiaomi-smart-air-purifier-4-pro/
Akıllı Ev,Xiaomi Smart Kettle 2 Pro,3.699 TL,https://www.mi.com/tr/product/xiaomi-smart-kettle-2-pro/
Akıllı Ev,Xiaomi TV A Pro 55'' 2026,30.999 TL,https://www.mi.com/tr/product/xiaomi-tv-a-pro-55-2026/
Akıllı Ev,Xiaomi TV A Pro 65'' 2026,42.999 TL,https://www.mi.com/tr/product/xiaomi-tv-a-pro-65-2026/
Akıllı Ev,Xiaomi TV A 55'' 2026,22.999 TL,https://www.mi.com/tr/product/xiaomi-tv-a-55-2026/
Akıllı Ev,Xiaomi TV A 65'' 2026,31.999 TL,https://www.mi.com/tr/product/xiaomi-tv-a-65-2026/
Akıllı Ev,Xiaomi TV A Pro 75'' 2026,49.999 TL,https://www.mi.com/tr/product/xiaomi-tv-a-pro-75-2026/
Akıllı Ev,Xiaomi TV S Pro Mini LED 75'' 2026,79.999 TL,https://www.mi.com/tr/product/xiaomi-tv-s-pro-mini-led-75-2026/
Akıllı Ev,Xiaomi TV Max 85'' 2025,84.999 TL,https://www.mi.com/tr/product/xiaomi-tv-max-85-2025/
Akıllı Ev,Xiaomi TV Max 100'' 2025,139.999 TL,https://www.mi.com/tr/product/xiaomi-tv-max-100-2025/
Akıllı Ev,Xiaomi Sound Party,5.499 TL,https://www.mi.com/tr/product/xiaomi-sound-party/
Akıllı Ev,Xiaomi Sound Outdoor,2.899 TL,https://www.mi.com/tr/product/xiaomi-sound-outdoor/
Akıllı Ev,Xiaomi Bluetooth Speaker,4.099 TL,https://www.mi.com/tr/product/xiaomi-bluetooth-speaker/
Akıllı Ev,Xiaomi Desktop Speaker,2.899 TL,https://www.mi.com/tr/product/xiaomi-desktop-speaker/
Akıllı Ev,Xiaomi Soundbar Pro 2.1 ch,10.999 TL,https://www.mi.com/tr/product/xiaomi-soundbar-pro-21ch/
Akıllı Ev,Xiaomi Soundbar Pro 2.0 ch,6.199 TL,https://www.mi.com/tr/product/xiaomi-soundbar-pro-2ch/
Akıllı Ev,Xiaomi TV Stick 4K (2nd Gen),3.699 TL,https://www.mi.com/tr/product/xiaomi-tv-stick-4k-2nd-gen/
Akıllı Ev,Xiaomi Robot Vacuum H40,22.999 TL,https://www.mi.com/tr/product/xiaomi-robot-vacuum-h40/
Akıllı Ev,Xiaomi Robot Vacuum X20+,28.999 TL,https://www.mi.com/tr/product/xiaomi-robot-vacuum-x20-plus/
Akıllı Ev,Xiaomi Robot Vacuum X20 Pro,28.999 TL,https://www.mi.com/tr/product/xiaomi-robot-vacuum-x20-pro/
Akıllı Ev,Xiaomi Robot Vacuum S10T,14.999 TL,https://www.mi.com/tr/product/xiaomi-robot-vacuum-s10t/
Akıllı Ev,Xiaomi Truclean W30 Pro Wet Dry Vacuum,19.799 TL,https://www.mi.com/tr/product/xiaomi-truclean-w30-pro-wet-dry-vacuum/
Akıllı Ev,Xiaomi Vacuum Cleaner G20 Max,17.199 TL,https://www.mi.com/tr/product/xiaomi-vacuum-cleaner-g20-max/
Akıllı Ev,Xiaomi Vacuum Cleaner G20,13.999 TL,https://www.mi.com/tr/product/xiaomi-vacuum-cleaner-g20/
Akıllı Ev,Xiaomi Robot Vacuum X10+ / X10 / X20+ Disposable Bag,999 TL,https://www.mi.com/tr/product/xiaomi-robot-vacuum-x10-plus-accessories/
Akıllı Ev,Xiaomi Robot Vacuum X10+ / S10+ / X20+ / S20+ Brush,599 TL,https://www.mi.com/tr/product/xiaomi-robot-vacuum-x10-plus-accessories/
Akıllı Ev,Xiaomi Robot Vacuum S10+ / S20+ / X20Pro / X20Max / 5 / 5Pro Mop Pads,899 TL,https://www.mi.com/tr/product/xiaomi-robot-vacuum-s10-plus-mop-pad/
Akıllı Ev,Xiaomi Smart Air Purifier Elite,19.599 TL,https://www.mi.com/tr/product/xiaomi-smart-air-purifier-elite/
Akıllı Ev,Xiaomi Smart Pet Care Air Purifier,6.699 TL,https://www.mi.com/tr/product/xiaomi-smart-pet-care-air-purifier/
Akıllı Ev,Xiaomi Humidifier 2 Lite,2.899 TL,https://www.mi.com/tr/product/xiaomi-humidifier-2-lite/
Akıllı Ev,Mijia Smart Evaporative Humidifier Pro,7.999 TL,https://www.mi.com/tr/product/mijia-smart-evaporative-humidifier-pro/
Akıllı Ev,Xiaomi Smart Camera C400,2.299 TL,https://www.mi.com/tr/product/xiaomi-smart-camera-c400/
Akıllı Ev,Xiaomi Smart Camera C701,3.099 TL,https://www.mi.com/tr/product/xiaomi-smart-camera-c701/
Akıllı Ev,Xiaomi Smart Camera C500 Dual,4.099 TL,https://www.mi.com/tr/product/xiaomi-smart-camera-c500-dual/
Akıllı Ev,Xiaomi Smart Camera C500,2.599 TL,https://www.mi.com/tr/product/xiaomi-smart-camera-c500/
Akıllı Ev,Xiaomi Smart Camera C301,1.599 TL,https://www.mi.com/tr/product/xiaomi-smart-camera-c301/
Akıllı Ev,Xiaomi Smart Camera C201,1.399 TL,https://www.mi.com/tr/product/xiaomi-smart-camera-c201/
Akıllı Ev,Xiaomi Smart Camera C100,1.499 TL,https://www.mi.com/tr/product/xiaomi-smart-camera-c100/
Akıllı Ev,Xiaomi Electric Kettle 2 Lite,2.099 TL,https://www.mi.com/tr/product/xiaomi-electric-kettle-2-lite/
Giyilebilir Cihazlar,REDMI Buds 8 Pro,4.699 TL,https://www.mi.com/tr/product/redmi-buds-8-pro/
Giyilebilir Cihazlar,Xiaomi UltraThin Magnetic Power Bank 5000 15W,3.099 TL,https://www.mi.com/tr/product/xiaomi-ultrathin-magnetic-power-bank-5000-15w/
Giyilebilir Cihazlar,Xiaomi Watch S4,8.499 TL,https://www.mi.com/tr/product/xiaomi-watch-s4/
Giyilebilir Cihazlar,Xiaomi Tag,699 TL,https://www.mi.com/tr/product/xiaomi-tag/
Giyilebilir Cihazlar,Mijia Smart Audio Glasses,10.999 TL,https://www.mi.com/tr/product/mijia-smart-audio-glasses/
Giyilebilir Cihazlar,Xiaomi Watch 5,13.999 TL,https://www.mi.com/tr/product/xiaomi-watch-5/
Giyilebilir Cihazlar,REDMI Watch 5,5.699 TL,https://www.mi.com/tr/product/redmi-watch-5/
Giyilebilir Cihazlar,Xiaomi Watch S4 41mm,8.799 TL,https://www.mi.com/tr/product/xiaomi-watch-s4-41mm/
Giyilebilir Cihazlar,REDMI Watch 5 Lite,2.999 TL,https://www.mi.com/tr/product/redmi-watch-5-lite/
Giyilebilir Cihazlar,REDMI Watch 5 Active,2.069 TL,https://www.mi.com/tr/product/redmi-watch-5-active/
Giyilebilir Cihazlar,REDMI Buds 8 Active,1.249 TL,https://www.mi.com/tr/product/redmi-buds-8-active/
Giyilebilir Cihazlar,REDMI Buds 8 Lite,1.499 TL,https://www.mi.com/tr/product/redmi-buds-8-lite/
Giyilebilir Cihazlar,Xiaomi OpenWear Stereo Pro,9.799 TL,https://www.mi.com/tr/product/xiaomi-openwear-stereo-pro/
Giyilebilir Cihazlar,Xiaomi OpenWear Stereo,6.499 TL,https://www.mi.com/tr/product/xiaomi-openwear-stereo/
Giyilebilir Cihazlar,Xiaomi Buds 5 Pro,9.999 TL,https://www.mi.com/tr/product/xiaomi-buds-5-pro/
Giyilebilir Cihazlar,Xiaomi Buds 5,5.399 TL,https://www.mi.com/tr/product/xiaomi-buds-5/
Giyilebilir Cihazlar,REDMI Buds 6,2.219 TL,https://www.mi.com/tr/product/redmi-buds-6/
Giyilebilir Cihazlar,REDMI Buds 6 Active,949 TL,https://www.mi.com/tr/product/redmi-buds-6-active/
Giyilebilir Cihazlar,REDMI Buds 6 Play,689 TL,https://www.mi.com/tr/product/redmi-buds-6-play/
Giyilebilir Cihazlar,Xiaomi Smart Band 9 Pro,3.699 TL,https://www.mi.com/tr/product/xiaomi-smart-band-9-pro/
Giyilebilir Cihazlar,Xiaomi Smart Band 10,2.299 TL,https://www.mi.com/tr/product/xiaomi-smart-band-10/
Giyilebilir Cihazlar,Xiaomi Smart Band 9 Active,1.199 TL,https://www.mi.com/tr/product/xiaomi-smart-band-9-active/
Yaşam Tarzı,Xiaomi Gaming Monitor G24i 2026,5.499 TL,https://www.mi.com/tr/product/xiaomi-gaming-monitor-g24i-2026/
Yaşam Tarzı,Xiaomi Mesh System AC1200 (1-pack),1.549 TL,https://www.mi.com/tr/product/xiaomi-mesh-system-ac1200/
Yaşam Tarzı,20000mAh REDMI 18W Fast Charge Power Bank,999 TL,https://www.mi.com/tr/product/20000mah-redmi-fast-charge-power-bank/
Yaşam Tarzı,Xiaomi High-speed Iconic Hair Dryer,3.999 TL,https://www.mi.com/tr/product/xiaomi-high-speed-ionic-hair-dryer/
Yaşam Tarzı,Xiaomi Mini LED Gaming Monitor G Pro 27i,20.999 TL,https://www.mi.com/tr/product/xiaomi-mini-led-gaming-monitor-g-pro-27i/
Yaşam Tarzı,Xiaomi Curved Gaming Monitor G34WQi,16.999 TL,https://www.mi.com/tr/product/xiaomi-curved-gaming-monitor-g34wqi/
Yaşam Tarzı,Xiaomi 2K Gaming Monitor G27Qi,9.999 TL,https://www.mi.com/tr/product/xiaomi-2k-gaming-monitor-g27qi/
Yaşam Tarzı,Xiaomi 4K Monitor A27Ui,12.499 TL,https://www.mi.com/tr/product/xiaomi-4k-monitor-a27ui/
Yaşam Tarzı,Xiaomi Gaming Monitor G27i 2026,6.699 TL,https://www.mi.com/tr/product/xiaomi-gaming-monitor-g27i-2026/
Yaşam Tarzı,Xiaomi Wireless Mouse 3,949 TL,https://www.mi.com/tr/product/xiaomi-wireless-mouse-3/
Yaşam Tarzı,Xiaomi Wireless Mouse Comfort Edition,699 TL,https://www.mi.com/tr/product/xiaomi-wireless-mouse-comfort-edition/
Yaşam Tarzı,Xiaomi Mesh System AX3000 NE (2 pack),4.699 TL,https://www.mi.com/tr/product/xiaomi-mesh-system-ax3000-ne/
Yaşam Tarzı,"Xiaomi LCD Writing Tablet 13.5"" (Color Edition)",1.199 TL,https://www.mi.com/tr/product/xiaomi-lcd-writing-tablet-13-5-inch-color-edition/
Yaşam Tarzı,"Mi LCD Writing Tablet 13,5''",1.099 TL,https://www.mi.com/tr/product/mi-lcd-writing-tablet/
Yaşam Tarzı,Mi WiFi Range Extender AC1200,1.289 TL,https://www.mi.com/tr/product/mi-wifi-range-extender-ac1200/
Yaşam Tarzı,Xiaomi Router AX1500,1.849 TL,https://www.mi.com/tr/product/xiaomi-router-ax1500/
Yaşam Tarzı,Xiaomi Router AX3000T EU,2.399 TL,https://www.mi.com/tr/product/xiaomi-router-ax3000t/
Yaşam Tarzı,Xiaomi 33W Power Bank 10000mAh (Integrated Cable),1.399 TL,https://www.mi.com/tr/product/xiaomi-33w-power-bank-10000-integrated-cable/
Yaşam Tarzı,Xiaomi Power Bank 10000mAh (Integrated Cable),999 TL,https://www.mi.com/tr/product/xiaomi-power-bank-10000mah-integrated-cable/
Yaşam Tarzı,Xiaomi 33W Magnetic Power Bank 10000mAh (Integrated Cable),1.649 TL,https://www.mi.com/tr/product/xiaomi-33w-magnetic-power-bank-10000-integrated-cable/
Yaşam Tarzı,Xiaomi 80W Adaptive Wireless Charging Stand,5.299 TL,https://www.mi.com/tr/product/xiaomi-80w-adaptive-wireless-chargingstand/
Yaşam Tarzı,Xiaomi 33W Nano Power Adapter USB-C,699 TL,https://www.mi.com/tr/product/xiaomi-33w-nano-power-adapter-usb-c/
Yaşam Tarzı,Xiaomi 22.5W Power Adapter (Type-A) EU,499 TL,https://www.mi.com/tr/product/xiaomi-22-5-w-power-adapter/
Yaşam Tarzı,Xiaomi 120W HyperCharge Combo (Type-A),1.499 TL,https://www.mi.com/tr/product/xiaomi-120w-hypercharge-combo-type-a/
Yaşam Tarzı,Xiaomi 3A Braided USB-C to USB-C Cable (1m),449 TL,https://www.mi.com/tr/product/xiaomi-3a-braided-usb-c-to-usb-c-cable-1m/
Yaşam Tarzı,Xiaomi 6A Braided USB-C to USB-C Cable,649 TL,https://www.mi.com/tr/product/xiaomi-6a-braided-usb-c-to-usb-c-cable/
Yaşam Tarzı,Xiaomi 6A High-Speed USB4 Braided USB-C to USB-C Cable (1m),1.899 TL,https://www.mi.com/tr/product/xiaomi-6a-high-speed-usb4-braided-usb-c-to-usb-c-cable-1m/
Yaşam Tarzı,Xiaomi Smart Laser Measure,2.599 TL,https://www.mi.com/tr/product/xiaomi-smart-laser-measure/
Yaşam Tarzı,"Xiaomi Zoom Floor Selfie Stick Tripod 62""",2.499 TL,https://www.mi.com/tr/product/xiaomi-zoom-floor-selfie-stick-tripod-62/
Yaşam Tarzı,Xiaomi Selfie Stick Tripod Mini,1.399 TL,https://www.mi.com/tr/product/xiaomi-selfie-stick-tripod-mini/
Yaşam Tarzı,Mi Ionic Hair Dryer H300,3.099 TL,https://www.mi.com/tr/product/mi-ionic-hair-dryer-h300/
Yaşam Tarzı,Xiaomi Compact Hair Dryer H101,2.299 TL,https://www.mi.com/tr/product/xiaomi-compact-hair-dryer-h101/
