Product Name,Price,Category
Siyah Büzgülü Elbise,1499.95,elbise
Vanilya Kısa Kollu Kloş Elbise,999.95,elbise
Siyah Pliseli Elbise,1999.95,elbise
Siyah Kemerli Dik Yaka Elbise,1499.95,elbise
Bordo Fırfır Detaylı Elbise,1499.95,elbise
Gri Çizgili Mini Elbise,1999.95,elbise
Lacivert Fermuarlı Elbise,1999.95,elbise
Lacivert Kısa Kollu Elbise,999.95,elbise
Lacivert Düğmeli Elbise,2499.95,elbise
Kahverengi Kısa Kollu Elbise,999.95,elbise
Gri Halter Yaka Desenli Elbise,2999.95,elbise
Siyah Bağcıklı Elbise,1499.95,elbise
Lacivert Kolsuz Desenli Elbise,1499.95,elbise
Kahverengi Düğme Detaylı Triko Elbise,1999.95,elbise
Kemik Garnili Kolsuz Triko Elbise,1499.95,elbise
Siyah Pencere Detaylı Elbise,999.95,elbise
Siyah Yakası Taşlı Elbise,999.95,elbise
Yeşil Kolsuz Evaze Elbise,1999.95,elbise
Lacivert Şifon Gömlek Elbise,1999.95,elbise
Kemik Kemerli Dik Yaka Elbise,1499.95,elbise
Bordo Drapeli Mini Elbise,2999.95,elbise
Siyah Yakası Taşlı Elbise,1499.95,elbise
Siyah Kolsuz Balıkçı Triko Elbise,799.95,elbise
Yeşil Pileli Midi Elbise,1499.95,elbise
Yeşil Düz Elbise,999.95,elbise
Siyah Büzgülü Elbise,999.95,elbise
Kahverengi  İşlemeli Mini Elbise,1499.95,elbise
Kahverengi Kolsuz Asimetrik Desenli Elbise,1499.95,elbise
Mürdüm Fırfırlı Elbise,1799.95,elbise
Vanilya Düz Elbise,999.95,elbise
Siyah Midi Boy Deri Elbise,1499.95,elbise
Siyah V Yaka Uzun Kadife Elbise,2999.95,elbise
Siyah Askılı Dantel Elbise,1999.95,elbise
Siyah Tek Omuz Kadife Elbise,1999.95,elbise
Siyah Garnili Kolsuz Triko Elbise,1499.95,elbise
Mürdüm Desenli Uzun Kollu Elbise,1999.95,elbise
Kırmızı Askılı Dantel Elbise,1999.95,elbise
Vanilya Aksesuarlı Elbise,1999.95,elbise
Kırmızı Toka Detaylı Mini Elbise,1999.95,elbise
Mürdüm  İşlemeli Mini Elbise,1499.95,elbise
Kahverengi Yırtmaçlı Örme Elbise,999.95,elbise
Bordo V Yaka Uzun Kadife Elbise,2999.95,elbise
Siyah Deri Kruvaze Elbise,1999.95,elbise
Siyah Dantel Jile Elbise,1999.95,elbise
Lacivert Kadife Mini Elbise,2499.95,elbise
Kahverengi Boğazlı Triko Elbise,1299.95,elbise
Bordo Cepli Mini Elbise,1999.95,elbise
Mürdüm Gabardin Dik Yaka Elbise,1499.95,elbise
Pembe Pileli Elbise,1999.95,elbise
Bordo Kolsuz Midi Boy Deri Elbise,1499.95,elbise
Lacivert Ceket Elbise,4999.95,elbise
Siyah Kolsuz Triko Elbise,1999.95,elbise
Yeşil Pileli  Kolsuz Elbise,1999.95,elbise
Siyah Dik Yaka Triko Elbise,1499.95,elbise
Siyah Gabardin Bağlamalı Elbise,999.95,elbise
Bordo Kolsuz Triko Elbise,1999.95,elbise
Kahverengi Bağlama Detaylı Gömlek Elbise,1999.95,elbise
Lacivert V Yaka Örme Elbise,1999.95,elbise
Siyah Askılı Dar Triko Elbise,1499.95,elbise
Lacivert Kadife Uzun Kollu Elbise,1999.95,elbise
Siyah Boğazlı Triko Elbise,1299.95,elbise
Siyah Kolsuz Uzun Elbise,1999.95,elbise
Gri Kolsuz Gabardin Elbise,1499.95,elbise
Kahverengi Payetli Kısa Elbise,2999.95,elbise
Siyah Kadife Mini Elbise,2499.95,elbise
Siyah Ceket Elbise,2499.95,elbise
Yeşil Omuzları Açık Kadife Elbise,1999.95,elbise
Yeşil Tek Omuz Kadife Elbise,1999.95,elbise
Siyah Kolsuz Tüvit Elbise,1999.95,elbise
Siyah Dik Yaka Kolsuz Elbise,1499.95,elbise
Bordo Aksesuarlı Elbise,1999.95,elbise
Vanilya Gabardin Bağlamalı Elbise,999.95,elbise
Gri Cepli Elbise,1499.95,elbise
Yeşil Kolsuz Balıkçı Triko Elbise,799.95,elbise
Mürdüm Desenli Midi Elbise,1999.95,elbise
Siyah Fitil Detaylı Boğazlı Triko Elbise,5999.95,elbise
Lacivert Toka Detaylı Mini Elbise,1999.95,elbise
Lacivert Gömlek Yakalı Kısa Kollu Elbise,1999.95,elbise
Siyah V Yaka Süet Detaylı Elbise,1999.95,elbise
Siyah Eteği Volanlı Örme Elbise,2999.95,elbise
Saks Mert Aslan Aksesuarlı Drapeli Tafta Elbise,2999.95,elbise
Yeşil Kolsuz  Önü Dügmeli Elbise ,2999.95,elbise
Lacivert Yakası ve Cepleri Taşlı Denim Elbise,2799.95,elbise
Kahverengi Desenli Örme Elbise,1999.95,elbise
Kahverengi V Yaka Uzun Örme Elbise,1999.95,elbise
Siyah Mert Aslan Aksesuarlı Drapeli Tafta Elbise,2999.95,elbise
Lacivert Pileli Kolsuz Elbise,3999.95,elbise
Siyah Örme Gömlek Elbise,1999.95,elbise
Siyah Taş Detaylı Elbise,2999.95,elbise
Siyah Asimetrik Elbise,1999.95,elbise
Siyah Kolsuz Mini Elbise,2999.95,elbise
Gri Kruvaze Elbise,2499.95,elbise
Gri Kruvaze Ceket Elbise,3999.95,elbise
Siyah Moda Tutkusu Kolsuz Örme Elbise,1499.95,elbise
Siyah V Yaka Uzun Örme Elbise,1999.95,elbise
Kahverengi Yakası Taş Detaylı Gabardin Elbise,1999.95,elbise
Gri Balıkcı Yaka Sırtı Acık Triko Elbise,999.95,elbise
Saks Mert Aslan Yakası Taşlı Kısa Elbise,2999.95,elbise
Lacivert Bağlama Detaylı Gömlek Elbise,1999.95,elbise
Siyah Erkek Yaka Düğmeli Triko Elbise,1999.95,elbise
Siyah Fermuarlı Elbise,999.95,elbise
Bordo Night Zoom Askılı İşlemeli Elbise,5999.95,elbise
Siyah Mert Aslan Kare Yaka Mini Elbise,1999.95,elbise
Siyah Askılı Triko Elbise,1999.95,elbise
Gold Mert Aslan Taşlı Örme Elbise,4999.95,elbise
Siyah Çıtçıtlı Triko Elbise,1999.95,elbise
Ekru Volanlı Kısa Triko Elbise,999.95,elbise
Siyah Anvelop Elbise,1999.95,elbise
Siyah Night Zoom Kare Yaka Mini Elbise,1999.95,elbise
Kırmızı Mert Aslan Kare Yaka Mini Elbise,1999.95,elbise
Siyah Taş Detaylı Mini Elbise,2999.95,elbise
Kemik Saten Detaylı  Elbise,1999.95,elbise
Siyah Night Zoom Taş Detaylı Mini Elbise,2999.95,elbise
Siyah Kolsuz Yırtmaç Detaylı Asimetrik Elbise,1999.95,elbise
Siyah Volanlı Mini Triko Elbise,999.95,elbise
Siyah Kup Detaylı Mini Elbise,2999.95,elbise
Kemik Taş Detaylı Mini Elbise,2999.95,elbise
Siyah Kare Yaka Triko Elbise,1999.95,elbise
Siyah Bağcık Detaylı Triko Elbise,999.95,elbise
Gold Straplez Mini Elbise,2999.95,elbise
Siyah Etek Ucu Dantelli Mini Elbise,2499.95,elbise
Lacivert Fitil Detaylı Boğazlı Triko Elbise,5999.95,elbise
Siyah Büzgü Detaylı Midi Örme Elbise,6999.95,elbise
Kemik Kare Yaka Elbise,3499.95,elbise
Siyah Halter Yaka Triko Elbise,1299.95,elbise
Kahverengi Piliseli Mini Elbise,2999.95,elbise
Siyah Straplez Mini Elbise,2999.95,elbise
Siyah Dantel Detaylı Elbise,2999.95,elbise
Kahverengi Kolsuz Uzun Saten Elbise,5999.95,elbise
Siyah Tek Omuzlu Uzun Elbise,1999.95,elbise
Bordo Kolsuz Mini Elbise,1999.95,elbise
Siyah Kolsuz Mini Elbise,3999.95,elbise
Siyah Kolsuz Yırtmaçlı Elbise,5999.95,elbise
Siyah Saten Kolsuz Midi Elbise,9999.95,elbise
Siyah Cepli Elbise,1999.95,elbise
Siyah Pliseli Elbise,4999.95,elbise
Kahverengi Kısa Kollu Mini Elbise,2999.95,elbise
Siyah Triko Detaylı Deri Elbise,1999.95,elbise
Kahverengi Desenli Kruvaze Elbise,2999.95,elbise
Lacivert Dikiş Detaylı Denim Elbise,3999.95,elbise
Siyah Halter Yaka Elbıse,5999.95,elbise
Gri Degaje Yaka Uzun Elbise,7999.95,elbise
Siyah Straplez Mini Elbise,2999.95,elbise
Siyah Straplez Mini Elbise,1999.95,elbise
Siyah Pileli Örme Elbise,6999.95,elbise
Bordo Halter Yaka Elbıse,5999.95,elbise
Gri Yırtmaç Detaylı Örme Elbise,5999.95,elbise
Siyah Kısa Kolsuz Elbise,3999.95,elbise
Siyah Bağlama Detaylı Saten Elbise,3499.95,elbise
Yeşil Büzgü Detaylı Yırtmaçlı Elbise,5999.95,elbise
Kahverengi Yırtmaç Detaylı Örme Elbise,7999.95,elbise
Siyah Drapeli Dantel Elbise,3999.95,elbise
Siyah Kısa Kollu Tüvit Elbise,1999.95,elbise
Siyah Moda Tutkusu Bağlama Detaylı Elbise,4999.95,elbise
Lacivert Fiyonk Detaylı Kısa Elbise,6999.95,elbise
Kemik Pliseli Elbise,4999.95,elbise
Siyah Dantel Elbise,1999.95,elbise
Siyah Triko Elbise,1299.95,elbise
Kırmızı Askılı Mini Elbise,6999.95,elbise
Siyah V Yaka Kolsuz Elbise,3999.95,elbise
Lacivert Kısa Kol Taşlı Denim Elbise,2499.95,elbise
Siyah Yırtmaçlı Sırt Detaylı Elbise,3999.95,elbise
Yeşil Degaje Yaka Uzun Elbise,7999.95,elbise
Siyah Asimetrik Saten Elbise,7999.95,elbise
Siyah İşlemeli Pileli Mini Elbise,9999.95,elbise
Siyah Büzgü Detaylı Yırtmaçlı Elbise,5999.95,elbise
Kahverengi Büzgü Detaylı Elbise,4999.95,elbise
Siyah Sırt Dekolteli Saten Elbise,6999.95,elbise
Siyah Kolsuz Düğmeli Gömlek Elbise,2499.95,elbise
Lacivert Pliseli Elbise,4999.95,elbise
Siyah Kadife Uzun Kollu Elbise,1999.95,elbise
Lacivert Büzgü Detaylı Elbise,4999.95,elbise
Siyah Omuzları Açık Kadife Elbise,1999.95,elbise
Siyah Büzgü Detaylı Anvelop Elbise,5999.95,elbise
Lacivert Büzgü Detaylı Mini Elbise,3999.95,elbise
Siyah Kadife Slip Elbise,2499.95,elbise
Lacivert Yırtmaçlı Jarse Elbise,4999.95,elbise
Siyah Büzgü Detaylı Örme Elbise,2499.95,elbise
Lacivert Halter Yaka Elbıse,5999.95,elbise
Lacivert Asimetrik Örme Elbise,4999.95,elbise
Pembe Mert Aslan Askılı Jakar Elbise,6999.95,elbise
Bordo Kolsuz Midi Boy Elbise,12999.95,elbise
Siyah Kolsuz Örme Büzgülü Elbise,6999.95,elbise
Siyah Asimetrik Örme Elbise,4999.95,elbise
Yeşil Sırt Dekolteli Saten Elbise,6999.95,elbise
Siyah Tek Omuz Taşlı Örme Elbise,6999.95,elbise
Lacivert Büzgü Detaylı Anvelop Elbise,5999.95,elbise
Yeşil Halter Yaka Elbıse,5999.95,elbise
Gri Asimetrik Örme Elbise,4999.95,elbise
Siyah İşlemeli Mini Tafta Elbise,6999.95,elbise
Siyah Kare Yaka Elbise,3499.95,elbise
Siyah Püskül Detaylı Kolsuz Elbise,1999.95,elbise
Siyah Kolsuz Örme Elbise,1999.95,elbise
Siyah Yırtmaçlı Jarse Elbise,4999.95,elbise
Siyah Yırtmaç Detaylı Örme Elbise,7999.95,elbise
Siyah Volanlı Elbise,1999.95,elbise
Siyah Kolsuz Midi Boy Elbise,12999.95,elbise
Siyah Düğme Detaylı Triko Elbise,1999.95,elbise
Kahverengi Kolsuz Midi Boy Elbise,12999.95,elbise
Camel Kolsuz Süet Elbise,4999.95,elbise
Lacivert ElbiseDikiş Detaylı Midi Elbise,3799.95,elbise
Kahverengi Yandan Bağlamalı Elbise,3999.95,elbise
Lacivert Kısa Kollu Süet Elbise,4999.95,elbise
Kahverengi Büzgü Detaylı Elbise,5999.95,elbise
Kahverengi Simli Uzun Trıko Elbıse,3999.95,elbise
Pembe Bağlama Detaylı Elbise,4999.95,elbise
Kahverengi Kısa Kollu Süet Elbise,4999.95,elbise
Siyah Kare Yaka Elbise,3499.95,elbise
Mürdüm Kolsuz Midi Süet Elbise,4999.95,elbise
Siyah Kolsuz Uzun Trıko Elbise,3999.95,elbise
Lacivert Kolsuz Önü Düğmeli Elbise,3999.95,elbise
Vanilya Piliseli Elbise,5999.95,elbise
Pembe Volanlı Yırtmaç Detaylı Uzun Elbise,8999.95,elbise
Vanilya Kolsuz Yırtmaç Detaylı Asimetrik Elbise,3999.95,elbise
Siyah Düğüm Detaylı Triko Elbise,4999.95,elbise
Siyah Yakası Fularlı Elbise,4499.95,elbise
Siyah Kolsuz Kare Yaka Gabardin Elbise,3999.95,elbise
Lacivert Kolsuz Önü Düğmeli Elbise,3999.95,elbise
Siyah Örme Büzgülü Elbise,5999.95,elbise
Siyah İp Askılı Triko Elbise,4999.95,elbise
Kemik İp Askılı Triko Elbise,4999.95,elbise
Siyah Mert Aslan Drapeli Örme Elbise,3999.95,elbise
Beyaz V Yaka Midi Boy Poplin Elbise,1999.95,elbise
Kahverengi Jakar Elbise,1999.95,elbise
Sarı Askılı Örme Elbise,1999.95,elbise
Lacivert Askılı Balon Elbise,2999.95,elbise
Kahverengi Büzgülü Mini Elbise,2499.95,elbise
Pembe Mert Aslan Desenli Uzun Şifon Elbise,3999.95,elbise
Siyah Askılı Örme Elbise,799.95,elbise
Turuncu Mert Aslan Pileli Kolsuz Elbise,3999.95,elbise
Pembe Mert Aslan Büzgülü Uzun Desenli Elbise,4999.95,elbise
Pembe Mert Aslan Straplez Desenli Elbise,4999.95,elbise
Beyaz İp Askılı Uzun Elbise,1499.95,elbise
Kahverengi Askılı Örme Elbise,799.95,elbise
Turuncu V Yaka Uzun Elbise,2499.95,elbise
Beyaz Mert Aslan Büzgülü Uzun Elbise,2499.95,elbise
Bej Jakar Elbise,1999.95,elbise
Pembe Halter Yaka Keten Elbise,2499.95,elbise
Kemik Nakış Detaylı Boyundan Bağlamalı Mini Elbise,2999.95,elbise
Kahverengi Desenli Mini Elbise,2499.95,elbise
Pembe Mert Aslan Straplez Desenli Elbise,4999.95,elbise
Pembe Volanlı Uzun Şifon Elbise,2999.95,elbise
Fuşya V Yaka Desenli Elbise,1299.95,elbise
Turuncu Askılı Desenli Elbise,1999.95,elbise
Sarı Büzgülü Elbise,1999.95,elbise
Kemik Moda Tutkusu Askılı Uzun Elbise,2499.95,elbise
Pembe V Yaka Bağlamalı Desenli Elbise,1999.95,elbise
Beyaz Balon Kol Mini Elbise,1499.95,elbise
Turuncu Meydan Okuyanlar V Yaka Desenli Keten Elbise,1499.95,elbise
Beyaz V Yaka Güpürlü Elbise,1999.95,elbise
Yeşil Mert Aslan Omuzları Açık Mini Elbise,1999.95,elbise
Siyah Moda Tutkusu Askılı Mini Elbise,1499.95,elbise
Mavi Desenli Mini Elbise,999.95,elbise
Turuncu Straplez Mini Elbise,1299.95,elbise
Turuncu Halter Yaka Keten Elbise,2499.95,elbise
Bej Moda Tutkusu Güpür Uzun Elbise,1299.95,elbise
Siyah Kolsuz Uzun Elbise,999.95,elbise
Bej Moda Tutkusu Uzun Brode Elibise,1499.95,elbise
Siyah Moda Tutkusu Dantel Elbise,1299.95,elbise
Saks Kolsuz Uzun Elbise,999.95,elbise
Siyah Night Zoom Uzun Kollu Mini Taşlı Elbise,6999.95,elbise
Kemik Brodeli Elbise,1499.95,elbise
Beyaz Night Zoom Boncuk İşlemeli Mini Elbise,5999.95,elbise
Sarı Mert Aslan Omuzları Açık Mini Tafta Elbise,2999.95,elbise
Siyah Night Zoom Halter Yaka Mini Elbise,9999.95,elbise
Gold Night Zoom Kolsuz İşlemeli Elbise,14999.95,elbise
Kahverengi V Yaka Triko Elbise,999.95,elbise
Siyah Jakar Uzun Elbise,6999.95,elbise
Siyah Dantel Detaylı Uzun Elbise,9999.95,elbise
Kemik Moda Tutkusu Kemer Detaylı Gömlek Elbise,1999.95,elbise
Siyah V Yaka Triko Elbise,999.95,elbise
Siyah Night Zoom Tek Omuzlu Mini Elbise,1999.95,elbise
Kemik Dantel Detaylı Uzun Elbise,9999.95,elbise
Kemik Askılı Mini Elbise,6999.95,elbise
Mor Night Zoom Halter Yaka Uzun Elbise,4999.95,elbise
Siyah Fırfırlı Uzun Elbise,9999.95,elbise
Kemik Night Zoom Kolsuz İşlemeli Elbise,14999.95,elbise
Siyah Fiyonk Detaylı Kısa Elbise,6999.95,elbise
Siyah Night Zoom Kolsuz İşlemeli Elbise,14999.95,elbise
Fuşya Mert Aslan Pileli Uzun Elbise,7999.95,elbise
Siyah Straplez Elbise,7999.95,elbise
Gold Night Zoom Mini Boncuk İşelmeli Elbise,14999.95,elbise
Siyah Moda Tutkusu V Yaka Kolsuz Uzun Elbise,1999.95,elbise
Beyaz Night Zoom Halter Yaka Uzun Elbise,3999.95,elbise
Pembe Night Zoom Mini Boncuk İşelmeli Elbise,14999.95,elbise
Sarı Night Zoom Straplez Mini Elbise,4999.95,elbise
Lacivert  Cep Kapaklı Straplez Elbise,1499.95,elbise
Gold Night Zoom Halter Yaka Mini Elbise,9999.95,elbise
Kemik Dantelli Mini Elbise,6999.95,elbise
Mor Night Zoom Straplez Mini Elbise,4999.95,elbise
Kırmızı Night Zoom Halter Yaka Uzun Elbise,4999.95,elbise
Kemik Straplez Elbise,7999.95,elbise
Yeşil Mert Aslan Straplez Pileli Elbise,9999.95,elbise
Siyah Night Zoom V yaka Mini Elbise,2499.95,elbise
Lacivert Night Zoom Tek Omuzlu Mini Elbise,1999.95,elbise
Kemik Night Zoom Taş Detaylı Mini Elbise,3999.95,elbise
Bordo Night Zoom Düşük Omuz Elbise,999.95,elbise
Vanilya Askılı Mini Elbise,1999.95,elbise
Vizon Volanlı Elbise,1499.95,elbise
Kırmızı Night Zoom V yaka Mini Elbise,2499.95,elbise
Vanilya Moda Tutkusu Kolsuz Parçalı Elbise,2999.95,elbise
Fuşya Mert Aslan Straplez Asimetrik Elbise,2999.95,elbise
Fuşya Mert Aslan Straplez Büzgülü Elbise,4999.95,elbise
Lacivert Night Zoom İp Askılı Uzun Elbise,3999.95,elbise
Kemik Mert Aslan Pelerinli Kolsuz Elbise,2999.95,elbise
Kırmızı Mert Aslan Kolsuz Desenli Uzun Elbise,4999.95,elbise
Kahverengi Night Zoom Kolsuz Uzun Örme Elbise,3999.95,elbise
Gold Night Zoom Beli Büzgülü Mini Elbise,2799.95,elbise
Kırmızı Night Zoom Drapeli Örme Elbise,2999.95,elbise
Siyah Mert Aslan Pelerinli Kolsuz Elbise,1999.95,elbise
Kemik Moda Tutkusu Bağlama Detaylı Elbise,2499.95,elbise
Yeşil Mert Aslan Straplez Midi Boy Jakar Elbise,2999.95,elbise
Lacivert Straplez Elbise,7999.95,elbise
Siyah Night Zoom Tek Omuzlu Uzun Elbise,2499.95,elbise
Siyah Mert Aslan Pelerinli Kolsuz Elbise,2999.95,elbise
Mor Night Zoom Kolsuz Mini Elbise,2499.95,elbise
Siyah Night Zoom Kolsuz Mini Elbise,2499.95,elbise
Kırmızı Mert Aslan Straplez Uzun Elbise,4999.95,elbise
Siyah Moda Tutkusu Kolsuz Parçalı Elbise,2999.95,elbise
Kırmızı Moda Tutkusu V Yaka Kolsuz Uzun Elbise,1999.95,elbise
Siyah Halter Yaka Triko Elbise,999.95,elbise
Siyah Mert Aslan Pullu Triko Elbise,1499.95,elbise
Camel Gömlek Elbise,1499.95,elbise
Camel Halter Yaka Triko Elbise,999.95,elbise
Camel V Yaka Triko Elbise,999.95,elbise
Vanilya Cepli Keten Elbise,1999.95,elbise
Vanilya İp Askılı Kemerli Elbise,1499.95,elbise
Beyaz Mert Aslan Pullu Triko Elbise,1499.95,elbise
Turuncu V Yaka Triko Elbise,999.95,elbise
Siyah Moda Tutkusu Asimetrik Triko Elbise,1499.95,elbise
Turkuaz Night Zoom Düşük Omuz Elbise,1999.95,elbise
Beyaz Night Zoom V Yaka İşlemeli Mini Elbise,5999.95,elbise
Siyah Night Zoom V Yaka Mini Elbise,8999.95,elbise
Turkuaz Night Zoom Asimetrik Mini  Elbise,4999.95,elbise
Siyah Night Zoom V Yaka Askılı Mini Elbise,1999.95,elbise
Pembe Desenli Uzun Elbise,1999.95,elbise
Turuncu Moda Tutkusu Örme Elbise,999.95,elbise
Lacivert Fiyonk Detaylı Büzgülü Desenli Elbise,1999.95,elbise
Lacivert Desenli V Yaka Elbise,1499.95,elbise
Lacivert Dikiş Detaylı Midi Boy Elbise,1499.95,elbise
Haki Büzgülü Elbise,1999.95,elbise
Lime Kısa Kollu Elbise,1499.95,elbise
Siyah Askılı Mini Elbise,6999.95,elbise
Leopar Dantel Detaylı Uzun Elbise,1499.95,elbise
Lacivert Kısa Kollu Midi Elbise,1499.95,elbise
Beyaz Night Zoom Püskül Detaylı  Mini Elbise,4999.95,elbise
Turuncu Büzgülü  Midi Boy Elbise,999.95,elbise
Fuşya Kısa Kol Desenli Örme Elbise,999.95,elbise
Beyaz Night Zoom V Yaka Mini Elbise,8999.95,elbise
Siyah Mert Aslan Drapeli Asimetrik Elbise,5999.95,elbise
Mavi Büzgülü Elbise,2999.95,elbise
Lacivert Moda Tutkusu Kolsuz Tüvit Elbise,1999.95,elbise
Beyaz Güpürlü Elbise,1999.95,elbise
Yeşil Tencel Mını Gömlek Elbise,1999.95,elbise
Fuşya Night Zoom Asimetrik Mini  Elbise,4999.95,elbise
Yeşil Kargo Cepli Elbise,1999.95,elbise
Mor Mert Aslan Büzgülü Kısa Kollu Elbise,2499.95,elbise
Yeşil Cepli Keten Elbise,1999.95,elbise
Siyah Moda Tutkusu Dantel Büzgülü Elbise,1499.95,elbise
Mavi Cepli Keten Elbise,1999.95,elbise
Turuncu Kargo Cepli Elbise,1999.95,elbise
Kırmızı Mert Aslan Pelerinli Kolsuz Elbise,1999.95,elbise
Mor Mert Aslan Pileli Asimetrik Elbise,1999.95,elbise
Kırmızı Night Zoom V Yaka Askılı Mini Elbise,1999.95,elbise
Yeşil Mert Aslan Cepli Minik Tafta Elbise,2499.95,elbise
Mor Mert Aslan Omuzu Açık Desenli Elbise,3999.95,elbise
Siyah Moda Tutkusu Deri Elbise,1299.95,elbise
Kırmızı Moda Tutkusu Drape Detaylı Mini Elbise,1499.95,elbise
Gri Night Zoom Boncuk İşlemeli Mini Elbise,5999.95,elbise
Lacivert Mert Aslan Büzgülü  Yırtmaçlı Elbise,2999.95,elbise
Turuncu Mert Aslan Büzgülü  Yırtmaçlı Elbise,2999.95,elbise
Siyah Desenli Uzun Elbise,1999.95,elbise
Siyah Moda Tutkusu Saten Dökümlü Elbise,1999.95,elbise
Kahverengi Moda Tutkusu Saten Dökümlü Elbise,1999.95,elbise
Siyah Mert Aslan Büzgülü Örme Mini Elbise,1499.95,elbise
Sarı Mert Aslan Desenli Kruvaze Elbise,2999.95,elbise
Mavi Volanlı Elbise,1999.95,elbise
Siyah Askılı Salaş Triko Elbise,699.95,elbise
Bej Askılı Salaş Triko Elbise,699.95,elbise
Gold Mert Aslan Tek Omuz İşlemeli Mini Elbise,5999.95,elbise
Siyah Moda Tutkusu Kolsuz Triko Elbise,1999.95,elbise
Kırmızı Mert Aslan Asimetrik Mini Elbise,1999.95,elbise
Leopar Leopar Desenli Örme Elbise,1499.95,elbise
Kemik Mert Aslan Asimetrik Mini Elbise,1999.95,elbise
Kemik Night Zoom Taş Detaylı Askılı Mini Elbise,1999.95,elbise
Mavi V Yaka Elbise,1999.95,elbise
Mavi Kolu Volanlı Uzun Elbise,1999.95,elbise
Vanilya Önden Düğmeli Şifon Uzun Elbise,2499.95,elbise
Lacivert Straplez Mini Elbise,1499.95,elbise
Sarı Askılı Jakar Elbise,1999.95,elbise
Siyah Kolsuz Salaş Triko Elbise,699.95,elbise
Kahverengi Çiçek Desenli Örme Elbise,799.95,elbise
Kahverengi Uzun Kol Gömlek Elbise,1499.95,elbise
Mavi Gömlek Elbise,1999.95,elbise
Siyah Pliseli Mini Elbise,1499.95,elbise
Lacivert Fermuar Detaylı Mini Elbise,1499.95,elbise
Kemik Mert Aslan Straplez Asimetrik Elbise,2999.95,elbise
Pembe Büzgü Detaylı Kolsuz Uzun Elbise,1999.95,elbise
Siyah Moda Tutkusu Jakar Örme Elbise,1999.95,elbise
Bej Moda Tutkusu Jakar Örme Elbise,1999.95,elbise
Turuncu Kalp Yaka Balon Kol  Desenli Mini Elbise,799.95,elbise
Mavi Askılı V Yaka Uzun Elbise,1999.95,elbise
Yeşil V Yaka Şifon Elbise,1499.95,elbise
Yeşil Kalp Yaka Balon Kol  Desenli Mini Elbise,999.95,elbise
Fuşya Mert Aslan Straplez Mini Elbise,5999.95,elbise
Pembe Desenli Kemerli Elbise,2999.95,elbise
Bej Desenli Uzun Elbise,2499.95,elbise
Siyah Mert Aslan Taşlı Midi Elbise,2999.95,elbise
Kahverengi Triko Elbise,5999.95,elbise
Siyah Yaka Detaylı Triko Elbise,4999.95,elbise
Turuncu Mert Aslan Askılı Jakar Elbise,6999.95,elbise
Siyah Night Zoom Volan Detaylı Uzun Elbise,8999.95,elbise
Siyah Volanlı Mini Elbise,4999.95,elbise
Pembe Mert Aslan Büzgülü Örme Mini Elbise,3999.95,elbise
Pembe Night Zoom Taş Detaylı Mini Elbise,3999.95,elbise
Lacivert Night Zoom Taş Detaylı Mini Elbise,3999.95,elbise
Fuşya Mert Aslan İşlemeli Tafta Elbise,3999.95,elbise
Siyah Moda Tutkusu V Yaka Kolsuz Elbise,1499.95,elbise
Bej V Yaka Desenli Elbise,1499.95,elbise
Lacivert Düğme  Detaylı Elbise,1999.95,elbise
Vanilya Moda Tutkusu Mini Elbise,799.95,elbise
Siyah İp Askılı Kemerli Elbise,1499.95,elbise
Yeşil Arkası Gipeli Keten Elbise,1999.95,elbise
Pembe Kısa Kollu Elbise,1499.95,elbise
Beyaz Düğme  Detaylı Elbise,1999.95,elbise
Lacivert Mert Aslan Desenli Denim Elbise,1999.95,elbise
Pembe İp Askılı Mini Elbise,1499.95,elbise
Haki Volan Detaylı Midi Elbise,1499.95,elbise
Siyah Mert Aslan Cepli Minik Tafta Elbise,2499.95,elbise
Kemik Moda Tutkusu Yırtmaçlı Uzun Elbise,1999.95,elbise
Kemik Mert Aslan Cepli Minik Tafta Elbise,2499.95,elbise
Siyah Dekolteli Elbise,1499.95,elbise
Siyah Night Zoom Püskül Detaylı  Mini Elbise,4999.95,elbise
Turuncu Desenli Uzun Elbise,1499.95,elbise
Saks Uzun Kollu Midi Elbise,1999.95,elbise
Saks Mert Aslan Degaje Yaka Elbise,2999.95,elbise
Kemik Mert Aslan Kare Yaka  Uzun Elbise,5999.95,elbise
Yeşil Kaşif Desenli Elbise,1999.95,elbise
Siyah Kolsuz Uzun Elbise,999.95,elbise
Kahverengi Kolsuz Uzun Elbise,999.95,elbise
Beyaz V Yaka Önü Düğmeli Elbise,1499.95,elbise
Yeşil Askılı V Yaka Uzun Elbise,1999.95,elbise
Kemik Moda Tutkusu Askılı Elbise,1999.95,elbise
Vanilya Balon Kollu Mini Elbise,1499.95,elbise
Siyah Volanlı Elbise,2499.95,elbise
Yeşil Moda Tutkusu Dantel Detaylı Jakarlı Salopet,1999.95,elbise
Siyah Büzgülü Kolsuz Uzun Elbise,7999.95,elbise
Siyah Askılı Midi Elbise,3999.95,elbise
Kahverengi Askılı Trıko Elbise,4999.95,elbise
Vanilya Kolsuz Kare Yaka Gabardin Elbise,3999.95,elbise
Yeşil Kuşaklı Gömlek Elbise,5999.95,elbise
Kahverengi Cep Detaylı Elbise,5999.95,elbise
Lacivert Cep Detaylı Elbise,5999.95,elbise
Sarı Volanlı Çizgili Kolsuz Elbise,5999.95,elbise
Siyah Kolsuz Midi Elbise,4499.95,elbise
Lacivert Önden Düğmeli Denim Elbise,3999.95,elbise
Kemik Yakası Taş Detaylı Kolsuz Elbise,3499.95,elbise
Beyaz Dantelli Elbise,1999.95,elbise
Pembe Desenli Gömlek Elbise,1999.95,elbise
Mavi Büzgülü Mini Elbise,1499.95,elbise
Kırmızı Night Zoom Kısa Kollu Uzun Elbise,2999.95,elbise
Mavi Büzgülü Elbise,1999.95,elbise
Sarı Askılı Uzun Elbise,1999.95,elbise
Siyah Jakarlı Kolsuz Elbise ,1999.95,elbise
Bej Kolsuz Salaş Triko Elbise,699.95,elbise
Turuncu Volanlı Elbise,2499.95,elbise
Mor Gömlek Yaka Elbise,1999.95,elbise
Vizon Tek omuz elbise,1999.95,elbise
Kemik Moda Tutkusu Askılı Elbise,1999.95,elbise
Kemik Kolsuz Midi Boy Elbise,2999.95,elbise
Pembe Kolsuz Yırtmaç Detaylı Asimetrik Elbise,3999.95,elbise
Bej Süet Detaylı Elbise,4999.95,elbise
Kemik Askılı Mini Elbise,4999.95,elbise
Siyah Kolsuz Volanlı Elbise,4999.95,elbise
Haki Askılı Jakarlı Elbise,4999.95,elbise
Kahverengi Yakası İşlemeli Triko Elbise,4999.95,elbise
Siyah Cep Detaylı Kısa Kollu Elbise,4999.95,elbise
Koyu Mint  U-Yaka Kolsuz Gabardin Elbise,3999.95,elbise
Siyah V Yaka Saten Detaylı Elbise,5999.95,elbise
Siyah Askılı Trıko,4999.95,elbise
Yeşil Kısa Büzgülü Elbise,4499.95,elbise
Siyah Kolsuz Kuşaklı Elbise,5999.95,elbise
Lila Kolsuz Cep Detaylı Kısa Elbise,4999.95,elbise
Yeşil Night Zoom Halter Yaka Uzun Elbise,4999.95,elbise
Siyah Kolsuz Yırtmaç Detaylı Asimetrik Elbise,3999.95,elbise
Olive Ajurlu Triko Elbise,6999.95,elbise
Sarı straplez mini elbise,3999.95,elbise
Kemik Kolsuz Kloş Saten Elbise,4499.95,elbise
Siyah Kolsuz Pliseli Triko Elbise,5999.95,elbise
Siyah Kolsuz Uzun Elbise,4999.95,elbise
Siyah Plise Detaylı Elbise,5999.95,elbise
Siyah Kare Yaka Elbise,3999.95,elbise
Vanilya Night Zoom Büzgülü Örme Elbise,7999.95,elbise
Kemik Kolsuz Midi Elbise,4499.95,elbise
Kahverengi Kısa Büzgülü Elbise,4499.95,elbise
Bej Kolsuz Kuşaklı Elbise,5999.95,elbise
Siyah Pilise Detaylı Elbise,5999.95,elbise
Siyah Önü Düğmeli Mini Elbise,4999.95,elbise
Kemik Plise Detaylı Elbise,5999.95,elbise
Siyah Degaje Örme Elbise,5999.95,elbise
Pembe Askılı Jakarlı Elbise,4999.95,elbise
Bordo V Yaka Saten Detaylı Elbise,5999.95,elbise
Kemik Askılı Trıko,4999.95,elbise
Lacivert Askılı Mini Elbise,4999.95,elbise
Yeşil Kolsuz Cep Detaylı Kısa Elbise,4999.95,elbise
Yeşil Tafta Garnili Kolsuz Elbise,4999.95,elbise
Siyah Volanlı Yırtmaç Detaylı Uzun Elbise,5999.95,elbise
Siyah Büzgülü Elbise,3499.95,elbise
Yeşil Kruvaze Kolsuz Mini Elbise,4999.95,elbise
Koyu Mint Kolsuz Volanlı Elbise,4999.95,elbise
Siyah Piliseli Elbise,5999.95,elbise
Kahverengi Önü Düğmeli Tüvit Elbise,5999.95,elbise
Yeşil Kolsuz Godeli Mini Elbise,3999.95,elbise
Sarı Kuşak Detaylı Desenli Elbise,4999.95,elbise
Vanilya Pile Detaylı Düğmeli Elbise,4499.95,elbise
Mavi Ajurlu Triko Elbise,6999.95,elbise
Lacivert Erkek Yaka Mini Elbise,3999.95,elbise
Kemik Kolsuz Elbise,3999.95,elbise
Siyah Kolsuz Yırtmaç Detaylı Asimetrik Elbise,3999.95,elbise
Kemik Garni Detaylı Elbise,3999.95,elbise
Lacivert Kolsuz Godeli Mini Elbise,3999.95,elbise
Mavi Bağlama Detaylı Elbise,4999.95,elbise
Lacivert Önden Düğmeli Kuşak Detaylı Çizgili Gömlek Elbise,4499.95,elbise
Lacivert Erkek Yaka Mini Elbise,2999.95,elbise
Lacivert Etek Ucu Fırfırlı Trıko Elbıse,5999.95,elbise
Siyah Ajurlu Triko Elbise,6999.95,elbise
Mavi Erkek Yaka Kolsuz Desenli Elbise,4999.95,elbise
Siyah Yan bağlama detaylı elbise,3499.95,elbise
Siyah Yakası Taş Detaylı Kolsuz Elbise,3499.95,elbise
Yeşil Kolsuz Uzun Elbise,4999.95,elbise
Yeşil V - Yaka Elbise,4499.95,elbise
Vanilya Önden Düğmeli Cepli Elbise,5999.95,elbise
Vanilya Kolsuz Mini Elbise,3999.95,elbise
Siyah Simli Uzun Trıko Elbıse,3999.95,elbise
Vanilya Düğmeli Elbise,5999.95,elbise
Lacivert Kolsuz Düğme Detaylı Pileli Elbise,5999.95,elbise
Yeşil Kolsuz Midi Elbise,4499.95,elbise
Lacivert Kadın Önü Düğmeli Bluz,1499.95,bluz
Lacivert Örme Büzgü Detaylı Bluz,1299.95,bluz
Lacivert Desenli Bluz,999.95,bluz
Kemik Düğme Detaylı Yün Triko Bluz,1299.95,bluz
Siyah Yakası Kadife Detaylı Bluz,1299.95,bluz
Siyah Desenli Bluz,1499.95,bluz
Mürdüm Uzun Kollu Bluz,1499.95,bluz
Pembe Düğme Detaylı Yün Triko Bluz,1299.95,bluz
Siyah Dantelli Bluz,1299.95,bluz
Siyah Yan Detaylı Yün Triko Bluz,1499.95,bluz
Siyah Örme Büzgü Detaylı Bluz,1299.95,bluz
Gri Düğme Detaylı Yün Triko Bluz,1299.95,bluz
Bordo Kolu Fırfırlı Yün Karışımlı Triko Bluz,799.95,bluz
Kemik Dantelli Bluz,1299.95,bluz
Siyah Uzun Kol Büzgülü Bluz,799.95,bluz
Kahverengi Yan Detaylı Yün Triko Bluz,1499.95,bluz
Kahverengi Büzgü Detaylı Uzun Kollu Bluz,999.95,bluz
Siyah Degaje Yaka Bluz,799.95,bluz
Kemik Yan Detaylı Yün Triko Bluz,1499.95,bluz
Gri Straplez Bluz,799.95,bluz
Siyah Kolsuz Desenli Triko Bluz,999.95,bluz
Siyah Anvelop Bluz,1999.95,bluz
Beyaz Yakalı Kolsuz Bluz,799.95,bluz
Siyah Volanlı Bluz,1499.95,bluz
Gri Uzun Kollu Bluz,799.95,bluz
Bordo Kolsuz Saten Bluz,799.95,bluz
Siyah Degaje Yaka Kolsuz Bluz,1499.95,bluz
Siyah Çizgili Kolsuz Bluz,1499.95,bluz
Siyah Yakalı Kolsuz Bluz,799.95,bluz
Siyah Kolu Fırfırlı Yün Karışımlı Triko Bluz,799.95,bluz
Kahverengi Kolsuz Piliseli Desenli Bluz,1499.95,bluz
Kahverengi Yakası Taşlı Kolsuz Bluz,999.95,bluz
Kemik Çizgili Kolsuz Bluz,1499.95,bluz
Gri Dik Yaka Triko Bluz,999.95,bluz
Mavi Çizgili Kolsuz Bluz,1499.95,bluz
Lacivert Drapeli Kolsuz Body,999.95,bluz
Lacivert Omuzu Taşlı Bluz,799.95,bluz
Mürdüm Askılı Yün Triko Bluz,799.95,bluz
Gri Biye Detaylı Askılı Triko Bluz,799.95,bluz
Pembe Yuvarlak Yaka Triko Bluz,799.95,bluz
Mürdüm Desenli Volanlı Bluz,999.95,bluz
Bordo Drapeli Kolsuz Bluz,799.95,bluz
Kahverengi Straplez Bluz,799.95,bluz
Kahverengi Kolsuz Saten Bluz,799.95,bluz
Ekru Kolu Fırfırlı Yün Karışımlı Triko Bluz,799.95,bluz
Siyah Askılı Yün Triko Bluz,799.95,bluz
Bej Bağcık Detaylı Bluz,1499.95,bluz
Pembe Askılı Yün Triko Bluz,799.95,bluz
Yeşil Drapeli Kolsuz Bluz,799.95,bluz
Siyah Tek Omuz Örme Bluz,999.95,bluz
Yeşil Degaje Yaka Bluz,999.95,bluz
Siyah Kısa Kollu Bluz,999.95,bluz
Siyah Kolsuz Tuvit Bluz,1999.95,bluz
Kemik Kolsuz Büzgülü Bluz,799.95,bluz
Siyah Biye Detaylı Askılı Triko Bluz,799.95,bluz
Gri Kolsuz Piliseli Desenli Bluz,1499.95,bluz
Kahverengi Saten Kolsuz Bluz,999.95,bluz
Siyah Dik Yaka Triko Bluz,999.95,bluz
Bordo Büzgülü Bluz,1499.95,bluz
Gold Straplez Jakar Bluz,1999.95,bluz
Kemik Dantel Bluz,699.95,bluz
Mürdüm Şerit Detaylı Triko Bluz,1299.95,bluz
Siyah Fırfır Detaylı Triko Bluz,999.95,bluz
Lacivert Volan Detaylı Saten Bluz,1499.95,bluz
Vanilya Tek Omuz Örme Bluz,999.95,bluz
Yeşil Büzgülü Bluz,1499.95,bluz
Kahverengi Omuzu Taşlı Bluz,799.95,bluz
Camel Toka Detaylı Kısa Kollu Bluz,999.95,bluz
Kemik Saten Kolsuz Bluz,999.95,bluz
Camel Kolsuz Büzgülü Bluz,799.95,bluz
Siyah Şerit Detaylı Triko Bluz,1299.95,bluz
Bordo Fularlı Bluz,1499.95,bluz
Kahverengi Payet Bluz,1999.95,bluz
Sarı Yakalı Kolsuz Bluz,1299.95,bluz
Sarı Drapeli Kolsuz Body,999.95,bluz
Kemik Dik Yaka Triko Bluz,999.95,bluz
Turuncu Degaje Yaka Kolsuz Bluz,1499.95,bluz
Siyah Bisiklet Yaka Triko Bluz,999.95,bluz
Kemik Kolsuz Piliseli Bluz,1499.95,bluz
Kahverengi Drapeli Kolsuz Body,999.95,bluz
Vanilya Yakalı Kolsuz Bluz,1299.95,bluz
Yeşil Çizgili Kolsuz Bluz,1499.95,bluz
Pembe Yakalı Kolsuz Bluz,1299.95,bluz
Kemik Kolsuz Bluz,799.95,bluz
Bordo Night Zoom Halter Yaka Crop Bluz,3999.95,bluz
Siyah Dik Yaka Balıkçı Kolsuz  Asetat Triko Bluz,2999.95,bluz
Siyah Kolsuz Bluz,999.95,bluz
Siyah Önden Düğmeli Bluz,1999.95,bluz
Kemik Degaje Yaka Uzun Kol Bluz,1299.95,bluz
Siyah Degaje Yaka Uzun Kol Bluz,1299.95,bluz
Siyah 3/4 Kollu Dantel Bluz,1499.95,bluz
Gold Ajurlu Triko Bluz,1999.95,bluz
Gri Uzun Kollu Büzgülü Bluz,899.95,bluz
Siyah Dantel Bluz,999.95,bluz
Siyah V Yaka Bluz,1799.95,bluz
Siyah Bağlama Detaylı Dik Yaka Bluz,3999.95,bluz
Siyah Bağlama Detaylı Anvelop Bluz,1299.95,bluz
Kemik Uzun Kollu Bluz,2499.95,bluz
Siyah Pelerin Detaylı Bluz,3999.95,bluz
Siyah Dantel Bluz,3999.95,bluz
Vanilya Önden Düğmeli Bluz,1999.95,bluz
Siyah Yakası Taş Detaylı  Asetat Triko Bluz,3499.95,bluz
Kemik Ajurlu Triko Bluz,1999.95,bluz
Kahverengi Dik Yaka Triko Bluz,1299.95,bluz
Gri Balıkçı Yaka Uzun Kol Bluz,999.95,bluz
Gri Pelerin Detaylı Bluz,3999.95,bluz
Gri Dantel Bluz,3999.95,bluz
Siyah Fitilli Triko Bluz,999.95,bluz
Vanilya Dik Yaka Balıkçı Kolsuz  Asetat Triko Bluz,2999.95,bluz
Bordo Bağlama Detaylı Dik Yaka Bluz,3999.95,bluz
Kahverengi Dik Yaka Balıkçı Kolsuz  Asetat Triko Bluz,2999.95,bluz
Kemik Bağlama Detaylı Anvelop Bluz,1299.95,bluz
Lacivert Düğme Detaylı Denim Bluz,3499.95,bluz
Gri Yakası Taş Detaylı  Asetat Triko Bluz,3499.95,bluz
Kahverengi Tül Detaylı Kolsuz Triko Bluz,1299.95,bluz
Siyah Taşlı Örme Bluz,1999.95,bluz
Siyah Uzun Kollu Bluz,2499.95,bluz
Lacivert Yakası Taş Detaylı  Asetat Triko Bluz,3499.95,bluz
Vanilya Yakası Taş Detaylı  Asetat Triko Bluz,3499.95,bluz
Siyah Boğazlı Kısa Kol Triko Bluz,799.95,bluz
Kemik Yakası Ribanalı Bluz,1999.95,bluz
Siyah Damla Detaylı Triko Bluz,1799.95,bluz
Saks Erkek Yaka Bluz,2499.95,bluz
Kemik Taslı Kolsuz Trıko Bluz,2999.95,bluz
Siyah İp Askılı Triko Bluz,2999.95,bluz
Kemik Kolsuz Triko Bluz,1799.95,bluz
Siyah Kolsuz bluz,1999.95,bluz
Yeşil Yakası Ribanalı Bluz,1999.95,bluz
Siyah Yakası Ribanalı Bluz,1999.95,bluz
Kemik Damla Detaylı Triko Bluz,1799.95,bluz
Siyah Büzgü Detaylı Bluz,2999.95,bluz
Vanilya Erkek Yaka Bluz,2499.95,bluz
Kemik İp Askılı Triko Bluz,2999.95,bluz
Siyah Kolsuz Triko Bluz,1799.95,bluz
Siyah Erkek Yaka Bluz,2499.95,bluz
Kemik Kolsuz bluz,1999.95,bluz
Yeşil Damla Detaylı Triko Bluz,1799.95,bluz
Yeşil Mert Aslan Fermuarlı Crop,999.95,bluz
Turuncu Mert Aslan Bağlamalı Bluz,1999.95,bluz
Turuncu Kruvaze Bluz,1499.95,bluz
Safran Kısa Kollu Bluz,699.95,bluz
Siyah Mert Aslan Bağlamalı Bluz,1999.95,bluz
Mavi Bağlama Detaylı Bluz,999.95,bluz
Siyah Bağcıklı Kolsuz Bluz,1499.95,bluz
Kahverengi Büzgülü Bluz,999.95,bluz
Siyah Önü Düğmeli Bluz,1299.95,bluz
Leopar Volanlı Bluz,999.95,bluz
Kemik Mert Aslan Omuzları Gül Aksesuarlı Bluz,1999.95,bluz
Pembe Kolsuz Bluz,699.95,bluz
Siyah Büzgülü Bluz,799.95,bluz
Yeşil Kısa Kollu Bluz,699.95,bluz
Lacivert İnci Detaylı Kolsuz Bluz,999.95,bluz
Pembe Uzun Kollu Pencere Detaylı Bluz,799.95,bluz
Kemik Uzun Kollu Bluz,1499.95,bluz
Vanilya Sırtı Düğmeli Bluz,999.95,bluz
Kemik V Yaka Uzun Kol Bluz,599.95,bluz
Vizon Sırt Dekolteli Bluz,699.95,bluz
Lacivert Mert Aslan Volanlı Bluz,1999.95,bluz
Siyah Moda Tutkusu Straplez Örme Bluz,799.95,bluz
Lacivert Askılı Triko Bluz,899.95,bluz
Siyah Fularlı V Yaka Bluz,999.95,bluz
Vanilya İnci Detaylı Triko Bluz,999.95,bluz
Siyah Moda Tutkusu Dantel Body,699.95,bluz
Pembe İnci Detaylı Triko Bluz,999.95,bluz
Kahverengi Örgü Askılı Bluz,699.95,bluz
Vanilya Örgü Askılı Bluz,699.95,bluz
Pembe Taş Detaylı Triko Bluz,799.95,bluz
Kemik Moda Tutkusu Dantel Body,699.95,bluz
Sarı Geniş Kısa Kollu Bluz,1299.95,bluz
Lacivert Erkek Yaka Bluz,999.95,bluz
Beyaz Geniş Kısa Kollu Bluz,1299.95,bluz
Turuncu Taftta Bluz,799.95,bluz
Bej Moda Tutkusu Önü Delikli Triko Bluz,699.95,bluz
Haki Taş Detaylı Triko Bluz,799.95,bluz
Lacivert Moda Tutkusu Kolsuz Tencel Bluz,999.95,bluz
Beyaz Moda Tutkusu Kolsuz Tencel Bluz,999.95,bluz
Pembe Büzgülü Bluz,999.95,bluz
Siyah Askılı Triko Bluz,899.95,bluz
Bej Kolları Büzgü Detaylı Bluz,799.95,bluz
Camel Moda Tutkusu Kolsuz Denim Bluz,999.95,bluz
Turuncu Uzun Kollu Pencere Detaylı Bluz,799.95,bluz
Turuncu Büzgülü Bluz,999.95,bluz
Yeşil Moda Tutkusu V Yaka Bluz,1499.95,bluz
Mor Desenli Keten Crop,1499.95,bluz
Pembe Kolsuz Bluz,999.95,bluz
Kahverengi Toka Detaylı Bluz,1799.95,bluz
Siyah Asimetrik bluz,2499.95,bluz
Siyah V Yaka Saten Garnili Bluz,2499.95,bluz
Siyah Bağlamalı Bluz,1999.95,bluz
Sarı Aksesuarlı Trıko Bluz,2999.95,bluz
Sarı V Yaka Triko Bluz,1799.95,bluz
Lacivert Erkek Yaka Trıko Bluz,2999.95,bluz
Kemik Erkek Yaka Trıko Bluz,2999.95,bluz
Kemik V Yaka Triko Kazak,999.95,bluz
Beyaz Nakış Detaylı Askılı Crop Bluz,799.95,bluz
Olive Nakış Detaylı Askılı Crop Bluz,799.95,bluz
Siyah V Yaka Triko Kazak,999.95,bluz
Pembe Pileli Keten Crop Bluz,999.95,bluz
Turuncu Pileli Keten Crop Bluz,999.95,bluz
Sarı Askılı Örme Bluz,999.95,bluz
Vanilya Yandan Düğmeli Trıko Bluz,1999.95,bluz
Yeşil V Yaka Triko Bluz,1799.95,bluz
Vanilya Dik Yaka Bluz,2499.95,bluz
Kahverengi V Yaka Bluz,1499.95,bluz
Yeşil Kare Yaka Triko Bluz,2499.95,bluz
Kemik Bağlama Detaylı Bluz,3999.95,bluz
Siyah Bağlama  Detaylı Kolsuz Triko Bluz,2999.95,bluz
Lacivert Yanı Detaylı Triko Bluz,2499.95,bluz
Kemik Kolsuz Yakalı Trıko Bluz,1799.95,bluz
Lacivert Kısa Kollu Triko Bluz,2999.95,bluz
Kemik Büzgü Detaylı Bluz,3499.95,bluz
Kahverengi Kolsuz Pliseli Bluz,3499.95,bluz
Siyah Taş detaylı kolsuz örme bluz,1999.95,bluz
Mavi Halter Yaka Triko Bluz,1999.95,bluz
Yeşil Bağlama  Detaylı Kolsuz Triko Bluz,2999.95,bluz
Vanilya Kolsuz dantel bluz,2499.95,bluz
Lacivert Kontrast İp Askılı Triko Bluz,1799.95,bluz
Mavi Kontrast İp Askılı Triko Bluz,1799.95,bluz
Kemik Yakası taşlı bluz,2499.95,bluz
Kemik Yanı Detaylı Triko Bluz,2499.95,bluz
Lacivert Cepli bluz,1799.95,bluz
Siyah Kısa Kol Triko Bluz,2499.95,bluz
Kemik Düğme Detaylı Trıko Bluz,3999.95,bluz
Vanilya Yakası Nakışlı bluz,1499.95,bluz
Lila Taş detaylı kolsuz bluz,1499.95,bluz
Kemik Halter Yaka Triko Bluz,1999.95,bluz
Sarı Yakası İnci İşemeli Triko Bluz,2999.95,bluz
Siyah Kolsuz Yakalı Trıko Bluz,1799.95,bluz
Siyah Kolsuz Triko Bluz,1799.95,bluz
Beyaz Aksesuarlı Trıko Bluz,2999.95,bluz
Kemik Kolsuz Triko Bluz,1999.95,bluz
Siyah Düğme Detaylı Kısa Kol Triko Bluz,3999.95,bluz
Kemik Yakası İnci İşemeli Triko Bluz,2999.95,bluz
Kemik Cepli bluz,1799.95,bluz
Pembe Kısa Kol Triko Bluz,2499.95,bluz
Beyaz V Yaka Triko Bluz,1799.95,bluz
Kemik Taşlı kolsuz bluz,1499.95,bluz
Lacivert Kolsuz Trıko Bluz,1999.95,bluz
Kemik Zincir Detaylı Trıko Bluz,2999.95,bluz
Siyah Kolsuz Triko Bluz,1999.95,bluz
Pembe Bağlamalı Bluz,2999.95,bluz
Kemik Kare Yaka Triko Bluz,2499.95,bluz
Kemik Erkek Yaka Kolsuz Triko Bluz,2499.95,bluz
Mavi Kısa Kol Triko Bluz,2499.95,bluz
Kahverengi Yandan Düğmeli Trıko Bluz,1999.95,bluz
Vanilya Kısa kol bluz,1499.95,bluz
Pembe Agraflı Cep Detaylı Gabardin Ceket,4999.95,bluz
Kahverengi Deri Ayakkabı,8999.95,bluz
Yeşil Bağlama Detaylı Bluz,3999.95,bluz
Beyaz Oversıze bluz,1299.95,bluz
Siyah Kare Yaka Triko Bluz,2499.95,bluz
Lacivert Erkek Yaka Kolsuz Triko Bluz,2499.95,bluz
Siyah Bağlama Detaylı Bluz,3999.95,bluz
Kahverengi Kayık Yaka Asetat Karışımlı Triko Kazak,3499.95,bluz
Yeşil Taş detaylı kolsuz bluz,1499.95,bluz
Lila Düşük Omuz Trıko Bluz,2499.95,bluz
Lila Zincir Detaylı Trıko Bluz,2999.95,bluz
"Kemik Degaje Yaka Triko Bluz
",2999.95,bluz
Pembe Erkek yaka bluz,2499.95,bluz
Beyaz Kontrast İp Askılı Triko Bluz,1799.95,bluz
Kemik Büzgü Detaylı Bluz,1799.95,bluz
Yeşil Kısa Kol Triko Bluz,2499.95,bluz
Siyah Taş detaylı kolsuz bluz,1499.95,bluz
Beyaz Taş detaylı kolsuz bluz,1499.95,bluz
Kemik Düğme Detaylı Kısa Kol Triko Bluz,3999.95,bluz
Siyah Yakası İnci İşemeli Triko Bluz,2999.95,bluz
Yeşil Yakası İnci İşemeli Triko Bluz,2999.95,bluz
Mavi Kolsuz Yakalı Trıko Bluz,1799.95,bluz
Lacivert Kısa Kol Triko Bluz,2499.95,bluz
Vanilya Kayık Yaka Asetat Karışımlı Triko Kazak,3499.95,bluz
Lacivert Taş detaylı kolsuz örme bluz,1999.95,bluz
Pembe Halter Yaka Triko Bluz,1999.95,bluz
Siyah Deri Logolu Ayakkabı,5999.95,bluz
Lacivert Cep Denim Detaylı Trıko Bluz,2499.95,bluz
Siyah Kolsuz dantel bluz,2499.95,bluz
Siyah V Yaka Bluz,1499.95,bluz
Mavi Kare Yaka Triko Bluz,2499.95,bluz
Siyah Cepli bluz,1799.95,bluz
Siyah Kısa Kollu Triko Bluz,2999.95,bluz
Lila Dik Yaka Bluz,2499.95,bluz
Kemik Kolsuz degaje bluz,2499.95,bluz
Haki Yakası taşlı bluz,2499.95,bluz
Kemik Kruvaze Bluz,2499.95,bluz
Kemik V Yaka Bluz,1499.95,bluz
Siyah Halter Yaka Triko Bluz,1999.95,bluz
Vizon Yanı Detaylı Triko Bluz,2499.95,bluz
Kahverengi Yakası İşlemeli Triko Bluz,2499.95,bluz
Lacivert Yakası Nakışlı bluz,1499.95,bluz
Siyah Kontrast İp Askılı Triko Bluz,1799.95,bluz
Kahverengi Yakası taşlı bluz,2499.95,bluz
Lacivert Kolsuz Triko Bluz,1999.95,bluz
Mavi Erkek Yaka Kolsuz Triko Bluz,2499.95,bluz
Vanilya Kısa Kol Triko Bluz,2499.95,bluz
Yeşil Rahat Kesim Volanlı Bluz,2999.95,bluz
Siyah Düğme Detaylı Trıko Bluz,3999.95,bluz
Kahverengi Yakası Nakışlı bluz,1499.95,bluz
Siyah Yandan Düğmeli Trıko Bluz,1999.95,bluz
Siyah V Yaka Triko Bluz,1799.95,bluz
Lacivert Taşlı kolsuz bluz,1499.95,bluz
Siyah Taşlı kolsuz bluz,1499.95,bluz
Siyah Kolsuz degaje bluz,2499.95,bluz
Kemik Kolsuz Trıko Bluz,1999.95,bluz
Siyah Zincir Detaylı Trıko Bluz,2999.95,bluz
Bej Bağlama Detaylı Bluz,3999.95,bluz
Siyah Kısa kol bluz,1499.95,bluz
Mavi Agraflı Cep Detaylı Gabardin Ceket,4999.95,bluz
Siyah Deri Ayakkabı,8999.95,bluz
Kemik Taş detaylı cepli bluz,1999.95,bluz
Pembe İnci Detaylı Bluz,2999.95,bluz
Kemik Zincir nakışlı baskılı bluz,1999.95,bluz
Pembe Düşük Omuz Trıko Bluz,2499.95,bluz
Sarı Zincir Detaylı Trıko Bluz,2999.95,bluz
Kemik Degaje Yaka Kolsuz Bluz,2499.95,bluz
"Siyah Degaje Yaka Triko Bluz
",2999.95,bluz
Siyah Yakası taşlı atlet bluz,1999.95,bluz
Bej Deri Ayakkabı,8999.95,bluz
Siyah Taş detaylı bluz,1999.95,bluz
Kemik Taş detaylı kolsuz örme bluz,1999.95,bluz
Siyah Kayık Yaka Asetat Karışımlı Triko Kazak,3499.95,bluz
Mürdüm Zigzag Örgülü Triko Kazak,799.95,kazak
Siyah Triko Kazak,999.95,kazak
Bordo Yakası Taş Detaylı Triko Kazak,1999.95,kazak
Kahverengi Büzgü Detaylı Triko Kazak,1499.95,kazak
Gri Uzun Kol Triko Kazak,999.95,kazak
Siyah Biye Detaylı Triko Kazak,999.95,kazak
Kemik Kısa Kollu Kazak,1299.95,kazak
Haki Bağlama Detaylı Triko Kazak,799.95,kazak
Gri Fırfır Detaylı Triko Kazak,1499.95,kazak
Gri Simli Balıkçı Yaka Yün Karışımlı Triko Kazak,1999.95,kazak
Bordo Biye Detaylı Triko Kazak,999.95,kazak
Camel Yakası Taş Detaylı Triko Kazak,1999.95,kazak
Gri Simli Triko Kazak,1499.95,kazak
Kahverengi Uzun Kol Triko Kazak,999.95,kazak
Kahverengi Karpuz Kollu Triko Kazak,999.95,kazak
Siyah Bağlama Detaylı Triko Kazak,799.95,kazak
Gri Karpuz Kollu Triko Kazak,999.95,kazak
Bordo Büzgü Detaylı Triko Kazak,1499.95,kazak
Gri Bağlama Detaylı Triko Kazak,799.95,kazak
Siyah Yakası Taş Detaylı Triko Kazak,1999.95,kazak
Siyah Fitilli Triko Bluz,999.95,kazak
Ekru Zigzag Örgülü Triko Kazak,799.95,kazak
Bej Bisiklet Yaka Triko Kazak,999.95,kazak
Kahverengi Simli Balıkçı Yaka Yün Karışımlı Triko Kazak,1999.95,kazak
Siyah Simli Triko Kazak,1499.95,kazak
Camel Triko Kazak,999.95,kazak
Siyah Erkek Yaka İncili Kazak,1299.95,kazak
Siyah Balıkçı Yaka Triko Kazak,899.95,kazak
Gri Dik Yaka Triko Kazak,1499.95,kazak
Gri Bisiklet Yaka Triko Kazak,999.95,kazak
Kemik Dik Yaka Triko Kazak,1499.95,kazak
Gri Balıkçı Yaka Triko Kazak,999.95,kazak
Lacivert Çizgili Balıkçı Yaka Kazak,799.95,kazak
Lacivert Bisiklet Yaka Triko Kazak,999.95,kazak
Pembe Karpuz Kollu Triko Kazak,999.95,kazak
Kemik Balıkçı Yaka Triko Kazak,899.95,kazak
Bordo Düğmeli Triko Kazak,1499.95,kazak
Siyah Zigzag Örgülü Triko Kazak,799.95,kazak
Siyah Payet Triko Kazak,1299.95,kazak
Kemik Çizgili Balıkçı Yaka Kazak,799.95,kazak
Siyah Düğmeli Triko Kazak,1499.95,kazak
Gri Balıkçı Yaka Triko Kazak,999.95,kazak
Kemik V Yaka Triko Kazak,999.95,kazak
Lacivert Çizgili Polo Yaka Triko Kazak,1999.95,kazak
Siyah Transparan Triko Kazak,1299.95,kazak
Siyah V Yaka Triko Kazak,999.95,kazak
Siyah Pul Detaylı Kazak Triko,1499.95,kazak
Ekru Payet Triko Kazak,1299.95,kazak
Gold Pul Detaylı Kazak Triko,1499.95,kazak
Lacivert Polo Yaka Kaşmir Triko Kazak,1499.95,kazak
Gri Kolsuz Triko Süveter,999.95,kazak
Vanilya Kayık Yaka Asetat Karışımlı Triko Kazak,3499.95,kazak
Kemik Büzgülü Triko Kazak,1999.95,kazak
Kahverengi Bisiklet Yaka  Yün Triko Kazak,1999.95,kazak
Vanilya Simli Balıkçı Yaka Yün Karışımlı Triko Kazak,1999.95,kazak
Kahverengi Polo Yaka Kaşmir Triko Kazak,1499.95,kazak
Siyah Yakası Açık Triko Kazak,999.95,kazak
Kahverengi Kayık Yaka Asetat Karışımlı Triko Kazak,3499.95,kazak
Kahverengi Kolsuz Triko Süveter,999.95,kazak
Siyah Yün Balıkçı Triko Kazak,1499.95,kazak
Ekru Sim Detaylı Kaşmir Triko Kazak,1999.95,kazak
Bordo Büzgülü Triko Kazak,1999.95,kazak
Siyah Kayık Yaka Asetat Karışımlı Triko Kazak,3499.95,kazak
Kahverengi Simli Balıkçı Triko Kazak,1299.95,kazak
Kemik Bisiklet Yaka  Yün Triko Kazak,1999.95,kazak
Siyah Sim Detaylı Kaşmir Triko Kazak,1999.95,kazak
Bordo Yakası Açık Triko Kazak,999.95,kazak
Siyah V Yaka Yün Triko Kazak,1499.95,kazak
Ekru Polo Yaka Kaşmir Triko Kazak,1499.95,kazak
Kemik Yün Balıkçı Triko Kazak,1499.95,kazak
Yeşil Bisiklet Yaka  Yün Triko Kazak,1999.95,kazak
Kemik Yakası Açık Triko Kazak,999.95,kazak
Lacivert Polo Yaka Yün Triko Kazak,1499.95,kazak
Lacivert Yün Balıkçı Triko Kazak,1499.95,kazak
Bordo Moda Tutkusu Kayık Yaka Triko Kazak,599.95,kazak
Siyah Moda Tutkusu Kayık Yaka Triko Kazak,599.95,kazak
Siyah Örgü Detaylı Yün  Triko Kazak,1299.95,kazak
Olive Bisiklet Yaka Yün  Triko Kazak,799.95,kazak
Kemik Bisiklet Yaka Trıko Kazak,1999.95,kazak
Siyah Uzun Kol Trıko Kazak,2499.95,kazak
Lacivert Bisiklet Yaka Trıko Kazak,1999.95,kazak
Yeşil Kadife Pantolon,999.95,pantolon
Yeşil Bol Paça Pantolon,1499.95,pantolon
Mor Dar Pantolon,1499.95,pantolon
Mürdüm Bol Pantolon,1999.95,pantolon
Bordo Geniş Paça Pantolon,1499.95,pantolon
Lacivert Cepli Denim Pantolon,2499.95,pantolon
Gri Gabardin Pantolon,1499.95,pantolon
Siyah Paçası Yırtmaçlı Cepli Pantolon,999.95,pantolon
Kahverengi Boru Paça Denim Pantolon,999.95,pantolon
Fuşya Cepli Pantolon,1499.95,pantolon
Lacivert Pileli Cepli Pantolon,1999.95,pantolon
Mürdüm Kargo Cepli Pantolon,1999.95,pantolon
Kırmızı Sigaret Pantolon,999.95,pantolon
Gri Pileli Bol Pantolon,1999.95,pantolon
Haki Cep Detaylı Pileli Kargo Pantolon,1499.95,pantolon
Siyah Beli Lastikli Jakar Pantolon,1999.95,pantolon
Lacivert Taşlı Bol Paça Denim Pantolon,1499.95,pantolon
Lacivert Beli Saten Kadife Pantolon,1999.95,pantolon
Haki Çizgili Bol Paça Pantolon,1999.95,pantolon
Vanilya Pileli Geniş Paça Pantolon,1499.95,pantolon
Yeşil Cepli Pantolon ,1499.95,pantolon
Yeşil Geniş Paça Pantolon,1499.95,pantolon
Siyah Pile Detaylı Pantolon,1499.95,pantolon
Yeşil Sigaret Pantolon,1499.95,pantolon
Lacivert Pileli Bol Paça Pantolon,2499.95,pantolon
Siyah Paçası Lastikli Pantolon,1499.95,pantolon
Lacivert Bol Paça Pantolon,1999.95,pantolon
Lila Geniş Paça Pantolon,1499.95,pantolon
Siyah Triko Pantolon,1499.95,pantolon
Kahverengi Beli Saten Kadife Pantolon,1999.95,pantolon
Lacivert Bol Paça Denim Pantolon,1499.95,pantolon
Siyah Gabardin Pantolon,1499.95,pantolon
Mürdüm Gabardin Cepli Pantolon,1999.95,pantolon
Mürdüm Önü Düğmeli Triko Pantolon,999.95,pantolon
Bej Pile Detaylı Pantolon,1499.95,pantolon
Siyah Geniş Paça Cepli Pantolon,1499.95,pantolon
Camel Gabardin Pantolon,999.95,pantolon
Kahverengi Geniş Paça Gabardin Pantolon,999.95,pantolon
Bej Taş Detaylı Denim Pantolon,1299.95,pantolon
Vanilya Gabardin Cepli Pantolon,999.95,pantolon
Siyah Pileli Bol Pantolon,2499.95,pantolon
Siyah Mert Aslan Cepli Sigaret Pantolon,1999.95,pantolon
Mor Mert Aslan Pile Detaylı Geniş Paça Pantolon,2499.95,pantolon
Siyah Night Zoom Bol Paça İşlemeli Pantolon,5999.95,pantolon
Lacivert Cepli Bol Paça Denim Pantolon,999.95,pantolon
Lacivert Geniş Paça Cepli Pantolon,1499.95,pantolon
Siyah Mert Aslan Boncuk İşlemeli Pantolon,5999.95,pantolon
Gri Pileli Çizgili Pantolon,1499.95,pantolon
Bordo Gabardin Pantolon,999.95,pantolon
Haki 5 Cepli Deri Pantolon,999.95,pantolon
Yeşil Cepli Pantolon,1499.95,pantolon
Yeşil Sigaret Pantolon,1999.95,pantolon
Kahverengi Gabardin Bol Pantolon,1999.95,pantolon
Siyah Metal Aksesuarlı Cepli Pantolon,1999.95,pantolon
Gri Metal Aksesuarlı Cepli Pantolon,1999.95,pantolon
Olive Cepli Gabardin Pantolon,3999.95,pantolon
Lacivert Paçası Yırtmaçlı Yandan Cepli Pantolon,2499.95,pantolon
Lacivert Metal Aksesuarlı Cepli Pantolon,1999.95,pantolon
Vanilya Paçası Yırtmaçlı Yandan Cepli Pantolon,2499.95,pantolon
Mürdüm Paçası Yırtmaçlı Yandan Cepli Pantolon,2499.95,pantolon
Siyah Cepli Gabardin Pantolon,3999.95,pantolon
Kahverengi Cepli Pantolon,1499.95,pantolon
Siyah Taş Detaylı Yandan Cepli Pantolon,3999.95,pantolon
Siyah Bol Paça Pantolon,1999.95,pantolon
Vanilya Balıksırtı Desenli Bol Paça Pantolon,1999.95,pantolon
Kahverengi İspanyol Paça Gabardin Pantolon,1499.95,pantolon
Siyah Geniş Paça Pantolon,2999.95,pantolon
Lacivert Ekose Bol Pantolon,2499.95,pantolon
Lacivert Cepli Pantolon,1999.95,pantolon
Mürdüm Cepli Pantolon,2499.95,pantolon
Lacivert Denim Pantolon,1999.95,pantolon
Siyah Geniş Paça Pantolon,1499.95,pantolon
Bordo Pile Detaylı Bol Pantolon,4999.95,pantolon
Kahverengi Geniş Paça Pantolon,1999.95,pantolon
Gri Geniş Paça Pantolon,1999.95,pantolon
Siyah Geniş Paça Cepli Pantolon,2499.95,pantolon
Siyah Beli Lastikli Triko Pantolon,1499.95,pantolon
Siyah Saten Pantolon,3999.95,pantolon
Bej Metal Aksesuarlı Cepli Pantolon,1999.95,pantolon
Gri Saten Pantolon,3999.95,pantolon
Siyah Sigaret Pantolon,4999.95,pantolon
Siyah Pile Detaylı Bol Pantolon,4999.95,pantolon
Siyah Lastikli Bol Taş Detaylı Örme Pantolon,4999.95,pantolon
Lacivert Bol Paça Denim Pantolon,3999.95,pantolon
Lacivert İspanyol Paça Gabardin Pantolon,1499.95,pantolon
Lacivert İspanyol Paça Denim Pantolon,3999.95,pantolon
Kahverengi İspanyol Paça Pantolon,2999.95,pantolon
Siyah Cepli Pantolon,2999.95,pantolon
Kahverengi Cepli Pantolon,3499.95,pantolon
Lacivert Dikiş Detaylı Denim Pantolon,2799.95,pantolon
Lacivert Bol Paça Çizgili Pantolon,3999.95,pantolon
Lacivert Dar Paça Pantolon,2999.95,pantolon
Siyah İspanyol Paça Pantolon,3499.95,pantolon
Siyah Dar Paça Pantolon,2999.95,pantolon
Lacivert Cepli Pantolon,2999.95,pantolon
Lacivert Dikiş Detaylı Denim Pantolon,2999.95,pantolon
Lacivert Cepli Pantolon,3499.95,pantolon
Lacivert Pileli Pantolon,2399.95,pantolon
Turuncu Desenli Keten Pantolon,1999.95,pantolon
Mavi Bol Paça Pantolon,999.95,pantolon
Mavi Desenli Beli Lastikli Pantolon,1299.95,pantolon
Turuncu Mert Aslan Bol Paça Pantolon,1499.95,pantolon
Lacivert Denim Pantolon,999.95,pantolon
Pembe Düğmeli Yüksek Bel Pantolon,999.95,pantolon
Kahverengi Kargo Cepli Keten Pantolon,1499.95,pantolon
Camel Pileli Bol Paça Pantolon,999.95,pantolon
Vanilya Kuşaklı Pantolon,999.95,pantolon
Vanilya Yandan Cepli Pantolon,999.95,pantolon
Mavi Cargo Cepli Pantolon,1499.95,pantolon
Vizon Moda Tutkusu Çizgili Pantolon,999.95,pantolon
Mavi Bol Paça Çizgili Keten Pantolon,1499.95,pantolon
Camel Bol Paça Pantolon,999.95,pantolon
Bej Keten Pantolon,1999.95,pantolon
Lacivert Keten Pantolon,1999.95,pantolon
Pembe Cepli Pantolon,1499.95,pantolon
Turuncu Yüksek Bel Bol Paçalı Pantolon,1499.95,pantolon
Turuncu Sigaret Pantolon,1499.95,pantolon
Gri Cepli Pantolon,1499.95,pantolon
Siyah Moda Tutkusu Geniş Paça Pantolon,999.95,pantolon
Vanilya Pileli Bol Pantolon,1999.95,pantolon
Bej Moda Tutkusu Geniş Paça Pantolon,999.95,pantolon
Beyaz Moda Tutkusu Bol Tencel Pantolon,1499.95,pantolon
Olive Kargo Cepli Keten Pantolon,1499.95,pantolon
Mavi Moda Tutkusu Beli Lastikli Pantolon,999.95,pantolon
Kemik Cepli Chino Pantolon,799.95,pantolon
Siyah Moda Tutkusu Bol Paça Boncuk İşlemeli Pantolon,3999.95,pantolon
Lacivert Moda Tutkusu Chino Pantolon,1499.95,pantolon
Turuncu Cepli Chino Pantolon,799.95,pantolon
Siyah Çizgili Geniş Paça Pantolon,699.95,pantolon
Fuşya Mert Aslan Bağlama Detaylı Bol Pantolon,2999.95,pantolon
Fuşya Mert Aslan Payet İşlemeli Pantolon,5999.95,pantolon
Kahverengi Geniş Paça Pantolon,1799.95,pantolon
Yeşil Cepli Pantolon,1499.95,pantolon
Lacivert Bol Paça Denim Pantolon,1499.95,pantolon
Yeşil Beli Lastikli Pantolon,1499.95,pantolon
Mavi Kemerli Pantolon,1299.95,pantolon
Siyah Bol Paça Keten Pantolon,1999.95,pantolon
Olive Keten Pantolon,1999.95,pantolon
Mavi Beli Lastikli Pantolon,1499.95,pantolon
Turuncu Bol Paça Keten Pantolon,1999.95,pantolon
Bej Keten Pantolon,1999.95,pantolon
Siyah İspanyol Paça Pantolon,2999.95,pantolon
Lacivert Toka Detaylı Jean Pantolon,2799.95,pantolon
Lacivert Geniş Paça Pantolon,3999.95,pantolon
Siyah Pile Detaylı Pantolon,3999.95,pantolon
Koyu Mint Kargo Cepli Paçası Lastikli Pantolon,3999.95,pantolon
Yeşil Yandan Cepli Geniş Paça Pantolon,3999.95,pantolon
Vanilya Cepli Gabardin Pantolon,2999.95,pantolon
Siyah Dikiş Detaylı Pantolon,3999.95,pantolon
Lacivert Pile Detaylı Pantolon,3999.95,pantolon
Siyah Cep Detaylı Gabardin Pantolon,2999.95,pantolon
Mavi Beli Asimetrik Pantolon,1499.95,pantolon
Mavi Düğmeli Pantolon,999.95,pantolon
Siyah İspanyol Paça Pantolon,1499.95,pantolon
Lacivert Bağcık detaylı pantolon,1499.95,pantolon
Pembe Düğmeli Pantolon,999.95,pantolon
Siyah Bol Paça Cepli Pantolon,2999.95,pantolon
Lacivert Fermuar Detaylı Ceket,5999.95,pantolon
Bej Bol Pantolon ,3499.95,pantolon
Haki Cepli Pantolon,2999.95,pantolon
Vanilya Cep Detaylı Gabardin Pantolon,2999.95,pantolon
Mavi Geniş Paça Pantolon,3999.95,pantolon
Kahverengi Cep Detaylı Geniş Paça Pantolon,2999.95,pantolon
Vizon Cepli Denim Pantolon,2999.95,pantolon
Lacivert Yandan Cepli Pantolon,3999.95,pantolon
Haki Geniş Paça Pantolon,3499.95,pantolon
Yeşil Bol Paça Pantolon,3499.95,pantolon
Lacivert Cepli Pantolon,5999.95,pantolon
Yeşil Bol Paça Pantolon,3499.95,pantolon
Yeşil Bol Paça Pantolon ,3999.95,pantolon
Sarı Düğme Detaylı Pileli Pantolon,3999.95,pantolon
Siyah Geniş Paça Cepli Gabardin Pantolon,3999.95,pantolon
Mavi Beli Lastikli Cep Detaylı Desenli Pantolon,3999.95,pantolon
Mürdüm Geniş Paça Modal Pantolon,3499.95,pantolon
Siyah Yandan Cepli Pantolon,3499.95,pantolon
Gri Gabardin Bol Pantolon,3999.95,pantolon
Vanilya Kuş Gözü Detaylı Pantolon,3999.95,pantolon
Yeşil Bol Pantolon ,3499.95,pantolon
Sarı Çizgili Pantolon,3499.95,pantolon
Siyah Pile Detaylı Çizgili Pantolon,3999.95,pantolon
Siyah Bol Pantolon ,3499.95,pantolon
Lacivert Çizgili Kargo Cep Detaylı Beli Lastikli Pantolon,2999.95,pantolon
Vanilya Cepli Pantolon,2999.95,pantolon
Bordo Toka Detaylı Pantolon,999.95,pantolon
Kahverengi Cepli Pantolon,2999.95,pantolon
Lacivert Pileli Denim Pantolon,2799.95,pantolon
Haki Pileli Geniş Paça Pantolon,3499.95,pantolon
Koyu Mint Cep Detaylı Gabardin Pantolon,2999.95,pantolon
Bej Cepli Pantolon,3999.95,pantolon
Siyah Geniş Paça Pantolon,3499.95,pantolon
Lacivert Cepli Denim Pantolon,3499.95,pantolon
Lila Bol Paça Pantolon ,3999.95,pantolon
Kemik Geniş Paça Cepli Gabardin Pantolon,3999.95,pantolon
Kemik Bol Pantolon,3499.95,pantolon
Lacivert Geniş Paça Modal Pantolon,3499.95,pantolon
Lacivert Bol Paça Denin Pantolon,3999.95,pantolon
Saks Bol Paça Cepli Pantolon,2999.95,pantolon
Vanilya Geniş Paça Pantolon,3499.95,pantolon
Gri Pileli Pantolon,3499.95,pantolon
Vanilya Kürk Detaylı Uzun Şişme Mont,2999.95,dis-giyim
Gri Cepli Kaban,4999.95,dis-giyim
Pembe Kürk Mont,1999.95,dis-giyim
Lacivert Kapüşonlu Cepli Trençkot,3999.95,dis-giyim
Camel Kruvaze Kaban,2999.95,dis-giyim
Yeşil Kuşaklı Yün Karışımlı Kaban,6999.95,dis-giyim
Lacivert Uzun Kaban,3999.95,dis-giyim
Siyah Kemer Detaylı Kısa Kaban,4999.95,dis-giyim
Camel Şal Yaka Uzun Kaban,3999.95,dis-giyim
Gold Jakar Trençkot,2999.95,dis-giyim
Gri Kruvaze Kısa Kaban,3999.95,dis-giyim
Gri Uzun Kaban,4999.95,dis-giyim
Siyah Uzun Kaban,3999.95,dis-giyim
Gri Kısa  Kaban,2999.95,dis-giyim
Lacivert Kapitone Trençkot,1999.95,dis-giyim
Siyah Kruvaze Kaşe Kısa Kaban,4999.95,dis-giyim
Siyah Bol Kaban,3999.95,dis-giyim
Kahverengi Cepli Uzun Kaban,2999.95,dis-giyim
Vanilya Kapüşonlu Şişme Mont,3499.95,dis-giyim
Mürdüm Kısa Trençkot,2999.95,dis-giyim
Camel Nakış Detaylı Kaban,2999.95,dis-giyim
Haki Uzun Kaban,3999.95,dis-giyim
Siyah Kuşaklı Yün Karışımlı Kaban,6999.95,dis-giyim
Yeşil Kruvaze Kaşe Kısa Kaban,4999.95,dis-giyim
Siyah Cepli Yün Kısa Kaban,3999.95,dis-giyim
Siyah Kapüşonlu Cepli Trençkot,3999.95,dis-giyim
Bej Bol Kaban,3999.95,dis-giyim
Gri Kapüşonlu Kaban,4999.95,dis-giyim
Lacivert Mono Kapama Uzun Kaban,3999.95,dis-giyim
Lacivert Kruvaze Yün Kaban,3999.95,dis-giyim
Pembe Düşük Kol Yün Karışımlı Kaban,2999.95,dis-giyim
Sarı Kruvaze Kaban,1999.95,dis-giyim
Lacivert Kapüşonlu Şişme Mont,3499.95,dis-giyim
Bordo Düşük Kol Yün Karışımlı Kaban,2999.95,dis-giyim
Mürdüm Kısa Kaban,3999.95,dis-giyim
Bej Kruvaze Uzun Kaban,2999.95,dis-giyim
Siyah Kapüşonlu Kapitone Uzun Mont,3999.95,dis-giyim
Kemik Mert Aslan Mert Aslan Cepli Yün Karışımlı Kaban,4999.95,dis-giyim
Siyah Mert Aslan Mert Aslan Cepli Yün Karışımlı Kaban,4999.95,dis-giyim
Siyah Kısa Trençkot,5999.95,dis-giyim
Bej Kürk Mont,3499.95,dis-giyim
Lacivert Kruvaze Trençkot,6999.95,dis-giyim
Kahverengi Kısa Trençkot,5999.95,dis-giyim
Lacivert Kruvaze Jakar Trençkot,5999.95,dis-giyim
Bej Moda Tutkusu Cep Detaylı Trenkçkot,1999.95,dis-giyim
Yeşil Kapüşonlu Cepli Trençkot,3999.95,dis-giyim
Gri Süet Trençkot,6999.95,dis-giyim
Kemik Kruvaze Kaban,1999.95,dis-giyim
Gri Düğmeli Kısa Trençkot,4999.95,dis-giyim
Bej Beli Lastikli Trençkot,1999.95,dis-giyim
Yeşil Geniş Yakalı Kaban,2999.95,dis-giyim
Lacivert Düğmeli Kısa Trençkot,4999.95,dis-giyim
Lacivert Çıkarıp Takılabilen Ceket,5999.95,dis-giyim
Pembe Düğmeli Kısa Trençkot,4999.95,dis-giyim
Pembe Beli Lastikli Kapüşonlu Kaban,1999.95,dis-giyim
Kırmızı Kapüşonlu Kaban,2999.95,dis-giyim
Mavi Kruvaze Kaban,1999.95,dis-giyim
Yeşil Erkek Yaka Yün Karışımlı Kaban,1999.95,dis-giyim
Lacivert Kemer Detaylı Kaban,1999.95,dis-giyim
Yeşil Cep Detaylı Yün Karışımlı Kaban,2999.95,dis-giyim
Lacivert Kemer Detaylı Uzun Trençkot,7999.95,dis-giyim
Bej Düğme Detaylı Trençkot ,7999.95,dis-giyim
Yeşil Kemer Detaylı Uzun Trençkot,7999.95,dis-giyim
Siyah Kapüşonlu Kısa Trençkot,6999.95,dis-giyim
Bej Kısa Trençkot,5999.95,dis-giyim
Gri Kemer Detaylı Uzun Trençkot,7999.95,dis-giyim
Siyah Düğme Detaylı Trençkot ,7999.95,dis-giyim
Gri Kapüşonlu Kısa Trençkot,6999.95,dis-giyim
Lacivert Kısa Trençkot,5999.95,dis-giyim
Lacivert Bebe Yaka Desenli Ceket,1999.95,ceket
Kahverengi Cep Detaylı Tüvit Ceket,1999.95,ceket
Mürdüm Oversized Ceket,3999.95,ceket
Gri Çizgili Blazer Ceket,1999.95,ceket
Mürdüm Fleto Cepli Ceket,1999.95,ceket
Lacivert Crop Tüvit Ceket,1999.95,ceket
Lacivert Çizgili Blazer Ceket,1999.95,ceket
Lacivert Yakası Saten Kadife Ceket,3999.95,ceket
Bordo Crop Tüvit Ceket,1999.95,ceket
Lacivert Cepli Denim Ceket,2999.95,ceket
Lacivert Denim Görünümlü Çizgili Kısa Ceket,1999.95,ceket
Bordo Kruvaze Ceket,1799.95,ceket
Haki Denim Görünümlü Ceket,1999.95,ceket
Siyah Kalp Yaka Blazer Ceket,1999.95,ceket
Kahverengi Cepli Denim Ceket,1999.95,ceket
Siyah Deri Garnili Mono Kapama Uzun Kol Ceket,1999.95,ceket
Kahverengi Yakası Saten Kadife Ceket,3999.95,ceket
Siyah Kruvaze Uzun Kol Ceket,1999.95,ceket
Kırmızı Mono Kapama Ceket,1999.95,ceket
Siyah Yakası Saten Detaylı Ceket,1999.95,ceket
Gri Cep Detaylı Ceket,1999.95,ceket
Mürdüm Gabardin Ceket,1999.95,ceket
Mürdüm Bebe Yaka Ceket,1999.95,ceket
Pembe Kruvaze Ceket,1999.95,ceket
Bordo Hakim Yaka  Kapitone Ceket,1999.95,ceket
Haki Deri Crop Ceket,1999.95,ceket
Haki Cep Kapaklı Crop Ceket,1999.95,ceket
Bej Cep Kapaklı Crop Ceket,1999.95,ceket
Bej Cepli Ceket,2999.95,ceket
Gri Yünlü V Yaka Ceket,1999.95,ceket
Gri Cepli Ceket,1999.95,ceket
Siyah Mono Kapama Çizgili Ceket,1999.95,ceket
Siyah Bebe Yaka Ceket,1999.95,ceket
Lacivert Cepli Bomber Ceket,1499.95,ceket
Kahverengi Cepli Kısa Ceket,1499.95,ceket
Lacivert Cepli Denim Ceket,1999.95,ceket
Yeşil Drape Detaylı Ceket,1999.95,ceket
Yeşil Cep Detaylı Ceket,1999.95,ceket
Lacivert Crop Jakar Ceket,1999.95,ceket
Siyah Cep Detaylı Ceket,1999.95,ceket
Siyah Cep Kapaklı Ceket,1999.95,ceket
Lacivert Dikiş Detaylı Ceket,1999.95,ceket
Lacivert Smokin Ceket,1999.95,ceket
Camel Cepli Ceket,2499.95,ceket
Siyah Kolları Dantelli Ceket,4999.95,ceket
Siyah Yakası Satenli Ceket,2999.95,ceket
Siyah Jakarlı Ceket,1999.95,ceket
Gri Dik Yaka Bomber Ceket,1999.95,ceket
Haki Çizgili Kruvaze Ceket,2999.95,ceket
Haki Kruvaze Ceket,1999.95,ceket
Vanilya Vatkalı Kruvaze Ceket,1999.95,ceket
Lacivert Çizgili Kısa Ceket,1999.95,ceket
Camel Süet Ceket,1999.95,ceket
Siyah Blazer Ceket,1999.95,ceket
Bej Cep Detaylı Ceket,2999.95,ceket
Lacivert Süet Ceket,1999.95,ceket
Vanilya Blazer Ceket,1999.95,ceket
Siyah Çizgili Kruvaze Ceket,1999.95,ceket
Lacivert Mono Kapama Ceket,1999.95,ceket
Siyah Mono Kapama Ceket,1999.95,ceket
Siyah Cep Detaylı Ceket,1999.95,ceket
Siyah Mert Aslan Cepleri Taşlı Ceket,2999.95,ceket
Siyah Düğme Detaylı Yırtmaçlı Ceket,2999.95,ceket
Kahverengi Mono Kapama Ceket,1999.95,ceket
Siyah Taşlı Kadife Ceket,4999.95,ceket
Siyah Payetli Triko Ceket,1999.95,ceket
Siyah Taş Detaylı Blazer Ceket,7999.95,ceket
Olive Kruvaze Gabardin Ceket,5999.95,ceket
Gri Çizgili Ceket,1999.95,ceket
Siyah Smokin Ceket,3999.95,ceket
Siyah Tüvit Ceket,2999.95,ceket
Siyah Kruvaze Gabardin Ceket,5999.95,ceket
Lacivert Cepli Ceket,5999.95,ceket
Siyah Cep Kapaklı Ceket,1999.95,ceket
Kahverengi Gabardin Cep Detaylı Ceket,2999.95,ceket
Kahverengi Fermuarlı Ceket,3999.95,ceket
Kahverengi Tüvit Ceket,2999.95,ceket
Lacivert Cepli Erkek Yaka Ceket,2999.95,ceket
Vanilya Fermuarlı Ceket,3999.95,ceket
Gri Kruvaze Ceket,2999.95,ceket
Siyah Fleto Cepli Ceket,1999.95,ceket
Kahverengi Crop Ceket,1999.95,ceket
Lacivert Çizgili Ceket,1999.95,ceket
Gri Uzun Kol Triko Ceket,1799.95,ceket
Lacivert Uzun Kol Triko Ceket,1799.95,ceket
Siyah Taşlı Ceket,6999.95,ceket
Gold Kısa Jakar Ceket,2999.95,ceket
Siyah Night Zoom İşleme Detaylı Ceket,12999.95,ceket
Gold Night Zoom İşleme Detaylı Ceket,12999.95,ceket
Siyah Dikiş Detaylı Ceket,4999.95,ceket
Siyah Garnili Ceket,4999.95,ceket
Siyah Düğme Detaylı Ceket,5999.95,ceket
Lacivert Çizgili Blazer Ceket,5999.95,ceket
Lacivert Kısa Kollu Ceket,4999.95,ceket
Lacivert Garnili Ceket,4999.95,ceket
Lacivert Düğme Detaylı Ceket,5999.95,ceket
Lacivert Dikiş Detaylı Ceket,5999.95,ceket
Yeşil Keten Ceket,2999.95,ceket
Turuncu Kısa Kollu Ceket,2999.95,ceket
Siyah Agraflı Ceket,1999.95,ceket
Lacivert Keten Ceket,2999.95,ceket
Siyah Mert Aslan Cep Kapaklı Ceket,2999.95,ceket
Vanilya Mert Aslan İşlemeli Ceket,4999.95,ceket
Siyah Moda Tutkusu Garnili Denim Ceket,2499.95,ceket
Lacivert Çıkarıp Takılabilen Ceket,5999.95,ceket
Mavi Agraflı 3/4 Kol  Ceket,1299.95,ceket
Lacivert Agraflı 3/4 Kol  Ceket,1299.95,ceket
Bej Dantelli Crop Ceket,1999.95,ceket
Turkuaz Tek Cepli  Ceket,1499.95,ceket
Lacivert Keten Ceket,2999.95,ceket
Kahverengi Nakışlı Düğmeli Ceket,1999.95,ceket
Vanilya Kruvaze Gabardin Ceket,4999.95,ceket
Vanilya Yandan Bağlamalı Ceket,4999.95,ceket
Yeşil Denim Görünümlü Kısa Ceket,4999.95,ceket
Lacivert Garni Detaylı Ceket,4999.95,ceket
Lacivert Fermuar Detaylı Ceket,5999.95,ceket
Yeşil Fleto Cepli Ceket,2999.95,ceket
Yeşil Kruvaze Ceket,5999.95,ceket
Vanilya Fermuarlı Bomber Ceket,4999.95,ceket
Siyah Örme Detaylı Gabardin Ceket,5999.95,ceket
Siyah Fleto Cepli Ceket,2999.95,ceket
Bej Süet Detaylı Ceket,4499.95,ceket
Siyah Cep Detaylı Ceket,5999.95,ceket
Haki Mono Kapama Ceket,5999.95,ceket
Pembe Agraflı Cep Detaylı Gabardin Ceket,4999.95,ceket
Siyah Kruvaze Gabardin Ceket,6999.95,ceket
Gri Cep Detaylı Ceket,4999.95,ceket
Yeşil Mert Aslan Fermuarlı Crop,999.95,ceket
Yeşil Erkek Yaka Ceket,5999.95,ceket
Siyah Kuşaklı Ceket,5999.95,ceket
Lacivert Dikiş Detaylı Denim Ceket,3999.95,ceket
Ekru Fleto Cepli Ceket,2999.95,ceket
Lacivert Fleto Cepli Ceket,2999.95,ceket
Lacivert Cep Detaylı Ceket,5999.95,ceket
Lila Denim Görünümlü Kısa Ceket,4999.95,ceket
Siyah Mono Kapama Ceket,5999.95,ceket
Lacivert Kısa Kollu Tüvit Ceket,4999.95,ceket
Kemik Garni Detaylı Ceket,3999.95,ceket
Mavi Agraflı Cep Detaylı Gabardin Ceket,4999.95,ceket
Kemik Kruvaze Gabardin Ceket,6999.95,ceket
Lacivert Crop Ceket,4999.95,ceket
Sarı Çizgili Ceket,5999.95,ceket
Bej Cep Detaylı Ceket,5999.95,ceket
Kahverengi Dantel Detaylı Gömlek,999.95,gomlek
Kemik Büzgü Detaylı Gömlek,999.95,gomlek
Siyah Pensli Uzun Kol Gömlek,1299.95,gomlek
Vanilya Pile Detaylı Gömlek,1299.95,gomlek
Kahverengi Kolsuz Gömlek,1299.95,gomlek
Bej Kolları Büzgülü Gömlek,1299.95,gomlek
Beyaz Kısa Kollu Taşlı Gömlek,1299.95,gomlek
Siyah Cepli Gömlek,999.95,gomlek
Haki Fit Poplin Gömlek,799.95,gomlek
Kahverengi Bağlamalı Gömlek,1299.95,gomlek
Pembe Önü Düğmeli Desenli Gömlek,999.95,gomlek
Siyah Cepli Çakım Detaylı Gömlek,1799.95,gomlek
Kemik Çizgili Gömlek,1749.95,gomlek
Beyaz İnci Detaylı Gömlek,1999.95,gomlek
Beyaz Kısa Gömlek,799.95,gomlek
Siyah Çizgili Gömlek,999.95,gomlek
Beyaz Dikiş Detaylı Gömlek,799.95,gomlek
Lacivert Kısa Gömlek,799.95,gomlek
Beyaz Pile Detaylı Crop Gömlek,1299.95,gomlek
Siyah Süet Detaylı Örme Gömlek ,1499.95,gomlek
Siyah 3/4 Kollu Gömlek,1999.95,gomlek
Kemik Uzun Kollu Gömlek,1299.95,gomlek
Kemik 3/4 Kollu Gömlek,1499.95,gomlek
Kahverengi Bağlamalı Gömlek,1999.95,gomlek
Vanilya Bebe Yaka İpek Gömlek,4999.95,gomlek
Beyaz Çizgili Gömlek,999.95,gomlek
Siyah Çizgili Gömlek,999.95,gomlek
Lacivert Kısa Gömlek,799.95,gomlek
Beyaz Taş Detaylı Gömlek,1999.95,gomlek
Bej Dikiş Detaylı Gömlek,1299.95,gomlek
Yeşil Bağlama Detaylı Gömlek,1299.95,gomlek
Kemik Kolsuz Gömlek,1299.95,gomlek
Olive Bağcık Detaylı Gömlek,1499.95,gomlek
Sarı Kolsuz Gömlek,1299.95,gomlek
Beyaz Bağlama Detaylı Poplin Gömlek,1299.95,gomlek
Lacivert Pensli Gömlek,1299.95,gomlek
Siyah Kolsuz Gömlek,1299.95,gomlek
Beyaz Dikiş Detaylı Gömlek,999.95,gomlek
Beyaz Taşlı Gömlek,1499.95,gomlek
Siyah Bebe Yaka İpek Gömlek,4999.95,gomlek
Siyah Dikiş Detaylı Gömlek,999.95,gomlek
Kemik Cep Detaylı Gömlek,1499.95,gomlek
Kemik Bağlama Detaylı Gömlek,1299.95,gomlek
Beyaz Pile Detaylı Gömlek,1299.95,gomlek
Beyaz Pensli Gömlek,1299.95,gomlek
Beyaz Bağcık Detaylı Gömlek,1499.95,gomlek
Siyah Cep Detaylı Gömlek,1499.95,gomlek
Kemik Uzun Kollu Bluz,2499.95,gomlek
Lacivert Önden Düğmeli Uzun Gömlek,1999.95,gomlek
Kemik İşlemeli Gömlek,1999.95,gomlek
Siyah Uzun Kollu Bluz,2499.95,gomlek
Beyaz Taş Detaylı Kısa Gömlek,1999.95,gomlek
Beyaz Poplin Gömlek,1499.95,gomlek
Lacivert Dikiş Detaylı Denim Gömlek,2999.95,gomlek
Beyaz Büzgülü Gömlek,2499.95,gomlek
Mavi Bağlama Detaylı Gömlek,2499.95,gomlek
Lacivert Çizgili Pensli Gömlek,2499.95,gomlek
Vizon Süet Gömlek,3499.95,gomlek
Beyaz Çizgili Pensli Gömlek,2499.95,gomlek
Lacivert Geniş Kesim Gömlek,2999.95,gomlek
Mavi Çizgili Pensli Gömlek,2499.95,gomlek
Bej Büzgü Detaylı Gömlek,2499.95,gomlek
Beyaz Bağlama Detaylı Gömlek,2499.95,gomlek
Pembe Geniş Kesim Gömlek,2999.95,gomlek
Kemik Desenli Kolsuz Gömlek,1299.95,gomlek
Beyaz Büzgü Detaylı Gömlek,2499.95,gomlek
Yeşil Desenli Kolsuz Gömlek,1299.95,gomlek
Siyah Volanlı İpek Gömlek,1499.95,gomlek
Sarı Kolsuz Gömlek,1299.95,gomlek
Mavi Poplin Gömlek,1499.95,gomlek
Pembe Kolsuz Gömlek,1299.95,gomlek
Pembe Desenli Gömlek,1299.95,gomlek
Olive Volanlı İpek Gömlek,1499.95,gomlek
Gri Poplın Gömlek,599.95,gomlek
Turuncu Meydan Okuyanlar Desenli Gömlek,1299.95,gomlek
Bej Keten Gömlek,2499.95,gomlek
Kemik Cepli Gömlek,1499.95,gomlek
Mavi Moda Tutkusu Çizgili Gömlek,1499.95,gomlek
Kahverengi Desenli Gömlek,999.95,gomlek
Kahverengi Bağlamalı Gömlek,999.95,gomlek
Vanilya Kısa Kollu Desenli Gömlek,999.95,gomlek
Bej Keten Gömlek,999.95,gomlek
Vizon Moda Tutkusu Çizgili Gömlek,1499.95,gomlek
Mavi Moda Tutkusu Çizgili Gömlek,999.95,gomlek
Siyah Desenli Gömlek,999.95,gomlek
Siyah Keten Gömlek,1499.95,gomlek
Bej Desenli Cepli Gömlek,999.95,gomlek
Siyah Erkek Yaka Gömlek,699.95,gomlek
Pembe Kaşif Desenli Keten Gömlek,999.95,gomlek
Bej V Yaka Kolsuz Gömlek,1499.95,gomlek
Mavi Nakış Detaylı Kolsuz Gömlek,799.95,gomlek
Pembe Bağlamalı Gömlek,1999.95,gomlek
Turuncu Gipe Detaylı Keten Gömlek,999.95,gomlek
Turuncu Nakış Detaylı Kolsuz Gömlek,799.95,gomlek
Beyaz Erkek Yaka Gömlek,1999.95,gomlek
Pembe Kısa Kollu Gömlek,999.95,gomlek
Vizon Erkek Yaka Gömlek,999.95,gomlek
Camel Bebe Yaka Yarım Kollu Gömlek,1299.95,gomlek
Bej Kısa Kollu Gömlek,999.95,gomlek
Pembe Bebe Yaka Yarım Kollu Gömlek,1299.95,gomlek
Bej Erkek Yaka Gömlek,1999.95,gomlek
Turuncu Erkek Yaka İpek Gömlek,3999.95,gomlek
Pembe Erkek Yaka İpek Gömlek,3999.95,gomlek
Vanilya Erkek Yaka İpek Gömlek,3999.95,gomlek
Mavi Büzgü Detaylı Gömlek,2499.95,gomlek
Lacivert Çizgili Pensli Gömlek,2999.95,gomlek
Beyaz Volan Detaylı Pamuklu Gömlek,3499.95,gomlek
Koyu Mint Hakim Yaka Gömlek,3499.95,gomlek
Lacivert Crop Kolsuz Gömlek,1299.95,gomlek
Mavi Kısa Kollu Desenli Gömlek,599.95,gomlek
Kahverengi Kruvaze Bluz,1299.95,gomlek
Camel Crop Kolsuz Gömlek,1299.95,gomlek
Lacivert Kolu Detaylı Gömlek,2999.95,gomlek
Lacivert Düğme Detaylı Gömlek,2499.95,gomlek
Vanilya Fırfır Detaylı Gömlek,3499.95,gomlek
Beyaz Kolu Detaylı Gömlek,2999.95,gomlek
Yeşil Pile Detaylı Kolsuz Gömlek,2999.95,gomlek
Lacivert Cepli Modal Gömlek,2999.95,gomlek
Beyaz Düğme Detaylı Gömlek,2499.95,gomlek
Kırmızı Kolu Detaylı Gömlek,2999.95,gomlek
Mavi Kısa Kollu Gömlek,2499.95,gomlek
Mor Fırfır Detaylı Gömlek,3499.95,gomlek
Lacivert Çift Yaka Poplin Gömlek ,2999.95,gomlek
Mavi Yakası Taş Detaylı Çizgili Gömlek,2999.95,gomlek
Mor Büzgü Detaylı Desenli Bluz,3999.95,gomlek
Mavi Kolu Detaylı Gömlek,2999.95,gomlek
Mavi Çift Renk Gömlek,2999.95,gomlek
Beyaz Taş Detaylı Gömlek,3999.95,gomlek
Beyaz Cep Detaylı Gömlek,3999.95,gomlek
Mavi Desenli Gömlek,4499.95,gomlek
Mürdüm Cepli Modal Gömlek,2999.95,gomlek
Siyah Uzun Kol Gömlek,3499.95,gomlek
Sarı Bağlamalı Gömlek,2999.95,gomlek
Kemik Pile Detaylı Kolsuz Gömlek,2999.95,gomlek
Mavi Düğme Detaylı Gömlek,2499.95,gomlek
Lacivert Asimetrik Çizgili Gömlek ,2999.95,gomlek
Siyah V Yaka Triko Yelek,1499.95,yelek
Lacivert Deri Detaylı Yelek,1999.95,yelek
Bordo Cep Kapaklı Yelek,1499.95,yelek
Lacivert V Yaka Yelek,1499.95,yelek
Haki Fleto Cepli Yelek,1499.95,yelek
Vanilya Fermuar Detaylı Yelek,1499.95,yelek
Kırmızı Gabardin Straplez Yelek,1499.95,yelek
Pembe Düğmeli Yelek,1499.95,yelek
Gri Çizgili Yelek,1499.95,yelek
Gri Peplum Yelek,1499.95,yelek
Kahverengi Vatkalı Önü Cepli Yelek,1499.95,yelek
Yeşil Metal Aksesuarlı Kolsuz V Yaka Yelek,1999.95,yelek
Lacivert Fleto Cepli Yelek,1999.95,yelek
Siyah Vatkalı Önü Cepli Yelek,1499.95,yelek
Gri Peplum Yelek,1499.95,yelek
Mürdüm Fleto Cepli Yelek,1499.95,yelek
Yeşil Uzun Yelek,1499.95,yelek
Siyah Düğme Detaylı Triko Yelek,1499.95,yelek
Mürdüm Vatkalı Önü Cepli Yelek,1499.95,yelek
Vanilya Fleto Cepli Gabardin Yelek,1499.95,yelek
Kahverengi Deri Yelek,999.95,yelek
Siyah Gabardin Straplez Yelek,1499.95,yelek
Siyah Cep Kapaklı Yelek,1499.95,yelek
Kahverengi Uzun Yelek,1499.95,yelek
Kahverengi V Yaka Triko Yelek,1499.95,yelek
Vanilya Düğme Detaylı Triko Yelek,1499.95,yelek
Siyah Triko Yelek,1299.95,yelek
Mürdüm Crop Yelek,1499.95,yelek
Siyah Cep Kapaklı Yelek,1999.95,yelek
Lacivert Denim Yelek,3999.95,yelek
Kahverengi Crop Yelek,1499.95,yelek
Lacivert Denim Yelek,2999.95,yelek
Kahverengi Peplum Gabardin Yelek,3999.95,yelek
Lacivert Erkek Yaka Jean Yelek,3999.95,yelek
Siyah Cep Kapaklı Yelek,3499.95,yelek
Kemik Çift Cepli Yelek,1999.95,yelek
Lacivert Fleto Cepli Yelek,2999.95,yelek
Kahverengi Kruvaze Yelek,2999.95,yelek
Vanilya Çizgili Yelek,1499.95,yelek
Siyah Moda Tutkusu Nakış Detaylı Yelek,1999.95,yelek
Kahverengi Tek Düğmeli Yelek,1499.95,yelek
Kahverengi Crop Keten Yelek,1499.95,yelek
Vanilya V yaka yelek,1999.95,yelek
Kahverengi V Yaka Yelek,1499.95,yelek
Siyah Bağlamalı Triko Yelek,999.95,yelek
Siyah Night Zoom Şerit Detaylı Yelek,1999.95,yelek
Mavi V Yaka Yelek,1499.95,yelek
Yeşil Bağlama Detaylı Yelek,2999.95,yelek
Yeşil Moda Tutkusu Jakar Yelek,799.95,yelek
Yeşil Fleto Cepli Yelek,3499.95,yelek
Bej Bağlama Detaylı Yelek,3499.95,yelek
Kahverengi V Yaka Cep Detaylı Yelek ,2999.95,yelek
Mavi Önü Düğmeli Denim Yelek,2799.95,yelek
Yeşil Fleto Cepli Yelek,3999.95,yelek
Gri Bağlama Detaylı Yelek,4999.95,yelek
Vanilya Cep Detaylı Yelek,3499.95,yelek
Siyah Peplum Gabardin Yelek,3999.95,yelek
Mavi Fermuarlı Yuvarlak Yaka Yelek,2999.95,yelek
Lila Fleto Cepli Yelek,3999.95,yelek
Gri Asimetrik Yelek,3499.95,yelek
Lacivert Fleto Cepli Yelek,3999.95,yelek
Lacivert Tüvit Şort Etek,999.95,etek
Mürdüm Balıksırtı Desenli Mini Etek,999.95,etek
Siyah Uzun Triko Etek,999.95,etek
Kahverengi Mini Tüvit Etek,799.95,etek
Yeşil Mini Etek,799.95,etek
Kahverengi Pliseli Triko Etek,999.95,etek
Kahverengi Cepli Denim Etek,1499.95,etek
Kemik Yüksek Bel Mini Etek,1799.95,etek
Siyah Cepli Tüvit Etek,1499.95,etek
Yeşil Biyeli Etek,999.95,etek
Gri Pileli Mini Etek,1499.95,etek
Lacivert Jakar Mini Etek,1299.95,etek
Siyah Pileli Mini Etek,1499.95,etek
Mavi Cepli Tüvit Etek,1499.95,etek
Mürdüm Jakar Mini Etek,1299.95,etek
Beyaz Jakar Mini Etek,1299.95,etek
Bordo Kapitone Mini Etek,799.95,etek
Kırmızı Jakar Mini Etek,1299.95,etek
Kahverengi Kloş Midi Boy Etek,999.95,etek
Siyah Tül Detaylı Triko Etek,1999.95,etek
Bordo Pileli Etek,999.95,etek
Mürdüm Kapitone Etek,799.95,etek
Pembe Gabardin A-Kesim Etek,799.95,etek
Siyah Uzun Etek,999.95,etek
Lacivert Yırtmaçlı Etek ,999.95,etek
Siyah Tüvit Etek,999.95,etek
Siyah Cepli Denim Etek,999.95,etek
Lacivert Mini Denim Etek,999.95,etek
Lacivert Cepli Denim Etek,999.95,etek
Gold Cepli Denim Etek,999.95,etek
Mavi Mini Denim Etek,999.95,etek
Gri Arkadan Fermuarlı Kalem Etek,999.95,etek
Bordo Pilise Detaylı Triko Etek,1299.95,etek
Siyah Önü Yırtmaçlı Denim Etek,999.95,etek
Mürdüm Organze Midi Etek,1499.95,etek
Bordo Mini Tüvit Etek,999.95,etek
Mavi Mini Etek,799.95,etek
Mürdüm Pileli Etek,1999.95,etek
Vanilya Saten Volanlı Etek,999.95,etek
Vanilya Yırtmaç Detaylı Etek,999.95,etek
Kahverengi Volanlı Katlı Etek,999.95,etek
Kahverengi Triko Midi  Etek,799.95,etek
Yeşil Jakar Mini Etek,1299.95,etek
Kemik Cepli Tüvit Etek,1499.95,etek
Siyah Kup Detaylı Etek,999.95,etek
Lacivert Pilise Detaylı Triko Etek,1299.95,etek
Gri Kloş Etek,2499.95,etek
Yeşil Dantel Kalem Etek,999.95,etek
Siyah Jakar Kalem Etek,1499.95,etek
Bordo Dantel Kalem Etek,999.95,etek
Gri Triko Midi  Etek,799.95,etek
Lacivert Kapitone Mini Etek,799.95,etek
Bordo Büzgülü Saten Etek,1499.95,etek
Lacivert Gabardin Midi Etek,999.95,etek
Siyah Büzgülü Saten Etek,1499.95,etek
Gri Önden Düğmeli Etek,1499.95,etek
Lacivert Fermuarlı Denim Etek,999.95,etek
Camel Süet Midi Etek,1499.95,etek
Siyah Çizgili Mini Etek,1499.95,etek
Kahverengi Süet Midi Etek,1499.95,etek
Gold Payet İşlemeli Etek,799.95,etek
Turuncu Jakar Mini Etek,1299.95,etek
Vizon Pileli Mini Etek,1499.95,etek
Siyah Dantel Detaylı Etek,2499.95,etek
Siyah Kalem Etek,1299.95,etek
Pembe Jakar Mini Etek,1299.95,etek
Turuncu Cepli Tüvit Etek,1499.95,etek
Sarı Cepli Deri Etek,799.95,etek
Siyah Night Zoom İşlemeli Mini Etek,3999.95,etek
Siyah Mert Aslan Boncuk İşlemeli Etek,4999.95,etek
Camel Pileli Mini Etek,1499.95,etek
Kahverengi Jakar Mini Etek,1299.95,etek
Fuşya Jakar Mini Etek,1299.95,etek
Siyah Payet İşlemeli Etek,799.95,etek
Bordo Night Zoom İşlemeli Mini Etek,3999.95,etek
Siyah Kalem Etek,999.95,etek
Siyah Yırtmaçlı Etek,999.95,etek
Camel Piliseli Triko Etek,1499.95,etek
Siyah Toka Detaylı Triko Etek,1999.95,etek
Gri Pileli Kemerli Yırtmaçlı Etek,1299.95,etek
Bordo Fermuar Detaylı Deri Etek,999.95,etek
Lacivert Önden Yırtmaçlı Etek,3499.95,etek
Kahverengi Toka Detaylı Triko Etek,1999.95,etek
Siyah Triko Etek,999.95,etek
Kahverengi Piliseli Gabardin Etek,1999.95,etek
Kahverengi Tüvit Etek,1499.95,etek
Kahverengi Mini Etek,1499.95,etek
Gri Çizgili Etek,1499.95,etek
Siyah Payetli Triko Etek,999.95,etek
Siyah Volanlı Kısa Triko Etek,1299.95,etek
Kahverengi Dantel Detaylı Mini Etek,999.95,etek
Bordo Volanlı Kısa Triko Etek,1299.95,etek
Gri Pileli Asimetrik Etek,3999.95,etek
Siyah Pileli Asimetrik Etek,3999.95,etek
Siyah Gabardin Midi Etek,999.95,etek
Siyah Tül Detaylı Triko Etek,1999.95,etek
Vizon Yırtmaç Detaylı Süet Etek,3499.95,etek
Siyah Fitilli Triko Etek,3499.95,etek
Lacivert Dikiş Detaylı Etek,1999.95,etek
Gri Süet Mini Etek,2999.95,etek
Lacivert Denim Mini Etek,2999.95,etek
Lacivert Garnili Etek,2499.95,etek
Lacivert Pileli Uzun Etek,3999.95,etek
Siyah Cepli Düğme Detaylı Etek,3499.95,etek
Siyah Garnili Etek,2499.95,etek
Siyah Mert Aslan Büzgülü Tafta Etek,2999.95,etek
Kemik Mert Aslan Fiyonk Detaylı Mini Etek,3499.95,etek
Vanilya Pileli Şort Etek,999.95,etek
Fuşya Desenli Şifon Etek,1299.95,etek
Kemik Nakışlı Keten Etek,1499.95,etek
Mavi Denim Poplin Garnili Etek,2499.95,etek
Kemik Pileli Desenli Etek,999.95,etek
Kemik Fırfırlı Etek,1499.95,etek
Bej Yüksek Bel Büzgülü Güpürlü Etek,999.95,etek
Mavi Desenli Büzgülü Etek,999.95,etek
Kemik Mert Aslan Yüksek Bel Uzun Etek,1299.95,etek
Fuşya Mert Aslan Asimetrik Tafta Etek,1999.95,etek
Siyah Mert Aslan Fiyonk Detaylı Mini Etek,3499.95,etek
Kırmızı Mert Aslan Uzun Desenli Etek,2999.95,etek
Gri Mert Aslan Payet Kalem Etek,999.95,etek
Bordo Ekose Etek,599.95,etek
Bej Büzgü Detaylı Keten Etek,1499.95,etek
Turuncu Yırtmaçlı Etek,999.95,etek
Yeşil Mini Etek,999.95,etek
Bej Pileli Midi Etek,2499.95,etek
Lacivert Moda Tutkusu Asimetrik Mini Denim Etek,799.95,etek
Turuncu Yırtmaçlı Mini Dar Etek,599.95,etek
Pembe Pileli Etek,799.95,etek
Kemik Şerit Detaylı Mini Denim Etek,999.95,etek
Yeşil Yırtmaçlı Mini Dar Etek,599.95,etek
Fuşya Büzgü Detaylı Tafta Etek,999.95,etek
Vanilya Cepli Etek,1999.95,etek
Kahverengi Desenli Etek,1499.95,etek
Yeşil Beli Lastikli Piliseli Midi Etek,1999.95,etek
Kemik Mert Aslan Pileli Asimetrik Etek,3499.95,etek
Siyah Desenli Triko Etek,599.95,etek
Camel Beli Lastikli Deri Etek,999.95,etek
Vanilya Düz Dar Etek,1499.95,etek
Mavi Beli Lastikli Piliseli Midi Etek,1999.95,etek
Beyaz Moda Tutkusu Asimetrik Uzun Etek,1499.95,etek
Lacivert Moda Tutkusu Asimetrik Uzun Etek,1499.95,etek
Kemik Moda Tutkusu Pileli Mini Etek,1299.95,etek
Mavi Mini Şort,999.95,etek
Siyah Pilişakeli Şort Etek,2999.95,etek
Siyah Deri Midi Etek,3499.95,etek
Turuncu Desenli Mini Etek,999.95,etek
Kemik Büzgü Detaylı Korsajlı Mini Etek,999.95,etek
Yeşil Moda Tutkusu Yırtmaç Detaylı Fırfırlı Etek,1499.95,etek
Vanilya Tül Detaylı Triko Etek,1999.95,etek
Gri Volanlı Mini Etek,1299.95,etek
Vanilya Moda Tutkusu Yırtmaç Detaylı Fırfırlı Etek,1499.95,etek
Lila Fleto Cepli Etek,2499.95,etek
Yeşil Cepli Mini Etek,2999.95,etek
Kahverengi Volanlı Mini Triko Etek,2999.95,etek
Yeşil  Volanlı Midi Etek,3499.95,etek
Lacivert Dikiş Detaylı Denim Etek,2799.95,etek
Siyah Dikiş Detaylı Saten Etek,3499.95,etek
Yeşil Mini Tafta Balon  Etek,2499.95,etek
Siyah Cepli Uzun Etek,4999.95,etek
Siyah Düğme Detaylı Trıko Etek,4999.95,etek
Lacivert Volanlı Denim Etek,2999.95,etek
Siyah Tül Detaylı Triko Etek,4999.95,etek
Lacivert Toka Detaylı Denim Etek,2499.95,etek
Bej Kuşaklı Etek,3499.95,etek
Yeşil Pileli Mini Etek,2999.95,etek
Sarı Desenli Etek,4999.95,etek
Lacivert Dantel Detaylı Mini Etek,2799.95,etek
Lacivert Mini Etek,3999.95,etek
Bej Cepli Uzun Etek,4999.95,etek
Kemik Düğme Detaylı Trıko Etek,4999.95,etek
Mor Büzgü Detaylı Desenli Etek,3999.95,etek
Lacivert Fitilli Triko Etek,3499.95,etek
Bej Süet Detaylı Etek,2999.95,etek
Yeşil Pileli Midi Boy Tafta Etek,3499.95,etek
Siyah Volanlı Mini Triko Etek,2999.95,etek
Vanilya Tül Detaylı Triko Etek,4999.95,etek
Vanilya Fleto Cepli Etek,2499.95,etek
Lacivert Mini Tüvit Etek,2999.95,etek
Lacivert Kuşaklı Etek,3499.95,etek
Mavi Fleto Cepli Midi Etek,2999.95,etek
Siyah Çizgili Triko Hırka,2499.95,hirka
Kemik Trıko Hırka,3999.95,hirka
C.Kahve Çizgili Triko Hırka,2499.95,hirka
Lacivert Dik Yaka Düğmeli Triko Hırka,1999.95,hirka
Kahverengi Bisiklet Yaka Triko Hırka,1299.95,hirka
Siyah Yaka Detaylı Triko Hırka,1999.95,hirka
Gri Arkası Pileli Triko Hırka,1999.95,hirka
Siyah Dik yaka Triko Hırka,1499.95,hirka
Bordo Cep Detaylı Fermuarlı Triko Hırka,1499.95,hirka
Siyah Düğmeli Yün Triko Hırka,1999.95,hirka
Kahverengi Arkası Pileli Triko Hırka,1999.95,hirka
Siyah Biye Detaylı Triko Kazak,1499.95,hirka
Siyah Arkası Pileli Triko Hırka,1999.95,hirka
Pembe Düğmeli Yün Triko Hırka,1999.95,hirka
Kemik Çizgili Düğmeli Triko Hırka,999.95,hirka
Gri Düğme Detaylı Yün Triko Hırka,1999.95,hirka
Mürdüm Şerit Detaylı Triko Hırka,1499.95,hirka
Siyah Çizgili Düğmeli Triko Hırka,999.95,hirka
Siyah Şerit Detaylı Triko Hırka,1499.95,hirka
Bordo Düğme Detaylı Triko Hırka,1799.95,hirka
Kemik Kabartma Desenli Yün Düğmeli Hırka,1499.95,hirka
Lacivert Erkek Yaka Triko Hırka,999.95,hirka
Kahverengi Yaka Detaylı Triko Hırka,1999.95,hirka
Camel Bisiklet Yaka Triko Hırka,1499.95,hirka
Bordo Bisiklet Yaka Triko Hırka,1499.95,hirka
Kemik Düğme Detaylı  Kaşmir Karışımlı Triko Hırka,2999.95,hirka
Gri Bisiklet Yaka Triko Hırka,1499.95,hirka
Gri V Yaka Triko Hırka,1299.95,hirka
Siyah Düğme Detaylı  Kaşmir Karışımlı Triko Hırka,2999.95,hirka
Lacivert Düğme Detaylı Triko Hırka,1799.95,hirka
Siyah Kabartma Desenli Yün Düğmeli Hırka,1499.95,hirka
Yeşil V Yaka Triko Hırka,999.95,hirka
Ekru V Yaka Triko Hırka,1299.95,hirka
Pembe V Yaka Triko Hırka,999.95,hirka
Pembe Uzun Kol Trıko Hırka,2999.95,hirka
Siyah V Yaka Triko Hırka,2999.95,hirka
Lacivert Yaka Denım Detaylı Trıko Hırka,4999.95,hirka
Siyah Önü Düğmeli Trıko Hırka,4999.95,hirka
Kemik Kol Detaylı Triko Hırka,3999.95,hirka
Mavi V Yaka Triko Hırka,2999.95,hirka
Sarı V Yaka Triko Hırka,2999.95,hirka
Pembe V Yaka Triko Hırka,2999.95,hirka
Lila Uzun Kol Triko Hırka,3999.95,hirka
Kemik Önü Düğmeli Trıko Hırka,4999.95,hirka
Ekru V Yaka Triko Hırka,2999.95,hirka
Siyah Kol Detaylı Triko Hırka,3999.95,hirka
Siyah Straplez Tulum,1999.95,tulum
Siyah Örme Tulum,1999.95,tulum
Siyah Kruvaze Tulum,2499.95,tulum
Siyah İşlemeli Tulum,7999.95,tulum
Siyah Mert Aslan Uzun Kollu İşlemeli Tulum,4999.95,tulum
Siyah Mert Aslan Smokin Tulum,4999.95,tulum
Siyah Mert Aslan Sırtı Açık Örme Tulum,2999.95,tulum
Siyah Night Zoom Bol Paça Tulum,1999.95,tulum
Lacivert Moda Tutkusu Kolsuz Geniş Paça Tulum,2999.95,tulum
Bej Night Zoom Kolsuz Payet Tulum,1999.95,tulum
Kahverengi Askılı Keten Tulum,1499.95,tulum
Mavi Moda Tutkusu Denim Kolsuz Tulum,1999.95,tulum
Siyah Night Zoom Kolsuz Payet Tulum,1999.95,tulum
Lacivert Garni Detaylı Kolsuz Mini Tulum,3999.95,tulum
Lila V Yaka Bol Paça Cepli Tulum,5999.95,tulum
Lacivert Çizgili  Tulum,4999.95,tulum
Lacivert Kuş Gözlü Uzun Kol Sweatshirt,999.95,sweatshirt
Kemik Kuş Gözlü Uzun Kol Sweatshirt,999.95,sweatshirt
Kemik Pul Nakışlı Tişört,999.95,tisort
Lacivert İnci Detaylı Tişört,999.95,tisort
Kemik İnci Detaylı Tişört,999.95,tisort
Kahverengi İnci Detaylı Tişört,999.95,tisort
Kemik Kısa Kollu Tişört,1299.95,tisort
Bordo Yakası Taşlı Kısa Kol Tişört,1299.95,tisort
Siyah Kısa Kollu Tişört,1299.95,tisort
Kemik Yakası Taşlı Kısa Kol Tişört,1299.95,tisort
Siyah Yakası Taşlı Kısa Kol Tişört,1299.95,tisort
Kemik Yakası taşlı tshirt,1799.95,tisort
Kemik Yakası Taşlı Kısa Kol Tişört,1299.95,tisort
Yeşil Kısa Kollu Tişört,1299.95,tisort
Kemik Moda Tutkusu Basic T-Shirt,599.95,tisort
Beyaz Baskılı Taşlı Tişört,999.95,tisort
Mavi Cepleri Taşlı Tişört,699.95,tisort
Siyah Yakası Taşlı Kısa Kol Tişört,1299.95,tisort
Mavi Kısa Kollu Tişört,1299.95,tisort
Pembe Yakası Taşlı Kısa Kol Tişört,1299.95,tisort
Yeşil Yakası Taşlı Kısa Kol Tişört,1299.95,tisort
Lacivert Cepleri Taşlı Tişört,699.95,tisort
Kemik Baskı detaylı tshirt,2499.95,tisort
Kemik Baskılı tshırt,1799.95,tisort
Lacivert Yakası taşlı tshirt,1799.95,tisort
Beyaz Büzgülü Tişört,1499.95,tisort
Siyah Yakası taşlı tshirt,1799.95,tisort
Siyah Büzgülü Tişört,1499.95,tisort
Bordo Triko Atlet,899.95,atlet
Gri Kolsuz Triko Atlet,899.95,atlet
Bej Triko Atlet,899.95,atlet
Ekru Kolsuz Triko Atlet,899.95,atlet
Camel İp Askılı Triko Atlet,799.95,atlet
Siyah Triko Atlet,899.95,atlet
Lime İp Askılı Triko Atlet,799.95,atlet
Mavi Kolsuz Triko Atlet,899.95,atlet
Pembe Kolsuz Triko Atlet,899.95,atlet
Vanilya İp Askılı Triko Atlet,799.95,atlet
Kahverengi Dantel Detaylı Kaşmir Triko Atlet,999.95,atlet
Gri Dantel Detaylı Kaşmir Triko Atlet,999.95,atlet
Ekru Dantel Detaylı Kaşmir Triko Atlet,999.95,atlet
Siyah Moda Tutkusu Salaş Triko Atlet,599.95,atlet
Yeşil Kolsuz Triko Atlet,1999.95,atlet
Lacivert Duğme detaylı atlet,999.95,atlet
Kahverengi Biye Detaylı Bluz,1299.95,atlet
Lacivert Kontrast İp Askılı Triko Bluz,1799.95,atlet
Mavi Kontrast İp Askılı Triko Bluz,1799.95,atlet
Kahverengi Biyeli kaşkorse atlet,1299.95,atlet
Siyah Biyeli kaşkorse atlet,1299.95,atlet
Siyah Duğme detaylı atlet,999.95,atlet
Ekru Kolsuz Triko Atlet,1999.95,atlet
Lacivert Kolsuz Triko Atlet,1999.95,atlet
Siyah Kolsuz Triko Atlet,1999.95,atlet
Beyaz Kontrast İp Askılı Triko Bluz,1799.95,atlet
Vanilya Biyeli kaşkorse atlet,1299.95,atlet
Kemik Toka detaylı bluz,1999.95,atlet
Kahverengi Duğme detaylı atlet,999.95,atlet
Beyaz Duğme detaylı atlet,999.95,atlet
Siyah Biye Detaylı Bluz,1299.95,atlet
Siyah Kontrast İp Askılı Triko Bluz,1799.95,atlet
Lacivert Biyeli kaşkorse atlet,1299.95,atlet
Kemik Biye Detaylı Bluz,1299.95,atlet
Mavi Kolsuz Triko Atlet,1999.95,atlet
Siyah Yüksek Bel Şort,1499.95,sort
Lacivert Cep Kapaklı Şort,999.95,sort
Pembe Cepli Şort,999.95,sort
Lacivert Cepli Denim Şort,999.95,sort
Kahverengi Yüksek Bel Şort,1499.95,sort
Bej Yüksek Bel Beş Cep Şort,999.95,sort
Kemik Yüksek Bel Beş Cep Şort,999.95,sort
Siyah Beli Lastikli Şort,999.95,sort
Kemik Keten Şort,999.95,sort
Yeşil Fileto Cepli Mini Şort,1299.95,sort
Pembe Desenli Şort,999.95,sort
Bej Beli Lastikli Şort,999.95,sort
Lacivert Yüksek Bel Beş Cep Şort,999.95,sort
Siyah Mert Aslan Cepli Şort,1499.95,sort
Turuncu Cepli Şort,799.95,sort
Siyah Yüksek Bel Beş Cep Şort,999.95,sort
Pembe Cepli Şort,799.95,sort
Kırmızı Beli Lastikli Şort,999.95,sort
Mavi Cepli Denim Şort,999.95,sort
Lacivert Moda Tutkusu Çizgili Denim Şort,799.95,sort
Beyaz Yüksek Bel Beş Cep Şort,999.95,sort
Beyaz Cepli Denim Şort,1499.95,sort
Turuncu Beli Lastikli Desenli Şort,1499.95,sort
Mavi Kargo Cepli Şort,1299.95,sort
Vizon Moda Tutkusu Beli Lastikli Şort,999.95,sort
Bej Keten Şort,1299.95,sort
Mavi Pileli Şort,1299.95,sort
Bej Beli Lastikli Nakışlı Şort,1299.95,sort
Kahverengi Keten Şort,1299.95,sort
Beyaz Güpürlü Şort,1499.95,sort
Mavi Moda Tutkusu Pile Detaylı Şort,1299.95,sort
Turuncu Keten Şort,1499.95,sort
Turuncu Pileli Şort,1299.95,sort
Siyah Beli Lastikli Nakışlı Şort,1299.95,sort
Kahverengi Dikiş Detaylı Şort,1499.95,sort
Siyah Cepli Keten Şort,999.95,sort
Pembe Cep Detaylı Sort,1299.95,sort
Pembe Desenli Şort,799.95,sort
Pembe Cepli Şort,799.95,sort
Yeşil Cepli Şort,799.95,sort
Kahverengi Desenli Şort,799.95,sort
Vanilya Pileli Şort Etek,999.95,sort
Mavi Mini Şort,999.95,sort
Lacivert Bağcıklı Şort,999.95,sort
Bej Kargo Cepli Şort,999.95,sort
Siyah Kargo Cepli Şort,999.95,sort
Mavi Keten Şort,999.95,sort
Bej Taylor Beli Fırfırlı Önden Bağcıklı Şort,499.95,sort
Lacivert Cepli Şort,1999.95,sort
Siyah Cepli Şort,1999.95,sort
Mavi Kemerli Denim Şort,2499.95,sort
Lacivert Beli Fırfırlı Önden Bağcıklı Şort,1999.95,sort
Kahverengi Beli Fırfırlı Önden Bağcıklı Şort,1999.95,sort
Mavi Cepli Şort,1999.95,sort
Mavi Kemer Detaylı Pileli Gabardin  Şort,2999.95,sort
Kahverengi Beli Fırfırlı Önden Bağcıklı Şort,1999.95,sort
Mor Fileto Cepli Mini Şort,2499.95,sort
Bej Moda Tutkusu Pileli  Keten Şort,999.95,sort
Vanilya Cepli Şort,1999.95,sort
Vanilya Fileto Cepli Mini Şort,2499.95,sort
Mavi Moda Tutkusu Çizgili Şort,799.95,sort
Yeşil Cepli Şort,1999.95,sort
Gri Beli Fırfırlı Önden Bağcıklı Şort,1999.95,sort
Kemik Pensli Şort,1999.95,sort
Pembe Kemer Detaylı Pileli Gabardin  Şort,2999.95,sort
Siyah Beli Fırfırlı Önden Bağcıklı Şort,1999.95,sort
Kahverengi Beli Fırfırlı Önden Bağcıklı Şort,1999.95,sort
Siyah Uzun Çizme,5999.95,ayakkabi
Bordo Topuklu Sivri Burun Bot,3999.95,ayakkabi
Bordo Süet Topuklu Bot,3999.95,ayakkabi
Siyah Kovboy Sivri Burun Bot,3999.95,ayakkabi
Mürdüm Bilekten Bağlı Kısa Topuklu Ayakkabı,2999.95,ayakkabi
Siyah Kısa Topuklu Sivri Burun Ayakkabısı,2999.95,ayakkabi
Mürdüm Lastikli Bağcıklı Ayakkabı,2999.95,ayakkabi
Siyah Fiyonklu Kısa Topuklu Ayakkabı,2999.95,ayakkabi
Siyah Deri Önü Açık Topuklu Ayakkabı,1999.95,ayakkabi
Siyah Süet Topuklu Bot,3999.95,ayakkabi
Mürdüm Piton Derili Sivri Burun Babet,2999.95,ayakkabi
Kahverengi Süet Ayakkabı,1999.95,ayakkabi
Kahverengi Piton Derili Sivri Burun Babet,2999.95,ayakkabi
Siyah Lastikli Bağcıklı Ayakkabı,2999.95,ayakkabi
Kahverengi Süet Spor Ayakkabı,1499.95,ayakkabi
Siyah Deri Ayakkabı,1999.95,ayakkabi
Bordo Deri Küçük Topuklu Ayakkabı,1999.95,ayakkabi
Vizon Süet Topuklu Bot,3999.95,ayakkabi
Siyah Topuklu Sivri Burun Bot,3999.95,ayakkabi
Bej Deri Küçük Topuklu Ayakkabı,1999.95,ayakkabi
Gri Süet Spor Ayakkabı,1499.95,ayakkabi
Lacivert Süet Ayakkabı,1999.95,ayakkabi
Bej Deri Ayakkabı,1999.95,ayakkabi
Kahverengi Kovboy Sivri Burun Bot,3999.95,ayakkabi
Lacivert Süet Spor Ayakkabı,1499.95,ayakkabi
Siyah Süet Ayakkabı,1999.95,ayakkabi
Pembe Süet Spor Ayakkabı,1499.95,ayakkabi
Sarı Süet Spor Ayakkabı,1499.95,ayakkabi
Siyah Deri Rugan Stiletto Ayakkabı,5999.95,ayakkabi
Lacivert Deri Rugan Bağlamalı Topuklu Ayakkabı ,5999.95,ayakkabi
Siyah Deri Logo Detaylı Bot,3999.95,ayakkabi
Siyah Süs Dikişli Süet Bot,8999.95,ayakkabi
Siyah Yuvarlak Burunlu Topuklu Bot,7999.95,ayakkabi
Mürdüm Sivri Burun Bilek Bot,7999.95,ayakkabi
Bordo Deri Rugan Uzun Çizme,4999.95,ayakkabi
Kahverengi Yuvarlak Burunlu Topuklu Bot,7999.95,ayakkabi
Siyah Sivri Burun Bilek Bot,7999.95,ayakkabi
Bordo Deri Rugan Bağlamalı Topuklu Ayakkabı ,5999.95,ayakkabi
Siyah Deri Rugan Bağlamalı Topuklu Ayakkabı ,5999.95,ayakkabi
Bordo Rugan Deri Sivri Burun Ayakkabı,3999.95,ayakkabi
Siyah Deri Rugan Uzun Çizme,4999.95,ayakkabi
Bordo Deri Rugan Stiletto Ayakkabı,5999.95,ayakkabi
Gold Arkası Açık Sandalet,1499.95,ayakkabi
Lacivert Süs Dikişli Süet Bot,8999.95,ayakkabi
Siyah Rugan Deri Sivri Burun Ayakkabı,3999.95,ayakkabi
Kahverengi Deri Yandan Fermuarlı Kalın Topuklu Bot,1999.95,ayakkabi
Kahverengi Deri Tokalı Uzun Çizme,2999.95,ayakkabi
Mürdüm Deri Logo Detaylı Bot,3999.95,ayakkabi
Gri Arkası Açık Sandalet,1499.95,ayakkabi
Siyah Süet Zımba Detaylı Kısa Çizme,1999.95,ayakkabi
Bej Deri Logo Detaylı Bot,1999.95,ayakkabi
Camel Süet Zımba Detaylı Kısa Çizme,1999.95,ayakkabi
Saks Deri Geniş Bantlı Sandalet,1999.95,ayakkabi
Siyah Deri Geniş Bantlı  Logolu Sandalet,1999.95,ayakkabi
Gri Parlak Deri Küçük Topuk Arkası Açık Ayakkabı,1499.95,ayakkabi
Turuncu Deri Geniş Bantlı Sandalet,1999.95,ayakkabi
Gri Deri Geniş Bantlı  Logolu Sandalet,1999.95,ayakkabi
Siyah Deri Espradil Sandalet,1999.95,ayakkabi
Lacivert Duğme detaylı atlet,999.95,ayakkabi
Siyah Duğme detaylı atlet,999.95,ayakkabi
Siyah Deri Terlik,8999.95,ayakkabi
Kahverengi Süet Deri Topuklu Ayakkabı,5999.95,ayakkabi
Kahverengi Deri Arkası Açık Ayakkabı,5999.95,ayakkabi
Kahverengi Deri Ayakkabı,8999.95,ayakkabi
Gri Deri Terlik,8999.95,ayakkabi
Kahverengi Deri Logo Detaylı Ayakkabı,5999.95,ayakkabi
Siyah Deri Logo Detaylı Ayakkabı,5999.95,ayakkabi
Kahverengi Duğme detaylı atlet,999.95,ayakkabi
Beyaz Duğme detaylı atlet,999.95,ayakkabi
Siyah Deri Rugan Toka Detaylı Ayakkabı,4999.95,ayakkabi
Siyah Deri Logolu Ayakkabı,5999.95,ayakkabi
Pembe Deri İki Renkli Ayakkabı,5999.95,ayakkabi
Siyah Deri Terlik,7999.95,ayakkabi
Kırmızı Süet Deri Topuklu Ayakkabı,5999.95,ayakkabi
Siyah Deri Ayakkabı,8999.95,ayakkabi
Sarı Deri İki Renkli Ayakkabı,5999.95,ayakkabi
Siyah Deri Logo Detaylı Ayakkabı,5999.95,ayakkabi
Bej Deri Ayakkabı,8999.95,ayakkabi
Camel Süet  Yandan Fermuarlı Kalın Topuklu Bot,7999.95,ayakkabi
Bordo Askılı Çanta,2499.95,canta
Vizon Çanta,1999.95,canta
Bordo Çanta,1999.95,canta
Gri Çanta,1999.95,canta
Siyah Çanta,1299.95,canta
Kahverengi Çanta,999.95,canta
Kahverengi Çanta,2999.95,canta
Siyah Çanta,1999.95,canta
Gold Parlak Deri Çanta,1999.95,canta
Siyah Pullu Kumaş  Çanta,1999.95,canta
Siyah Pullu Kumaş Kaplı Kutu Çanta,1299.95,canta
Kahverengi Çanta,1999.95,canta
Siyah Çanta,1999.95,canta
Siyah Parlak Deri Çanta,1999.95,canta
Gri Çanta,1499.95,canta
Siyah Askılı Çanta,2499.95,canta
Bordo Parlak Deri Çanta,1999.95,canta
Siyah Çanta,1999.95,canta
Gri Çanta,2999.95,canta
Olive Çanta,1599.95,canta
Haki Çanta,1999.95,canta
Turuncu Kumaş Kaplı Çanta,1499.95,canta
Camel Çanta,1999.95,canta
Siyah Çanta,1999.95,canta
Siyah Çanta,1999.95,canta
Camel Çanta,1999.95,canta
Gold Dokulu Küçük Çanta,3499.95,canta
Siyah Çanta,2999.95,canta
Ekru Dokulu Küçük Çanta,3499.95,canta
Yeşil Çanta,2999.95,canta
Bordo Çanta,2999.95,canta
Pembe Çanta,3499.95,canta
Siyah Çanta,3499.95,canta
Vanilya Çanta,2999.95,canta
Camel Çanta,2999.95,canta
Vanilya Örgü Çanta,4999.95,canta
Siyah Çizgi Detaylı Çanta,2999.95,canta
Pembe Çanta,3499.95,canta
Gold Çanta,3999.95,canta
Kahverengi Dokulu Çanta,4999.95,canta
Haki Çanta,2999.95,canta
Sarı Dokulu Çanta,4999.95,canta
Olive Çanta,3499.95,canta
Gri Çanta,2999.95,canta
Kahverengi Çanta,3499.95,canta
Pembe Çanta,2999.95,canta
Bej Çanta,2999.95,canta
Siyah Çanta,3499.95,canta
Camel Çanta,2999.95,canta
Siyah Dokulu Küçük Çanta,3499.95,canta
Pembe Çanta,2999.95,canta
Sarı Çanta,3499.95,canta
Camel Örgü Çanta,4999.95,canta
Siyah Çanta,3999.95,canta
Siyah Çizgi Detaylı Tokalı Çanta,2999.95,canta
Bordo Çanta,2499.95,canta
Yeşil Çanta,3499.95,canta
Siyah Çanta,2999.95,canta
Siyah Çanta,2999.95,canta
Siyah Çanta,2499.95,canta
Bej Çanta,3499.95,canta
Gri Dokulu Küçük Çanta,3499.95,canta
Siyah Dokulu Çanta,4999.95,canta
Lacivert Çanta,2999.95,canta
Gri Çanta,2999.95,canta
Siyah Deri Tokalı Kemer,799.95,aksesuar
Bordo Deri Logolu Cüzdan,1999.95,aksesuar
Kemik Triko Atkı,699.95,aksesuar
Bordo Kroko Deri Kemer,1499.95,aksesuar
Bordo Askılı Çanta,2499.95,aksesuar
Gri Çanta,1999.95,aksesuar
Siyah Deri Büyük Cüzdan,2499.95,aksesuar
Camel Deri Fermuarlı Cüzdan,1999.95,aksesuar
Lacivert Deri Büyük Cüzdan,2499.95,aksesuar
Lacivert Triko Atkı,699.95,aksesuar
Camel Deri Tokalı Kemer,799.95,aksesuar
Siyah Deri Fermuarlı Cüzdan,1999.95,aksesuar
Bordo Çanta,1999.95,aksesuar
Lacivert Deri Kroko Kartlık,1999.95,aksesuar
Kahverengi Deri Logolu Cüzdan,1999.95,aksesuar
Kahverengi Çanta,1999.95,aksesuar
Siyah Pullu Kumaş Kaplı Kutu Çanta,1299.95,aksesuar
Gri Triko Atkı,699.95,aksesuar
Siyah Deri Logolu Cüzdan,1999.95,aksesuar
Siyah Askılı Çanta,2499.95,aksesuar
Bordo Parlak Deri Çanta,1999.95,aksesuar
Siyah Çanta,1999.95,aksesuar
Gri Çanta,2999.95,aksesuar
Pembe Deri Logolu Cüzdan,1999.95,aksesuar
Siyah Çanta,1999.95,aksesuar
Gold Parlak Deri Çanta,1999.95,aksesuar
Siyah Pullu Kumaş  Çanta,1999.95,aksesuar
Siyah Parlak Deri Çanta,1999.95,aksesuar
Kahverengi Deri Kroko Kartlık,1999.95,aksesuar
Siyah Çanta,1299.95,aksesuar
Siyah Kroko Deri Kemer,1499.95,aksesuar
Siyah Çanta,1999.95,aksesuar
Siyah Deri Logolu Cüzdan,1999.95,aksesuar
Vizon Çanta,1999.95,aksesuar
Haki Çanta,1999.95,aksesuar
Gri Çanta,1499.95,aksesuar
Kahverengi Çanta,2999.95,aksesuar
Kahverengi Deri Kroko Kartlık,1999.95,aksesuar
Olive Çanta,1599.95,aksesuar
Kahverengi Çanta,999.95,aksesuar
Camel Çanta,1999.95,aksesuar
Camel Çanta,1999.95,aksesuar
Siyah Çanta,1999.95,aksesuar
Siyah Çanta,1999.95,aksesuar
Turuncu Kumaş Kaplı Çanta,1499.95,aksesuar
Gold Dokulu Küçük Çanta,3499.95,aksesuar
Siyah Tokalı Kemer,899.95,aksesuar
Mor Toçev Baskılı Şal,1999.95,aksesuar
Siyah Çanta,2999.95,aksesuar
Ekru Dokulu Küçük Çanta,3499.95,aksesuar
Camel Geniş Tokalı Kemer,899.95,aksesuar
Yeşil Çanta,2999.95,aksesuar
Bordo Çanta,2999.95,aksesuar
Pembe Çanta,3499.95,aksesuar
Siyah Çanta,3499.95,aksesuar
Vanilya Çanta,2999.95,aksesuar
Camel Çanta,2999.95,aksesuar
Siyah Tokalı Kemer,899.95,aksesuar
Vanilya Örgü Çanta,4999.95,aksesuar
Siyah Çizgi Detaylı Çanta,2999.95,aksesuar
Pembe Çanta,3499.95,aksesuar
Gold Çanta,3999.95,aksesuar
Kahverengi Dokulu Çanta,4999.95,aksesuar
Haki Çanta,2999.95,aksesuar
Sarı Dokulu Çanta,4999.95,aksesuar
Gold Tokalı Kemer,899.95,aksesuar
Olive Çanta,3499.95,aksesuar
Bej Tokalı Kemer,1499.95,aksesuar
Camel Tokalı Kemer,999.95,aksesuar
Gri Çanta,2999.95,aksesuar
Kahverengi Çanta,3499.95,aksesuar
Pembe Çanta,2999.95,aksesuar
Yeşil Toçev Baskılı Şal,1999.95,aksesuar
Bej Çanta,2999.95,aksesuar
Kahverengi Tokalı Kemer,899.95,aksesuar
Lila Toçev 70*70 Desenli Şal,699.95,aksesuar
Siyah Çanta,3499.95,aksesuar
Camel Çanta,2999.95,aksesuar
Siyah Dokulu Küçük Çanta,3499.95,aksesuar
Pembe Çanta,2999.95,aksesuar
Sarı Çanta,3499.95,aksesuar
Siyah Geniş Tokalı Kemer,899.95,aksesuar
Pembe Desenli Şal,699.95,aksesuar
Turuncu Toçev Baskılı Şal,1999.95,aksesuar
Camel Örgü Çanta,4999.95,aksesuar
Siyah Çanta,3999.95,aksesuar
Siyah Çizgi Detaylı Tokalı Çanta,2999.95,aksesuar
Sarı Toçev 70*70 Desenli Şal,699.95,aksesuar
Bordo Çanta,2499.95,aksesuar
Camel Tokalı Kemer,1499.95,aksesuar
Yeşil Çanta,3499.95,aksesuar
Siyah Çanta,2999.95,aksesuar
Siyah Çanta,2999.95,aksesuar
Siyah Çanta,2499.95,aksesuar
Kahverengi Tokalı Kemer,899.95,aksesuar
Bej Çanta,3499.95,aksesuar
Gri Dokulu Küçük Çanta,3499.95,aksesuar
Siyah Dokulu Çanta,4999.95,aksesuar
Lacivert Çanta,2999.95,aksesuar
Lacivert Tokalı Kemer,1499.95,aksesuar
Gri Çanta,2999.95,aksesuar
Siyah Tokalı Kemer,999.95,aksesuar
