Product Name,Price,URL
Şarjlı Outdoor LED Masa Lambası »Fener«,"999,00 TL",https://www.tchibo.com.tr/products/125898564190/sarjli-outdoor-led-masa-lambasi-fener?article_id=103371761203
2 Adet Çok Fonksiyonlu LED Lamba,"1.349,00 TL",https://www.tchibo.com.tr/products/104763495732/2-adet-cok-fonksiyonlu-led-lamba?article_id=119238564695
Raflı Paravan Modülü »Elin«,"10.999,00 TL",https://www.tchibo.com.tr/products/118697395126/rafli-paravan-modulu-elin?article_id=151161172561
6`sı 1 Arada Mutfak Rende Seti,"999,00 TL",https://www.tchibo.com.tr/products/158529242916/6si-1-arada-mutfak-rende-seti?article_id=172829393996
XL Piknik Örtüsü,"1.349,00 TL",https://www.tchibo.com.tr/products/155976505470/xl-piknik-ortusu?article_id=167158365168
4 Adet Katlanabilir Düzenleyici Sandık,"899,00 TL",https://www.tchibo.com.tr/products/149164656267/katlanabilir-duzenleyici-sandiklar?article_id=154964112428
Elektrikli Tuz veya Baharat Değirmeni,"999,00 TL",https://www.tchibo.com.tr/products/130364185209/elektrikli-tuz-veya-baharat-degirmeni?article_id=101046900669
Taşıma Kapaklı Baton Kalıp,"999,00 TL",https://www.tchibo.com.tr/products/130948618872/tasima-kapakli-baton-kalip?article_id=145213838329
3 Adet Seyahat Düzenleme Çantası,"1.499,00 TL",https://www.tchibo.com.tr/products/135831942276/3-adet-seyahat-duzenleme-cantasi?article_id=194148457447
Katlanabilir Bagaj Kutusu,"899,00 TL",https://www.tchibo.com.tr/products/129712028133/katlanabilir-bagaj-kutusu?article_id=152410708110
Taşınabilir İç Çamaşırı Düzenleyici,"799,00 TL",https://www.tchibo.com.tr/products/116943421718/tasinabilir-ic-camasiri-duzenleyici?article_id=181380863971
Hafızalı Süngerli Bel Yastığı,"999,00 TL",https://www.tchibo.com.tr/products/151435339925/hafizali-sungerli-bel-yastigi?article_id=176967671895
2'si 1 Arada Soğutuculu Çanta,"2.199,00 TL",https://www.tchibo.com.tr/products/194023532495/2si-1-arada-sogutuculu-canta?article_id=115064766550
2 Adet Oda Termometresi,"899,00 TL",https://www.tchibo.com.tr/products/123262024010/2-adet-oda-termometresi?article_id=151152134502
Teleskopik Yan Ayna Temizleyici,"549,00 TL",https://www.tchibo.com.tr/products/135422061004/teleskopik-yan-ayna-temizleyici?article_id=167717569957
4 Adet Tatlı Tabağı,"1.499,00 TL",https://www.tchibo.com.tr/products/144651436151/4-adet-tatli-tabagi?article_id=140371830579
Taşıma Kapaklı Yuvarlak Kelepçeli Kalıp,"1.499,00 TL",https://www.tchibo.com.tr/products/122045322263/tasima-kapakli-yuvarlak-kelepceli-kalip?article_id=174521881166
Manikür ve Pedikür Aleti,"999,00 TL",https://www.tchibo.com.tr/products/112136079935/manikur-ve-pedikur-aleti?article_id=124465566670
4 Adet Amerikan Servisi,"749,00 TL",https://www.tchibo.com.tr/products/127262545318/4-adet-amerikan-servisi?article_id=122367776208
Kesilmez Eldiven,"899,00 TL",https://www.tchibo.com.tr/products/103897008281/kesilmez-eldiven?article_id=101036787378
Asılabilir Duş Rafı,"899,00 TL",https://www.tchibo.com.tr/products/172343573034/asilabilir-dus-rafi?article_id=102655369117
Elektrikli Nasır Törpüsü,"1.299,00 TL",https://www.tchibo.com.tr/products/121039376544/elektrikli-nasir-torpusu?article_id=100392090155
Mini Soğuk Tutan Çanta,"1.299,00 TL",https://www.tchibo.com.tr/products/148544456062/mini-soguk-tutan-canta?article_id=148549156476
3 LED'li Outdoor Kazığı,"999,00 TL",https://www.tchibo.com.tr/products/156143673843/3-ledli-outdoor-kazigi?article_id=146836360239
Renforcé Çok İşlevli Örtü,"1.199,00 TL",https://www.tchibo.com.tr/products/154759803723/renforce-cok-islevli-ortu?article_id=126765757105
2 Adet Taze Tutan Küre,"599,00 TL",https://www.tchibo.com.tr/products/155344237386/2-adet-taze-tutan-kure?article_id=127225731993
Kazıyıcılı Fırın Fırçası,"669,00 TL",https://www.tchibo.com.tr/products/105292946280/kaziyicili-firin-fircasi?article_id=109696525313
4 Adet Saklama Kutusu,"799,00 TL",https://www.tchibo.com.tr/products/120852319179/4-adet-saklama-kutusu?article_id=123474260407
Döner Tepsi,"699,00 TL",https://www.tchibo.com.tr/products/160780037582/doner-tepsi?article_id=132337556032
2 Adet Yolculuk için Kirli Torbası,"699,00 TL",https://www.tchibo.com.tr/products/163638964574/2-adet-yolculuk-icin-kirli-torbasi?article_id=160747770248
Emniyet Kemeri Yastığı,"799,00 TL",https://www.tchibo.com.tr/products/142532043316/emniyet-kemeri-yastigi?article_id=171340464516
2'si 1 Arada Banyo Havlusu ve Panço,"1.299,00 TL",https://www.tchibo.com.tr/products/133099968578/2si-1-arada-banyo-havlusu-ve-panco?article_id=139563772939
Soğutucu Sepet,"1.899,00 TL",https://www.tchibo.com.tr/products/164879802079/sogutucu-sepet?article_id=176537044133
Emaye Baton Kalıp,"1.199,00 TL",https://www.tchibo.com.tr/products/138249468220/emaye-baton-kalip?article_id=104130899506
Çok İşlevli Şarjlı LED Lamba,"1.199,00 TL",https://www.tchibo.com.tr/products/173632009636/cok-islevli-sarjli-led-lamba?article_id=198746710234
Baharat Saklama Kutusu,"899,00 TL",https://www.tchibo.com.tr/products/101693812712/baharat-saklama-kutusu?article_id=105420632328
Şans Kurbağası,"899,00 TL",https://www.tchibo.com.tr/products/131262629531/sans-kurbagasi?article_id=155717415987
4 Adet Yumurtalık,"899,00 TL",https://www.tchibo.com.tr/products/181958693695/4-adet-yumurtalik?article_id=137805027170
Marmelat ve Bal Kaşığı,"599,00 TL",https://www.tchibo.com.tr/products/126475176740/marmelat-ve-bal-kasigi?article_id=128426348205
"Büyük Kurulama Bezi, Ekstra Emici","499,00 TL",https://www.tchibo.com.tr/products/171305670444/buyuk-kurulama-bezi-ekstra-emici?article_id=188222086653
8 Adet Ekstra İnce Kıyafet Askısı,"819,00 TL",https://www.tchibo.com.tr/products/138134145710/8-adet-ekstra-ince-kiyafet-askisi?article_id=120285279410
Limon Sıkacağı,"799,00 TL",https://www.tchibo.com.tr/products/164247533995/limon-sikacagi?article_id=122184527585
8 Parçalı Tohum Ekme Seti,"799,00 TL",https://www.tchibo.com.tr/products/173715375275/8-parcali-tohum-ekme-seti?article_id=171570820388
3 Adet Kapaklı Emaye Servis ve Hazırlama Kasesi,"2.999,00 TL",https://www.tchibo.com.tr/products/114012759871/kapakli-emaye-servis-ve-hazirlama-kasesi?article_id=151212640842
Taşınabilir Termos Bardak,"999,00 TL",https://www.tchibo.com.tr/products/129755615788/tasinabilir-termos-bardak?article_id=125349996200
Çok Fonksiyonlu LED Lamba,"999,00 TL",https://www.tchibo.com.tr/products/154652302326/cok-fonksiyonlu-led-lamba?article_id=149768269667
2 Adet Kil Sulama Yardımcısı,"749,00 TL",https://www.tchibo.com.tr/products/103296259973/2-adet-kil-sulama-yardimcisi?article_id=142731053642
2 Adet Katlanabilir Düzenleyici Sandık,"499,00 TL",https://www.tchibo.com.tr/products/149164656267/katlanabilir-duzenleyici-sandiklar?article_id=153088376635
3'ü 1 Arada Yolculuk Düzenleme Çantası,"1.399,00 TL",https://www.tchibo.com.tr/products/190233531891/3u-1-arada-yolculuk-duzenleme-cantasi?article_id=198262486108
6 Adet Yolculuk için Ayakkabı ve Çamaşır Torbası,"699,00 TL",https://www.tchibo.com.tr/products/145832371356/6-adet-yolculuk-icin-ayakkabi-ve-camasir-torbasi?article_id=143866148111
Şarjlı LED Mini Okuma Lambası,"699,00 TL",https://www.tchibo.com.tr/products/186086168297/sarjli-led-mini-okuma-lambasi?article_id=111811339042
Pamuklu Masa Örtüsü,"399,00 TL",https://www.tchibo.com.tr/products/103924953710/pamuklu-masa-ortusu?article_id=136409891327
Ütü Masası Kılıfı,"899,00 TL",https://www.tchibo.com.tr/products/162470097248/utu-masasi-kilifi?article_id=119375442925
Rahatlama Yastığı,"899,00 TL",https://www.tchibo.com.tr/products/118025349058/rahatlama-yastigi?article_id=179872362280
Bulaşık Seti,"899,00 TL",https://www.tchibo.com.tr/products/111380903552/bulasik-seti?article_id=103522775380
Şişe Fırçası,"669,00 TL",https://www.tchibo.com.tr/products/103463428346/sise-fircasi?article_id=155759425348
Mini Soğutucu Çanta,"1.299,00 TL",https://www.tchibo.com.tr/products/173783098688/mini-sogutucu-canta?article_id=130815655250
LED Çalışma Işığı,"849,00 TL",https://www.tchibo.com.tr/products/178809454707/led-calisma-isigi?article_id=141661563401
Çok Fonksiyonlu LED Lamba,"1.269,00 TL",https://www.tchibo.com.tr/products/140376682168/cok-fonksiyonlu-led-lamba?article_id=121114300488
Yolculuk Çalar Saati,"699,00 TL",https://www.tchibo.com.tr/products/171425239720/yolculuk-calar-saati?article_id=199846284457
Katlanabilir Koruyucu Kapak,"819,00 TL",https://www.tchibo.com.tr/products/100492988515/katlanabilir-koruyucu-kapak?article_id=140194334215
2 Kişilik Raclette Izgara,"2.399,00 TL",https://www.tchibo.com.tr/products/131159374900/2-kisilik-raclette-izgara?article_id=161758227861
"Tutamaklı Kap, Küçük","799,00 TL",https://www.tchibo.com.tr/products/162816064778/tutamakli-kap?article_id=154028214617
Dijital Nem Ölçer,"799,00 TL",https://www.tchibo.com.tr/products/145947693866/dijital-nem-olcer?article_id=121590223411
3'ü 1 arada Cam Silici,"599,00 TL",https://www.tchibo.com.tr/products/129696385907/3u-1-arada-cam-silici?article_id=183490895807
LED'li Pin Oyunu,"899,00 TL",https://www.tchibo.com.tr/products/182694216410/ledli-pin-oyunu?article_id=113276673655
Seramik Tepsi,"499,00 TL",https://www.tchibo.com.tr/products/152712616391/seramik-tepsi?article_id=102090645579
2 Adet Kanca,"749,00 TL",https://www.tchibo.com.tr/products/131008521172/2-adet-kanca?article_id=171033315893
6 Adet Aroma Klipsi,"699,00 TL",https://www.tchibo.com.tr/products/101848913206/6-adet-aroma-klipsi?article_id=197600765618
"2 Adet Gardırop Düzenleyici, Orta","699,00 TL",https://www.tchibo.com.tr/products/161376539124/2-adet-gardirop-duzenleyici?article_id=115068390726
LED Girlant,"1.499,00 TL",https://www.tchibo.com.tr/products/161535449289/led-girlant?article_id=154848934492
Aralık Fırçası,"499,00 TL",https://www.tchibo.com.tr/products/179938544049/aralik-fircasi?article_id=169593305750
Yassı Beslenme Kutusu,"699,00 TL",https://www.tchibo.com.tr/products/136185730919/yassi-beslenme-kutusu?article_id=196041953363
10 Adet LED Yıldız,"749,00 TL",https://www.tchibo.com.tr/products/100981988660/10-adet-led-yildiz?article_id=156724670285
Mandal Torbası,"669,00 TL",https://www.tchibo.com.tr/products/150752133721/mandal-torbasi?article_id=112905394516
"Yer Kaplamayan Patates Ezici, Katlanabilir","749,00 TL",https://www.tchibo.com.tr/products/175906502965/yer-kaplamayan-patates-ezici-katlanabilir?article_id=134255301186
"2 Adet LED Bahçe Lambası, büyük","1.899,00 TL",https://www.tchibo.com.tr/products/103256481989/2-adet-led-bahce-lambasi?article_id=112078606387
2 Adet Buzdolabı Düzenleme Kabı,"899,00 TL",https://www.tchibo.com.tr/products/145574016231/2-adet-buzdolabi-duzenleme-kabi?article_id=105457543801
Karıştırma Kasesi,"899,00 TL",https://www.tchibo.com.tr/products/104238729045/karistirma-kasesi?article_id=170770409580
Emaye Izgara Kabı,"899,00 TL",https://www.tchibo.com.tr/products/189525954605/emaye-izgara-kabi?article_id=140450751413
Mama Kabı Altlığı,"899,00 TL",https://www.tchibo.com.tr/products/108501415149/mama-kabi-altligi?article_id=159055283078
2 Adet Sütyen Yıkama Filesi,"599,00 TL",https://www.tchibo.com.tr/products/171035247440/2-adet-sutyen-yikama-filesi?article_id=165841834164
BBQ Burger Izgara Teli,"799,00 TL",https://www.tchibo.com.tr/products/113484418837/bbq-burger-izgara-teli?article_id=194502292458
2 Adet Kapı Askısı,"499,00 TL",https://www.tchibo.com.tr/products/126952344330/2-adet-kapi-askisi?article_id=105769369451
LCD Yazı Tableti,"549,00 TL",https://www.tchibo.com.tr/products/105976387808/lcd-yazi-tableti?article_id=192635278729
Köpek Oyun Halatı,"649,00 TL",https://www.tchibo.com.tr/products/144114601585/kopek-oyun-halati?article_id=162806754664
Tüy Temizleme Cihazı,"799,00 TL",https://www.tchibo.com.tr/products/188161973477/tuy-temizleme-cihazi?article_id=168350680177
Aşamalı Düzenleyici,"799,00 TL",https://www.tchibo.com.tr/products/101065354299/asamali-duzenleyici?article_id=191542193621
"Mini Poşet Kapatıcı, Şarjlı","799,00 TL",https://www.tchibo.com.tr/products/167619596890/mini-poset-kapatici-sarjli?article_id=165001962939
"Organik Pamuklu Masa Örtüsü, Büyük Boy","1.199,00 TL",https://www.tchibo.com.tr/products/164939469055/masa-ortusu?article_id=144219983122
2 Adet Güneş Şemsiyesi Askısı,"399,00 TL",https://www.tchibo.com.tr/products/197307982985/2-adet-gunes-semsiyesi-askisi?article_id=142773799859
Köpek Fuları,"549,00 TL",https://www.tchibo.com.tr/products/158990532956/kopek-fulari?article_id=193436426393
Vidalı Güneş Şemsiyesi Tutacağı,"519,00 TL",https://www.tchibo.com.tr/products/107400271236/vidali-gunes-semsiyesi-tutacagi?article_id=105638980336
Malzeme Arabası,"1.499,00 TL",https://www.tchibo.com.tr/products/168029041067/malzeme-arabasi?article_id=195853606852
"Güneş Enerjili Işık Zinciri ""Sterne""","1.499,00 TL",https://www.tchibo.com.tr/products/183386151470/gunes-enerjili-isik-zinciri-sterne?article_id=188983773900
"LED'li Kozmetik Aynası, Ekstra 5 Kat Büyütmeli","1.499,00 TL",https://www.tchibo.com.tr/products/103232783326/ledli-kozmetik-aynasi-ekstra-5-kat-buyutmeli?article_id=122472103997
Küvet Paspası,"749,00 TL",https://www.tchibo.com.tr/products/169631488328/banyo-dus-kuveti-paspasi?article_id=152596505677
Duş Paspası,"749,00 TL",https://www.tchibo.com.tr/products/169631488328/banyo-dus-kuveti-paspasi?article_id=154472241470
Kompakt Outdoor Aleti,"749,00 TL",https://www.tchibo.com.tr/products/187577539814/kompakt-outdoor-aleti?article_id=150462540598
4 Adet Üniversal Temizlik Bezi,"499,00 TL",https://www.tchibo.com.tr/products/173437131158/4-adet-universal-temizlik-bezi?article_id=161813636313
Büyük Parlatma Bezi,"499,00 TL",https://www.tchibo.com.tr/products/110775908478/buyuk-parlatma-bezi?article_id=163262368520
LED Işık Zinciri »Çiçekler«,"499,00 TL",https://www.tchibo.com.tr/products/192329226063/led-isik-zinciri-cicekler?article_id=155395477046
Işıldayan Çakıl Taşları,"499,00 TL",https://www.tchibo.com.tr/products/167683073537/isildayan-cakil-taslari?article_id=120222224126
Hayvan Tüyü Fırçası,"499,00 TL",https://www.tchibo.com.tr/products/126308008367/hayvan-tuyu-fircasi?article_id=160931018871
2 Adet Kurdeleli Lastik Top,"499,00 TL",https://www.tchibo.com.tr/products/169054875778/2-adet-kurdeleli-lastik-top?article_id=148591165837
Bahçe Aleti Seti,"499,00 TL",https://www.tchibo.com.tr/products/134691020379/bahce-aleti-seti?article_id=144538297887
LED Outdoor Metal Halka,"2.469,00 TL",https://www.tchibo.com.tr/products/136385091487/led-outdoor-metal-halka?article_id=191347673990
Yer Paspası,"1.399,00 TL",https://www.tchibo.com.tr/products/144325357613/moduler-temizleme-sistemi?article_id=141457268855
2 Adet LED Dolap Lambası,"699,00 TL",https://www.tchibo.com.tr/products/169798656701/2-adet-led-dolap-lambasi?article_id=151829803027
Çekmece Düzenleyici Seti,"699,00 TL",https://www.tchibo.com.tr/products/182650628755/cekmece-duzenleyici-seti?article_id=124036750996
LED Mikro Işık Zinciri »Çilek«,"699,00 TL",https://www.tchibo.com.tr/products/124788926745/led-mikro-isik-zinciri-cilek?article_id=102013957694
LED Işık Zinciri »Ampuller«,"699,00 TL",https://www.tchibo.com.tr/products/181382081145/led-isik-zinciri-ampuller?article_id=109584971553
Elektrikli Baharat Değirmeni,"1.299,00 TL",https://www.tchibo.com.tr/products/157869264727/elektrikli-baharat-degirmeni?article_id=169261171033
4 Adet Kaşık,"649,00 TL",https://www.tchibo.com.tr/products/101141335920/4-adet-kasik?article_id=132387866596
"Pelüş Köpek Oyuncağı »Arı«, Büyük","649,00 TL",https://www.tchibo.com.tr/products/170824491412/pelus-kopek-oyuncagi-ari?article_id=166558226250
XL Banyo Havlusu,"1.199,00 TL",https://www.tchibo.com.tr/products/142003265187/xl-banyo-havlusu?article_id=143315244525
"LED Gece Lambası, Priz, USB","1.199,00 TL",https://www.tchibo.com.tr/products/112251402445/led-gece-lambasi-priz-usb?article_id=122990036281
4 Adet Plastik Bardak ve Sürahi,"599,00 TL",https://www.tchibo.com.tr/products/118299581733/4-adet-plastik-bardak-ve-surahi?article_id=173957578489
Metal Bulaşık Malzemesi Standı,"599,00 TL",https://www.tchibo.com.tr/products/189550090363/metal-bulasik-malzemesi-standi?article_id=158465655931
2'si 1 Arada Oto Böcek Temizleme Süngeri,"399,00 TL",https://www.tchibo.com.tr/products/124725450098/2si-1-arada-oto-bocek-temizleme-sungeri?article_id=190097822446
Mandal Torbası,"669,00 TL",https://www.tchibo.com.tr/products/120387454792/mandal-torbasi?article_id=187187695797
Runner Masa Örtüsü,"599,00 TL",https://www.tchibo.com.tr/products/109455952100/runner-masa-ortusu?article_id=120492040415
3 Adet Kurulama Bezi,"599,00 TL",https://www.tchibo.com.tr/products/185931067803/3-adet-kurulama-bezi?article_id=142344247329
Zıplayan Su Topu,"399,00 TL",https://www.tchibo.com.tr/products/116235844432/ziplayan-su-topu?article_id=116398320821
2 Adet Kese,"599,00 TL",https://www.tchibo.com.tr/products/172896722245/2-adet-kese?article_id=119258452901
Pamuklu Masa Örtüsü,"549,00 TL",https://www.tchibo.com.tr/products/182746062273/pamuklu-masa-ortusu?article_id=168604548431
DIY Boncuk Seti,"999,00 TL",https://www.tchibo.com.tr/products/157670576578/diy-boncuk-seti?article_id=192000356421
"LED Işık Zinciri, Oluklu Toplar","999,00 TL",https://www.tchibo.com.tr/products/125492929684/oluklu-led-cam-nesne?article_id=159186409049
"2 Adet LED Mumluk, Küçük","999,00 TL",https://www.tchibo.com.tr/products/108461637165/2-adet-led-mumluk?article_id=153559201670
Çiçek Desenli XL Kahve Kupası,"999,00 TL",https://www.tchibo.com.tr/products/164152100477/cicek-desenli-xl-kahve-kupasi?article_id=132177819791
LED'li USB Işık Zinciri,"999,00 TL",https://www.tchibo.com.tr/products/130670374755/ledli-usb-isik-zinciri?article_id=102540928037
Termoslu Sosluk,"1.499,00 TL",https://www.tchibo.com.tr/products/165714769754/termoslu-sosluk?article_id=121501843657
"Silinebilir Masa Örtüsü, yakl. 90 x 90 cm, Turuncu","499,00 TL",https://www.tchibo.com.tr/products/130857432120/silinebilir-masa-ortusu?article_id=160123698087
Kurabiye Merdanesi,"629,00 TL",https://www.tchibo.com.tr/products/105114382447/kurabiye-merdanesi?article_id=135597472655
"Metal Tepsi, bakır rengi","819,00 TL",https://www.tchibo.com.tr/products/111500472828/metal-tepsi?article_id=101226525116
Katlanabilir Temizlik Kovası,"899,00 TL",https://www.tchibo.com.tr/products/105201087109/katlanabilir-temizlik-kovasi?article_id=114639575052
Küçük Takı Kutusu,"899,00 TL",https://www.tchibo.com.tr/products/181445557792/kucuk-taki-kutusu?article_id=164499241834
Metal Bulaşık Malzemesi Standı,"899,00 TL",https://www.tchibo.com.tr/products/133791903638/metal-bulasik-malzemesi-standi?article_id=162297860439
Tüy Temizleme Cihazı,"899,00 TL",https://www.tchibo.com.tr/products/178701953310/tuy-temizleme-cihazi?article_id=140575388269
2 Adet LED Işık Çubuğu,"899,00 TL",https://www.tchibo.com.tr/products/141887942677/2-adet-led-isik-cubugu?article_id=133096694335
LED Outdoor Fener,"899,00 TL",https://www.tchibo.com.tr/products/199455085925/led-outdoor-fener?article_id=193172362363
Kesilmez Eldiven,"899,00 TL",https://www.tchibo.com.tr/products/160843514229/kesilmez-eldiven?article_id=193375920053
Noel Müziği Çalan Kapı Paspası Sensörü,"899,00 TL",https://www.tchibo.com.tr/products/153689944262/noel-muzigi-calan-kapi-paspasi-sensoru?article_id=158665927821
"Masa Örtüsü, 140 x 180 cm","1.299,00 TL",https://www.tchibo.com.tr/products/173842765664/masa-ortusu?article_id=166728812638
4 Adet İşlemeli Peçete,"699,00 TL",https://www.tchibo.com.tr/products/159221177976/4-adet-islemeli-pecete?article_id=144876605724
Kedi Oyun Rulosu,"599,00 TL",https://www.tchibo.com.tr/products/187104181895/kedi-oyun-rulosu?article_id=162603196974
Dekoratif Girlant,"849,00 TL",https://www.tchibo.com.tr/products/107392214799/dekoratif-girlant?article_id=195380232873
Malzeme Standı,"599,00 TL",https://www.tchibo.com.tr/products/122029680037/malzeme-standi?article_id=130855115667
Dikiş İpliği Seti,"399,00 TL",https://www.tchibo.com.tr/products/191658087738/dikis-ipligi-seti?article_id=115022336328
Köpek Frizbisi,"549,00 TL",https://www.tchibo.com.tr/products/166438661685/kopek-frizbisi?article_id=111785932087
"Silikon Fırın Kalıbı ""Tannenbäume""","799,00 TL",https://www.tchibo.com.tr/products/112692803493/silikon-firin-kalibi-tannenbaume?article_id=173313618122
4 Adet Plastik Kap,"799,00 TL",https://www.tchibo.com.tr/products/110044632529/4-adet-plastik-kap?article_id=193300939390
Katlanabilir Resim Çerçevesi,"799,00 TL",https://www.tchibo.com.tr/products/132825735903/katlanabilir-resim-cercevesi?article_id=110726555137
Çiçek Baskılı Bardak İçinde LED'li Gerçek Mum,"799,00 TL",https://www.tchibo.com.tr/products/127942412499/cicek-baskili-bardak-icinde-ledli-gercek-mum?article_id=102874874842
Bitki Matı,"669,00 TL",https://www.tchibo.com.tr/products/128793930143/bitki-mati?article_id=146414033680
4 Adet Şaşlık Şişi,"499,00 TL",https://www.tchibo.com.tr/products/131613516246/4-adet-saslik-sisi?article_id=198676406598
Kedi Oyuncağı,"499,00 TL",https://www.tchibo.com.tr/products/178200885286/kedi-oyuncagi?article_id=160727461181
Kazıyıcılı Fırın Fırçası,"669,00 TL",https://www.tchibo.com.tr/products/122347937462/kaziyicili-firin-fircasi?article_id=192268360622
Kaymaz Altlık,"749,00 TL",https://www.tchibo.com.tr/products/134479591932/kaymaz-altlik?article_id=107155128859
3 Adet Fonksiyonel Kurulama Bezi,"749,00 TL",https://www.tchibo.com.tr/products/164656978172/3-adet-fonksiyonel-kurulama-bezi?article_id=132078589890
LED Işıklı Dal,"999,00 TL",https://www.tchibo.com.tr/products/113567784476/led-isikli-dal?article_id=116848836789
Baskılı Runner Masa Örtüsü,"549,00 TL",https://www.tchibo.com.tr/products/191649358882/baskili-runner-masa-ortusu?article_id=170480284224
2 Adet Ekstra Büyük Çamaşır Filesi,"669,00 TL",https://www.tchibo.com.tr/products/185656835128/2-adet-ekstra-buyuk-camasir-filesi?article_id=190226399473
LED Kar Küresi,"599,00 TL",https://www.tchibo.com.tr/products/106036290108/led-kar-kuresi?article_id=176830372804
İri Kir ve Ayakkabı Tabanı Temizleme Fırçası,"599,00 TL",https://www.tchibo.com.tr/products/187561897588/iri-kir-ve-ayakkabi-tabani-temizleme-fircasi?article_id=160380852141
4 Adet Yılbaşı Süsü,"599,00 TL",https://www.tchibo.com.tr/products/112871602650/4-adet-yilbasi-susu?article_id=189753025494
"LED'li Ev ""Zencefilli Kurabiye""","599,00 TL",https://www.tchibo.com.tr/products/155554993414/ledli-ev-zencefilli-kurabiye?article_id=115830077973
"LED Okuma Lambası ""Ayı""","599,00 TL",https://www.tchibo.com.tr/products/129735726796/led-okuma-lambasi-ayi?article_id=194048490690
2'si 1 Arada Köpek Oyun Topu,"599,00 TL",https://www.tchibo.com.tr/products/181676202812/2si-1-arada-kopek-oyun-topu?article_id=177812641008
Çift Taraflı Köpek Fuları,"599,00 TL",https://www.tchibo.com.tr/products/198079036918/cift-tarafli-kopek-fulari?article_id=142173660941
Dekorlu Jumbo Kupa,"1.099,00 TL",https://www.tchibo.com.tr/products/138826080770/dekorlu-jumbo-kupa?article_id=173645752839
6 Adet Aroma Klipsi,"599,00 TL",https://www.tchibo.com.tr/products/182054127213/6-adet-aroma-klipsi?article_id=127811734964
Döşeme ve Tekstil Fırçası,"599,00 TL",https://www.tchibo.com.tr/products/153499077226/doseme-ve-tekstil-fircasi?article_id=182594879274
Mutfak Önlüğü,"549,00 TL",https://www.tchibo.com.tr/products/154381879322/mutfak-onlugu?article_id=145881311078
Silikon Musluk Rafı,"549,00 TL",https://www.tchibo.com.tr/products/188364908392/silikon-musluk-rafi?article_id=198496782151
Seramik Tepsi,"899,00 TL",https://www.tchibo.com.tr/products/158434481817/seramik-tepsi?article_id=139645979573
2 Adet Silikon Sünger,"519,00 TL",https://www.tchibo.com.tr/products/103801574763/2-adet-silikon-sunger?article_id=135553335211
4 Adet BBQ Termometresi,"699,00 TL",https://www.tchibo.com.tr/products/154398193967/4-adet-bbq-termometresi?article_id=192626556665
LED Okuma Lambası,"499,00 TL",https://www.tchibo.com.tr/products/145749005717/led-okuma-lambasi?article_id=147892533874
Altın Yaldızlı Jumbo Kupa,"799,00 TL",https://www.tchibo.com.tr/products/188166220243/altin-yaldizli-jumbo-kupa?article_id=142881330963
Elma Oyucu,"499,00 TL",https://www.tchibo.com.tr/products/130396142080/elma-oyucu?article_id=160853489264
6 Adet Bardak İşareti,"449,00 TL",https://www.tchibo.com.tr/products/121019487552/6-adet-bardak-isareti?article_id=197255968666
2 Adet Çok İşlevli Elbise Askısı,"449,00 TL",https://www.tchibo.com.tr/products/127505258217/2-adet-cok-islevli-elbise-askisi?article_id=186373149042
Runner Masa Örtüsü,"749,00 TL",https://www.tchibo.com.tr/products/134965690149/runner-masa-ortusu?article_id=170822848227
Bahçe Atıkları Çantası,"599,00 TL",https://www.tchibo.com.tr/products/189923767998/bahce-atiklari-cantasi?article_id=126593358629
"3 Adet Makyaj Temizleme Havlusu, Yeşil, Rose Pembe ve Bakır Rengi","699,00 TL",https://www.tchibo.com.tr/products/132607394086/3-adet-makyaj-temizleme-havlusu?article_id=177427962778
3 Adet Mikrofiber Makyaj Temizleme Havlusu,"699,00 TL",https://www.tchibo.com.tr/products/106362368646/3-adet-mikrofiber-makyaj-temizleme-havlusu?article_id=137270071619
3 Adet Mikrofiber Makyaj Temizleme Havlusu,"699,00 TL",https://www.tchibo.com.tr/products/118240351852/3-adet-mikrofiber-makyaj-temizleme-havlusu?article_id=175530526691
Köpek Atma Oyuncağı ve Su Oyuncağı,"549,00 TL",https://www.tchibo.com.tr/products/133382459461/kopek-atma-oyuncagi-ve-su-oyuncagi?article_id=122255884072
Köpek Oyuncağı »Baston Şeker«,"449,00 TL",https://www.tchibo.com.tr/products/176797126174/kopek-oyuncagi-baston-seker?article_id=111490054472
Elma-Kabak Köpek Oyuncağı,"569,00 TL",https://www.tchibo.com.tr/products/176316619561/elma-kabak-kopek-oyuncagi?article_id=143217405851
Üniversal Temizleme Fırçası,"549,00 TL",https://www.tchibo.com.tr/products/148222859614/universal-temizleme-fircasi?article_id=119497109976
Köpek Frizbisi,"519,00 TL",https://www.tchibo.com.tr/products/143837029887/kopek-frizbisi?article_id=189771101612
Spor Frizbi,"399,00 TL",https://www.tchibo.com.tr/products/161190154178/spor-frizbi?article_id=100527893153
Süngerlik,"599,00 TL",https://www.tchibo.com.tr/products/112704871372/sungerlik?article_id=137429071004
Ütü Masası Kılıfı,"899,00 TL",https://www.tchibo.com.tr/products/167850241910/utu-masasi-kilifi?article_id=180847720508
2 Adet Çamaşır Filesi,"549,00 TL",https://www.tchibo.com.tr/products/176753538519/2-adet-camasir-filesi?article_id=186474927887
Mandal Torbası,"669,00 TL",https://www.tchibo.com.tr/products/139431311168/mandal-torbasi?article_id=153340011940
2 Adet Kumaş Tebeşir Kalemi,"399,00 TL",https://www.tchibo.com.tr/products/167957743307/2-adet-kumas-tebesir-kalemi?article_id=145920771495
Dikiş Makinesi Çantası,"3.499,00 TL",https://www.tchibo.com.tr/products/168963689026/dikis-makinesi-cantasi?article_id=150258246052
Mandal Torbası,"669,00 TL",https://www.tchibo.com.tr/products/174925600747/mandal-torbasi?article_id=125454768628
Elektrikli Temizlik Fırçası,"1.299,00 TL",https://www.tchibo.com.tr/products/114315139746/elektrikli-temizlik-fircasi?article_id=142451124062
2 Adet Kapaklı Düzenleme Sandığı,"799,00 TL",https://www.tchibo.com.tr/products/113205502301/2-adet-kapakli-duzenleme-sandigi?article_id=138882901099
2 Adet Çamaşır Filesi,"549,00 TL",https://www.tchibo.com.tr/products/180276690466/2-adet-camasir-filesi?article_id=135367537644
3 Adet Seyahat Düzenleme Çantası,"1.499,00 TL",https://www.tchibo.com.tr/products/136929074747/3-adet-seyahat-duzenleme-cantasi?article_id=159575764306
Küçük Takı Kutusu,"899,00 TL",https://www.tchibo.com.tr/products/188583485533/kucuk-taki-kutusu?article_id=184298953447
Takı Saklama Kutusu,"999,00 TL",https://www.tchibo.com.tr/products/181131547133/taki-saklama-kutusu?article_id=184745529244
Valiz Düzenleyici Çanta,"949,00 TL",https://www.tchibo.com.tr/products/128025778138/valiz-duzenleyici-canta?article_id=177629392385
2 Adet XL Çamaşır Filesi,"669,00 TL",https://www.tchibo.com.tr/products/189179987075/2-adet-xl-camasir-filesi?article_id=137243273437
"Tabak ""Stern""","899,00 TL",https://www.tchibo.com.tr/products/153554732760/tabak-stern?article_id=161590927273
2 Adet Ölçü Kabı,"699,00 TL",https://www.tchibo.com.tr/products/105853244185/2-adet-olcu-kabi?article_id=182692297087
Dekorlu Jumbo Kupa,"799,00 TL",https://www.tchibo.com.tr/products/135748139542/dekorlu-jumbo-kupa?article_id=175189353915
Dayanıklı Pişirme Matı,"749,00 TL",https://www.tchibo.com.tr/products/179143354358/dayanikli-pisirme-mati?article_id=178940825501
12 Adet LED'li Kürecik,"749,00 TL",https://www.tchibo.com.tr/products/171548383343/12-adet-ledli-kurecik?article_id=130249961346
2 Adet Saklama Sepeti,"599,00 TL",https://www.tchibo.com.tr/products/143569945906/2-adet-saklama-sepeti?article_id=184489112046
Katlı Sunum Standı,"1.199,00 TL",https://www.tchibo.com.tr/products/185963024674/katli-sunum-standi?article_id=121750614023
3 Adet Mutfak Bıçağı,"899,00 TL",https://www.tchibo.com.tr/products/175469348683/3-adet-mutfak-bicagi?article_id=156670653060
Ayaklı LED'li Büyüteç,"899,00 TL",https://www.tchibo.com.tr/products/125568474210/ayakli-ledli-buyutec?article_id=130407148643
2 Adet Vanilyalı Ay Kurabiye Pişirme Matı,"799,00 TL",https://www.tchibo.com.tr/products/177079617057/2-adet-vanilyali-ay-kurabiye-pisirme-mati?article_id=165810674950
Vazo Seti,"599,00 TL",https://www.tchibo.com.tr/products/118808470870/vazo-seti?article_id=182869793451
2 Adet Pasta Servis Tabağı,"1.199,00 TL",https://www.tchibo.com.tr/products/163229520397/2-adet-pasta-servis-tabagi?article_id=101655761651
4 Adet Kahvaltı Bıçağı,"799,00 TL",https://www.tchibo.com.tr/products/121834566235/4-adet-kahvalti-bicagi?article_id=141046213304
Taşınabilir Kahvaltı Kabı,"899,00 TL",https://www.tchibo.com.tr/products/108764017040/tasinabilir-kahvalti-kabi?article_id=133438942343
Döner Etajer,"1.499,00 TL",https://www.tchibo.com.tr/products/167432539525/doner-etajer?article_id=174705129789
Katlı Sunum Standı,"2.999,00 TL",https://www.tchibo.com.tr/products/149530512789/katli-sunum-standi?article_id=130302083998
4 Adet Kahvaltı Bıçağı,"799,00 TL",https://www.tchibo.com.tr/products/199765286913/4-adet-kahvalti-bicagi?article_id=145307970342
Altın Yaldızlı Jumbo Kupa,"1.049,00 TL",https://www.tchibo.com.tr/products/179147601124/altin-yaldizli-jumbo-kupa?article_id=103305081743
2 Adet Mutfak Bıçağı,"699,00 TL",https://www.tchibo.com.tr/products/182086319408/2-adet-mutfak-bicagi?article_id=174882205292
4 Adet Kahvaltı Bıçağı,"799,00 TL",https://www.tchibo.com.tr/products/118780760765/4-adet-kahvalti-bicagi?article_id=173913020184
"LED'li Sarkıt ""Sterne""","1.399,00 TL",https://www.tchibo.com.tr/products/107686336466/ledli-sarkit-sterne?article_id=156510262448
Bisküvi Damgası Seti,"599,00 TL",https://www.tchibo.com.tr/products/101725769583/biskuvi-damgasi-seti?article_id=144005575285
3'ü 1 Arada Üniversal Soyucu,"499,00 TL",https://www.tchibo.com.tr/products/123576471764/3u-1-arada-universal-soyucu?article_id=156732971488
"Outdoor LED'li Ağaç, büyük","10.999,00 TL",https://www.tchibo.com.tr/products/147772965034/outdoor-ledli-agac?article_id=147717586454
LED'li Dekoratif Yıldız,"1.599,00 TL",https://www.tchibo.com.tr/products/198783039857/ledli-dekoratif-yildiz?article_id=152758790862
Limon Kokulu Mum,"749,00 TL",https://www.tchibo.com.tr/products/196548559836/limon-kokulu-mum?article_id=158792692760
Üretim ve Yetiştirme İstasyonu,"999,00 TL",https://www.tchibo.com.tr/products/182829427912/uretim-ve-yetistirme-istasyonu?article_id=142888240939
Kumaş Örgülü Yemek Sandalyesi,"10.999,00 TL",https://www.tchibo.com.tr/products/110529621232/kumas-orgulu-yemek-sandalyesi?article_id=161544556880
"Led Yıldız, 3D, Outdoor, küçük","2.199,00 TL",https://www.tchibo.com.tr/products/169234112030/led-yildiz-3d-outdoor?article_id=128960228524
LED Çember,"3.799,00 TL",https://www.tchibo.com.tr/products/178137408639/led-cember?article_id=190859509693
2 Adet LED Ren Geyiği,"4.999,00 TL",https://www.tchibo.com.tr/products/148572401491/2-adet-led-ren-geyigi?article_id=175333878977
LED'li Işık Zinciri »Elmas«,"999,00 TL",https://www.tchibo.com.tr/products/127859046860/ledli-isik-zinciri-elmas?article_id=174192295393
LED Küreli Işık Zinciri,"999,00 TL",https://www.tchibo.com.tr/products/111070467240/led-kureli-isik-zinciri?article_id=195048098156
LED'li Gerçek Mum Balkabağı,"749,00 TL",https://www.tchibo.com.tr/products/193629730544/ledli-gercek-mum-balkabagi?article_id=109588257353
LED'li Dekoratif Figür »Yıldız«,"1.099,00 TL",https://www.tchibo.com.tr/products/104334162563/ledli-dekoratif-figur-yildiz?article_id=154634526655
"LED'li Dekoratif Yıldız, küçük","999,00 TL",https://www.tchibo.com.tr/products/176026072241/ledli-dekoratif-yildiz?article_id=123770874878
LED'li Noel Takvimi,"3.299,00 TL",https://www.tchibo.com.tr/products/105570753302/ledli-noel-takvimi?article_id=179019091964
LED'li Takvim »Santa«,"1.599,00 TL",https://www.tchibo.com.tr/products/142524222203/ledli-takvim-santa?article_id=125208756938
LED'li Dekoratif Bant,"599,00 TL",https://www.tchibo.com.tr/products/124717628985/ledli-dekoratif-bant?article_id=121457285352
10 Adet Uçan LED'li Mum,"1.699,00 TL",https://www.tchibo.com.tr/products/193466136518/ucan-ledli-mumlar?article_id=197072720043
LED Işık Perdesi,"1.199,00 TL",https://www.tchibo.com.tr/products/103726265561/led-isik-perdesi?article_id=151015572267
2 Adet LED'li Mum Çam Kozalağı,"999,00 TL",https://www.tchibo.com.tr/products/153694191028/2-adet-ledli-mum-cam-kozalagi?article_id=137233160146
2 Adet LED'li Gerçek Mum Çam Ağacı,"669,00 TL",https://www.tchibo.com.tr/products/150215299155/gercek-led-mum-cam-agaci?article_id=194908986977
LED Pencere Resimleri,"599,00 TL",https://www.tchibo.com.tr/products/190894182499/led-pencere-resimleri?article_id=160394251232
"4 Adet LED Gerçek Bal Mumu Tealight, Kırmızı","389,00 TL",https://www.tchibo.com.tr/products/154163974600/led-gercek-mum-tealight?article_id=179903100633
LED Yıldızlı Perde,"1.499,00 TL",https://www.tchibo.com.tr/products/166756919110/led-yildizli-perde?article_id=133152102787
"2 Adet LED'li Gerçek Mum Çam Ağacı, küçük","899,00 TL",https://www.tchibo.com.tr/products/107853504839/gercek-led-mum-cam-agaci?article_id=106451399008
Projektörlü LED'li Gerçek Mum,"1.199,00 TL",https://www.tchibo.com.tr/products/163555598935/projektorlu-ledli-gercek-mum?article_id=151644005460
"Camdan LED'li Döner Dekoratif Ağaç, küçük","1.399,00 TL",https://www.tchibo.com.tr/products/119941806978/camdan-ledli-doner-dekoratif-agac?article_id=183356566521
"LED'li Noel Elfi, büyük","999,00 TL",https://www.tchibo.com.tr/products/140062671509/ledli-noel-elfi?article_id=122747018174
"3 adet LED'li Dekoratif Yıldız, büyük","1.999,00 TL",https://www.tchibo.com.tr/products/151427518812/ledli-dekoratif-yildizlar?article_id=134587435903
"2 Adet LED Mumluk, Büyük","1.499,00 TL",https://www.tchibo.com.tr/products/108461637165/2-adet-led-mumluk?article_id=155434937463
LED Şişe Lambası »Candle«,"599,00 TL",https://www.tchibo.com.tr/products/197371459632/led-sise-lambasi-candle?article_id=157481259644
Led Mikro Işık Zinciri »Yıldızlar«,"749,00 TL",https://www.tchibo.com.tr/products/125390347472/led-mikro-isik-zinciri?article_id=171369390781
LED Mikro Işık Zinciri,"699,00 TL",https://www.tchibo.com.tr/products/108974773068/led-mikro-isik-zinciri?article_id=145326467321
"LED'li Işık Perdesi ""Yıldızlar""","1.299,00 TL",https://www.tchibo.com.tr/products/166522027324/ledli-isik-perdesi-yildizlar?article_id=153344793833
2 Adet LED'li Tavşan,"899,00 TL",https://www.tchibo.com.tr/products/165702701875/2-adet-ledli-tavsan?article_id=114202458175
Işık Demetli LED Yıldız,"3.699,00 TL",https://www.tchibo.com.tr/products/141581753131/isik-demetli-led-yildiz?article_id=155220529626
Çanlı Dekoratif Askı,"549,00 TL",https://www.tchibo.com.tr/products/198488918190/canli-dekoratif-aski?article_id=186522035136
"LED Çam Ağacı, küçük","799,00 TL",https://www.tchibo.com.tr/products/195430865954/led-cam-agaci?article_id=147131583483
"LED'li Işık Perdesi, Yıldızlar, kısa","1.599,00 TL",https://www.tchibo.com.tr/products/184328620542/led-isik-perdesi?article_id=164599208591
Mikro Işık Zincirli Gerçek Bal Mumu LED Mum,"1.299,00 TL",https://www.tchibo.com.tr/products/189879743248/mikro-isik-zincirli-gercek-bal-mumu-led-mum?article_id=150883055069
2 Adet Düzenleme Kutusu,"699,00 TL",https://www.tchibo.com.tr/products/115110329437/2-adet-duzenleme-kutusu?article_id=113938394145
Çanlı Dekoratif Askı,"549,00 TL",https://www.tchibo.com.tr/products/121914357527/canli-dekoratif-aski?article_id=132191955738
LED'li Dekoratif Figür »Yıldız«,"549,00 TL",https://www.tchibo.com.tr/products/122471081085/ledli-dekoratif-figur-yildiz?article_id=118724572582
Led Mikro Işık Zinciri »Damla«,"749,00 TL",https://www.tchibo.com.tr/products/125390347472/led-mikro-isik-zinciri?article_id=173245126574
"LED Işık Zinciri, yanardöner yıldızlar","999,00 TL",https://www.tchibo.com.tr/products/134396226293/led-isik-zinciri-yanardoner-yildizlar?article_id=165888941413
"Led Mikro Işık Zinciri, Çam Ağacı","549,00 TL",https://www.tchibo.com.tr/products/145112726191/led-mikro-isik-zinciri?article_id=100238188658
"Camdan LED'li Döner Dekoratif Ağaç, büyük","1.799,00 TL",https://www.tchibo.com.tr/products/119941806978/camdan-ledli-doner-dekoratif-agac?article_id=181480830728
"2 Adet LED Işıklı Nesne, Cam","1.499,00 TL",https://www.tchibo.com.tr/products/146651696805/2-adet-led-isikli-nesne-cam?article_id=110202870594
"LED Dekoratif Figür, Geyik","799,00 TL",https://www.tchibo.com.tr/products/104060165212/led-dekoratif-figur-geyik?article_id=182976249323
"LED Çam Ağacı, orta","999,00 TL",https://www.tchibo.com.tr/products/195430865954/led-cam-agaci?article_id=149007319276
"LED'li Işık Perdesi, uzun","1.399,00 TL",https://www.tchibo.com.tr/products/184328620542/led-isik-perdesi?article_id=166474944384
Mini Disko Topu,"699,00 TL",https://www.tchibo.com.tr/products/153093442720/mini-disko-topu?article_id=107649466276
LED Işıklı Dal,"819,00 TL",https://www.tchibo.com.tr/products/198680457645/led-isikli-dal?article_id=199761844874
LED'li Yıldız Işığı Projektörü,"999,00 TL",https://www.tchibo.com.tr/products/114474049911/ledli-yildiz-isigi-projektoru?article_id=128374225553
Makrame Duvar Kilimi,"419,00 TL",https://www.tchibo.com.tr/products/170543345367/makrame-duvar-kilimi?article_id=183103668633
LED'li Köy,"1.199,00 TL",https://www.tchibo.com.tr/products/128845103587/ledli-koy?article_id=102699927422
LED'li Gerçek Mum Tavşan,"899,00 TL",https://www.tchibo.com.tr/products/102143034873/ledli-gercek-mum-tavsan?article_id=121705401347
"2 Adet LED'li Dekoratif Yıldız, küçük","1.299,00 TL",https://www.tchibo.com.tr/products/151427518812/ledli-dekoratif-yildizlar?article_id=136463171696
Kadife Noel Çorabı,"699,00 TL",https://www.tchibo.com.tr/products/130678195868/kadife-noel-corabi?article_id=174747139150
3 Adet Uçan LED'li Mum,"699,00 TL",https://www.tchibo.com.tr/products/193466136518/ucan-ledli-mumlar?article_id=195196984250
30 Adet LED'li Yılbaşı Ağacı Mumu,"4.499,00 TL",https://www.tchibo.com.tr/products/195295654452/30-adet-ledli-yilbasi-agaci-mumu?article_id=100824191629
Çanlı Dekoratif Askı,"549,00 TL",https://www.tchibo.com.tr/products/113245952704/canli-dekoratif-aski?article_id=126842865851
Kumaş Örgülü ve Yuvarlak Sırtlıklı Yemek Sandalyesi,"9.999,00 TL",https://www.tchibo.com.tr/products/122145002547/kumas-orgulu-ve-yuvarlak-sirtlikli-yemek-sandalyesi?article_id=128576625526
Yetiştirme Seti »Microgreens«,"699,00 TL",https://www.tchibo.com.tr/products/191732724521/yetistirme-seti-microgreens?article_id=116041936866
"Güneş Enerjili Outdoor Lamba ""Ağaç""","7.999,00 TL",https://www.tchibo.com.tr/products/174482854861/gunes-enerjili-outdoor-lamba?article_id=185232302314
"Led Yıldız, 3D, Outdoor, büyük","3.299,00 TL",https://www.tchibo.com.tr/products/169234112030/led-yildiz-3d-outdoor?article_id=127084492731
"LED'li Dış Mekan Çam Ağacı, yakl. 75 cm","3.699,00 TL",https://www.tchibo.com.tr/products/129966371816/ledli-dis-mekan-cam-agaci-yakl-75-cm?article_id=143966114868
3'ü 1 arada LED yıldız,"3.299,00 TL",https://www.tchibo.com.tr/products/191168179850/3u-1-arada-led-yildiz?article_id=138338907489
Hindistan Cevizi Paspas,"599,00 TL",https://www.tchibo.com.tr/products/196456700665/hindistan-cevizi-paspas?article_id=144606789435
Kumaş Örgülü Yemek Sandalyesi,"11.999,00 TL",https://www.tchibo.com.tr/products/136007167086/kumas-orgulu-yemek-sandalyesi?article_id=165320277704
Tutkal Tabancası,"699,00 TL",https://www.tchibo.com.tr/products/102513138161/tutkal-tabancasi?article_id=149164506573
"LED Işıklı Girlant, dış mekan","1.699,00 TL",https://www.tchibo.com.tr/products/132678456522/led-isikli-girlant-dis-mekan?article_id=151469058040
"LED Yıldız, büyük","1.799,00 TL",https://www.tchibo.com.tr/products/131557188293/led-yildiz?article_id=103989660244
Taşınabilir Yoğurt Kabı,"899,00 TL",https://www.tchibo.com.tr/products/160251259453/tasinabilir-yogurt-kabi?article_id=189002925250
2 Adet Kurabiye Kutusu,"1.349,00 TL",https://www.tchibo.com.tr/products/145232295467/2-adet-kurabiye-kutusu?article_id=164218154537
Servis Kasesi,"599,00 TL",https://www.tchibo.com.tr/products/169655624086/servis-kasesi?article_id=168916374081
4 Adet Kahvaltı Bıçağı,"799,00 TL",https://www.tchibo.com.tr/products/157014408060/4-adet-kahvalti-bicagi?article_id=112359272823
Ayaklı Dar Raf,"5.999,00 TL",https://www.tchibo.com.tr/products/188579911186/ayakli-dar-raf?article_id=143510080151
Pişirme Yardımcıları Seti,"899,00 TL",https://www.tchibo.com.tr/products/146691474789/pisirme-yardimcilari-seti?article_id=127167774597
4 Adet Kahvaltı Servis Tahtası,"599,00 TL",https://www.tchibo.com.tr/products/190861990304/4-adet-kahvalti-servis-tahtasi?article_id=141556498756
Dijital Mutfak Tartısı,"899,00 TL",https://www.tchibo.com.tr/products/136281164437/dijital-mutfak-tartisi?article_id=131835571783
3 Adet Mutfak Bıçağı,"899,00 TL",https://www.tchibo.com.tr/products/142357053830/3-adet-mutfak-bicagi?article_id=130503829600
Askılık,"5.999,00 TL",https://www.tchibo.com.tr/products/126618444679/askilik?article_id=149960556349
Çiçek Desenli Latte Fincanı XL,"899,00 TL",https://www.tchibo.com.tr/products/167023095348/cicek-desenli-latte-fincani-xl?article_id=139066149722
Metal LED'li Dış Mekan Yıldızı,"2.699,00 TL",https://www.tchibo.com.tr/products/189354976561/metal-ledli-dis-mekan-yildizi?article_id=132125697139
Bahçe Eldiveni,"819,00 TL",https://www.tchibo.com.tr/products/117067237760/bahce-eldiveni?article_id=187956947391
"2 Adet LED Bahçe Lambası, küçük","1.299,00 TL",https://www.tchibo.com.tr/products/103256481989/2-adet-led-bahce-lambasi?article_id=113954342180
LED'li Çam Girlant,"4.199,00 TL",https://www.tchibo.com.tr/products/138869668425/ledli-cam-girlant?article_id=142090379075
"Led Siluet ""Stern""","1.799,00 TL",https://www.tchibo.com.tr/products/122653891684/led-siluet-stern?article_id=102113924451
"Yıldızlı ve Renk Değiştiren LED'li Güneş Enerjili Küre Lamba, küçük","3.299,00 TL",https://www.tchibo.com.tr/products/156676261643/yildizli-ve-renk-degistiren-ledli-gunes-enerjili-kure-lamba?article_id=158972001212
"LED Yıldız, küçük","1.299,00 TL",https://www.tchibo.com.tr/products/131557188293/led-yildiz?article_id=105865396037
LED Kapı Süsü,"2.299,00 TL",https://www.tchibo.com.tr/products/131044052390/led-kapi-susu?article_id=164013205620
LED'li Çam Girlant,"1.799,00 TL",https://www.tchibo.com.tr/products/121063075207/ledli-cam-girlant?article_id=140214643282
Bahçe Eldiveni,"699,00 TL",https://www.tchibo.com.tr/products/194392963364/bahce-eldiveni?article_id=133352374677
Banyo Düzenleme Kabı,"499,00 TL",https://www.tchibo.com.tr/products/132507713802/banyo-duzenleme-kabi?article_id=144202959855
8 Adet Kaydırmaz Ped,"499,00 TL",https://www.tchibo.com.tr/products/193037475768/8-adet-kaydirmaz-ped?article_id=199169352788
4 Kokulu Yılbaşı Süsü,"699,00 TL",https://www.tchibo.com.tr/products/148946079126/4-kokulu-yilbasi-susu?article_id=149679889913
5'i 1 Arada Manikür-Pedikür Seti,"1.599,00 TL",https://www.tchibo.com.tr/products/188706629156/5i-1-arada-manikur-pedikur-seti?article_id=195665260341
4 Adet Amerikan Servisi,"749,00 TL",https://www.tchibo.com.tr/products/147797100792/4-adet-amerikan-servisi?article_id=169141632065
"4 Adet Yuvarlak Amerikan Servisi, Yeşil","749,00 TL",https://www.tchibo.com.tr/products/136165841927/4-adet-yuvarlak-amerikan-servisi?article_id=170598011104
"Matara, Pembe","799,00 TL",https://www.tchibo.com.tr/products/175572603314/matara?article_id=113939131001
"Beslenme Kutusu Seti, Mavi","819,00 TL",https://www.tchibo.com.tr/products/184475899923/3-adet-beslenme-kutusu?article_id=192115534357
"Beslenme Kutusu Seti, Pembe","819,00 TL",https://www.tchibo.com.tr/products/184475899923/3-adet-beslenme-kutusu?article_id=117690602587
"Matara, Timsah Baskılı Bej","799,00 TL",https://www.tchibo.com.tr/products/110891903407/matara?article_id=126181145361
"Matara, Mavi","799,00 TL",https://www.tchibo.com.tr/products/175572603314/matara?article_id=190239798564
3 Adet Kurulama Bezi,"599,00 TL",https://www.tchibo.com.tr/products/159511489972/3-adet-kurulama-bezi?article_id=154176363855
4 Adet Amerikan Servis,"749,00 TL",https://www.tchibo.com.tr/products/164207756011/4-adet-amerikan-servis?article_id=135139730716
"4 Adet Amerikan Servisi, Kırmızı","749,00 TL",https://www.tchibo.com.tr/products/165126761744/4-adet-amerikan-servisi?article_id=103162030393
"4 Adet Amerikan Servis, yuvarlak, yeşil","749,00 TL",https://www.tchibo.com.tr/products/123298227647/4-adet-amerikan-servis-yuvarlak?article_id=169120668627
"4 Adet Amerikan Servis, yuvarlak, altın rengi","749,00 TL",https://www.tchibo.com.tr/products/123298227647/4-adet-amerikan-servis-yuvarlak?article_id=174747876006
Katlanabilen Mini Koruyucu Kapak,"819,00 TL",https://www.tchibo.com.tr/products/100492988515/katlanabilir-koruyucu-kapak?article_id=149573013180
"4 Adet Amerikan Servisi, Mavi-Lila","749,00 TL",https://www.tchibo.com.tr/products/100843875230/4-adet-amerikan-servisi?article_id=110784091672
2 Adet Gofre Pike Mutfak Bezi,"649,00 TL",https://www.tchibo.com.tr/products/144377203476/2-adet-gofre-pike-mutfak-bezi?article_id=125935999171
4 Adet Yuvarlak Amerikan Servisi,"549,00 TL",https://www.tchibo.com.tr/products/174983922885/4-adet-yuvarlak-amerikan-servisi?article_id=176580865582
3 Adet Kurulama Bezi,"599,00 TL",https://www.tchibo.com.tr/products/187028637369/3-adet-kurulama-bezi?article_id=197875679795
"4 Adet Yuvarlak Amerikan Servisi, Kırmızı","749,00 TL",https://www.tchibo.com.tr/products/136165841927/4-adet-yuvarlak-amerikan-servisi?article_id=172473746897
2 ADET KURULAMA BEZİ,"549,00 TL",https://www.tchibo.com.tr/products/157209286538/2-adet-kurulama-bezi?article_id=121614472649
Şarjlı LED Masa Lambası,"1.499,00 TL",https://www.tchibo.com.tr/products/136845709108/sarjli-led-masa-lambasi?article_id=146016798081
Vidalı Güneş Şemsiyesi Tutacağı,"519,00 TL",https://www.tchibo.com.tr/products/108251553556/vidali-gunes-semsiyesi-tutacagi?article_id=130379929600
Yetiştiriciler İçin Sulama Kabı,"749,00 TL",https://www.tchibo.com.tr/products/152680424196/yetistiriciler-icin-sulama-kabi?article_id=195459890563
Bahçe Makası Seti,"999,00 TL",https://www.tchibo.com.tr/products/110828426760/bahce-makasi-seti?article_id=195881796261
Bahçe Derz Temizleme Fırçası,"649,00 TL",https://www.tchibo.com.tr/products/163213878171/bahce-derz-temizleme-fircasi?article_id=195995582970
Yetiştiriciler İçin Sulama Kabı,"749,00 TL",https://www.tchibo.com.tr/products/131549367180/yetistiriciler-icin-sulama-kabi?article_id=153955046042
"3 Adet Tekrar Kullanılabilen XL Makyaj Temizleme Pedi, Mavi, Sarı ve Kahvere...","599,00 TL",https://www.tchibo.com.tr/products/122690330645/3-adet-tekrar-kullanilabilen-xl-makyaj-temizleme-pedi?article_id=162362306950
Mikrofiber Makyaj Havlusu,"699,00 TL",https://www.tchibo.com.tr/products/106224255216/mikrofiber-makyaj-havlusu?article_id=123393235268
Soğutucu Sepet,"1.899,00 TL",https://www.tchibo.com.tr/products/104509387373/sogutucu-sepet?article_id=156846337336
Arka Koltuk Düzenleyici,"899,00 TL",https://www.tchibo.com.tr/products/121786967138/arka-koltuk-duzenleyici?article_id=193044522192
Katlanabilir Çöp Kovası,"449,00 TL",https://www.tchibo.com.tr/products/139593560356/katlanabilir-cop-kovasi?article_id=196795993778
LED Gece Lambası,"1.099,00 TL",https://www.tchibo.com.tr/products/153348223498/led-gece-lambasi?article_id=100631484086
2 Adet Çok Fonksiyonlu LED Lamba,"999,00 TL",https://www.tchibo.com.tr/products/168740865119/2-adet-cok-fonksiyonlu-led-lamba?article_id=134385690301
3 Adet Dolgulu Kurabiye Kalıbı,"549,00 TL",https://www.tchibo.com.tr/products/109619109031/3-adet-dolgulu-kurabiye-kalibi?article_id=102904876339
"Organik Pamuklu Şerit Örtü, Tamamı Baskılı","749,00 TL",https://www.tchibo.com.tr/products/192588488931/organik-pamuklu-serit-ortu?article_id=104787838103
Arkadan Aydınlatmalı Çalar Saat,"799,00 TL",https://www.tchibo.com.tr/products/149467036142/arkadan-aydinlatmali-calar-saat?article_id=128549172973
Bisiklet İçin Akıllı Telefon Tutucu,"899,00 TL",https://www.tchibo.com.tr/products/138329259512/bisiklet-icin-akilli-telefon-tutucu?article_id=121633623999
Şarkı Söyleyen Noel Küresi,"699,00 TL",https://www.tchibo.com.tr/products/185704669549/sarki-soyleyen-noel-kuresi?article_id=125670123053
Esnek Kancalı ve Tabanlı Duvar Rafı,"4.999,00 TL",https://www.tchibo.com.tr/products/124689918880/esnek-kancali-ve-tabanli-duvar-rafi?article_id=165110230899
Yıldız Kurabiye Kalıbı,"799,00 TL",https://www.tchibo.com.tr/products/163038888685/yildiz-kurabiye-kalibi?article_id=133502651998
Kazıma Aleti,"669,00 TL",https://www.tchibo.com.tr/products/132002836107/kazima-aleti?article_id=190939167383
3'ü 1 Arada Kurabiye Aparatı,"749,00 TL",https://www.tchibo.com.tr/products/103809631200/3u-1-arada-kurabiye-aparati?article_id=147732376772
Batik Şeritli Runner,"749,00 TL",https://www.tchibo.com.tr/products/134814836421/batik-seritli-runner?article_id=171032895032
Çocuk,"519,00 TL",https://www.tchibo.com.tr/products/140063343928/mutfak-onlugu?article_id=110042713492
3 Adet Noel Motifli Kurabiye Kutusu,"1.199,00 TL",https://www.tchibo.com.tr/products/196588337820/3-adet-noel-motifli-kurabiye-kutusu?article_id=169845361916
Pasta Spatulası,"899,00 TL",https://www.tchibo.com.tr/products/160736685251/pasta-spatulasi?article_id=129809137808
Runner Masa Örtüsü,"699,00 TL",https://www.tchibo.com.tr/products/100552655491/runner-masa-ortusu?article_id=168722275311
Kase,"699,00 TL",https://www.tchibo.com.tr/products/107921228252/kase?article_id=182250819178
"Masa Örtüsü, 145 x 255 cm","1.599,00 TL",https://www.tchibo.com.tr/products/173842765664/masa-ortusu?article_id=164853076845
"Mini Ampullü LED Işık Zinciri, Renkli","899,00 TL",https://www.tchibo.com.tr/products/176802045359/mini-ampullu-led-isik-zinciri-renkli?article_id=199702075390
LED Işık Zinciri,"1.049,00 TL",https://www.tchibo.com.tr/products/107169626216/led-isik-zinciri?article_id=149037320773
LED Işık Zinciri,"799,00 TL",https://www.tchibo.com.tr/products/186857894649/led-isik-zinciri?article_id=113097365203
LED Işık Zinciri »Kağıt Yıldızlar«,"699,00 TL",https://www.tchibo.com.tr/products/115429259281/led-isik-zinciri-kagit-yildizlar?article_id=190524405171
Çok Fonksiyonlu LED Lamba,"1.349,00 TL",https://www.tchibo.com.tr/products/125262957083/cok-fonksiyonlu-led-lamba?article_id=137691977317
LED Cam Küre,"1.299,00 TL",https://www.tchibo.com.tr/products/100071476459/led-cam-kure?article_id=145841850661
LED Küreli Işık Zinciri,"1.199,00 TL",https://www.tchibo.com.tr/products/117878069677/led-kureli-isik-zinciri?article_id=180308824786
"Güneş Enerjili Outdoor Lamba ""Yıldız"", S","5.499,00 TL",https://www.tchibo.com.tr/products/165579558252/gunes-enerjili-outdoor-lamba-yildiz?article_id=177729359142
LED'li Metal Ağaç,"2.999,00 TL",https://www.tchibo.com.tr/products/197380625583/ledli-metal-agac?article_id=155542258835
LED Ampul Işık Zinciri,"699,00 TL",https://www.tchibo.com.tr/products/157511901737/led-ampul-isik-zinciri?article_id=162269987025
2 Adet LED Küre Lamba,"1.999,00 TL",https://www.tchibo.com.tr/products/152600868228/2-adet-led-kure-lamba?article_id=152629792974
Çam Ağacı Şeklinde Tabak,"899,00 TL",https://www.tchibo.com.tr/products/177513196992/cam-agaci-seklinde-tabak?article_id=116435232294
4 Adet Plastik Bardak,"599,00 TL",https://www.tchibo.com.tr/products/198087530450/4-adet-plastik-bardak?article_id=130070652894
2 Adet Kese,"599,00 TL",https://www.tchibo.com.tr/products/108652941296/2-adet-kese?article_id=177709050075
LED Kayan Yıldız,"1.889,00 TL",https://www.tchibo.com.tr/products/110565824869/led-kayan-yildiz?article_id=133312493399
LED Cam Küre,"819,00 TL",https://www.tchibo.com.tr/products/172876833253/led-cam-kure?article_id=179203731814
Yılbaşı Çorabı,"219,00 TL",https://www.tchibo.com.tr/products/156390868832/yilbasi-corabi?article_id=133709074627
LED Işık Zinciri,"1.349,00 TL",https://www.tchibo.com.tr/products/114442765459/led-isik-zinciri?article_id=180810388174
LED'li Anahtarlık Ucu »Astronot«,"499,00 TL",https://www.tchibo.com.tr/products/109404106237/ledli-anahtarlik-ucu-astronot?article_id=184646299343
Pelüş Lastik Top »Kuzu«,"599,00 TL",https://www.tchibo.com.tr/products/160036256659/pelus-lastik-top-kuzu?article_id=191733089076
LED'li Örgü Bere,"749,00 TL",https://www.tchibo.com.tr/products/135286849502/ledli-orgu-bere?article_id=103871933364
4 Adet Piknik Tabağı,"799,00 TL",https://www.tchibo.com.tr/products/181406452227/4-adet-piknik-tabagi?article_id=141299660697
3 Adet Mikrofiber Makyaj Temizleme Havlusu,"699,00 TL",https://www.tchibo.com.tr/products/131708277345/3-adet-mikrofiber-makyaj-temizleme-havlusu?article_id=120850973314
Kadın Bornoz,"1.499,00 TL",https://www.tchibo.com.tr/products/181943051469/kadin-bornoz?article_id=138318598422
2 Adet Espresso Fincanı,"899,00 TL",https://www.tchibo.com.tr/products/176141394751/2-adet-espresso-fincani?article_id=125813911259
Deniz Simidi »Kaplumbağa«,"799,00 TL",https://www.tchibo.com.tr/products/132094022859/deniz-simidi-kaplumbaga?article_id=154214012184
Frizbi,"499,00 TL",https://www.tchibo.com.tr/products/140997319468/frizbi?article_id=161716955356
Lounge Sandalyesi,"4.999,00 TL",https://www.tchibo.com.tr/products/179259349287/lounge-sandalyesi?article_id=183238418780
Kutu Saksı,"2.999,00 TL",https://www.tchibo.com.tr/products/118085251358/kutu-saksi?article_id=170126028352
3'ü 1 Arada Kavanoz ve Şişe Fırçası,"669,00 TL",https://www.tchibo.com.tr/products/111114054895/3u-1-arada-kavanoz-ve-sise-fircasi?article_id=154310693141
2 Adet Silikon Gider Süzgeci,"449,00 TL",https://www.tchibo.com.tr/products/193955809082/2-adet-silikon-gider-suzgeci?article_id=176050271063
Yıkanabilir Tiftik Rulosu,"599,00 TL",https://www.tchibo.com.tr/products/126980054435/yikanabilir-tiftik-rulosu?article_id=137705797269
Çok Fonksiyonlu Kaşık,"699,00 TL",https://www.tchibo.com.tr/products/143446802283/cok-fonksiyonlu-kasik?article_id=167519110155
Gider Süzgeci ve Tıpası,"519,00 TL",https://www.tchibo.com.tr/products/191366867999/gider-suzgeci-ve-tipasi?article_id=142629274797
2 Adet Kireç Silgisi,"549,00 TL",https://www.tchibo.com.tr/products/137485798305/2-adet-kirec-silgisi?article_id=182723456301
2'si 1 Arada Ayna Sileceği,"549,00 TL",https://www.tchibo.com.tr/products/162131950831/2si-1-arada-ayna-silecegi?article_id=158668476765
2 Adet Cam ve Ayna Temizlik Bezi,"599,00 TL",https://www.tchibo.com.tr/products/144595780617/2-adet-cam-ve-ayna-temizlik-bezi?article_id=178843407688
Temizlik Bezi Seti,"449,00 TL",https://www.tchibo.com.tr/products/158199590031/temizlik-bezi-seti?article_id=128037729804
2 Adet Pop-Up Sünger,"519,00 TL",https://www.tchibo.com.tr/products/173334548946/2-adet-pop-up-sunger?article_id=163947917387
Gider Süzgeci/Tıpa,"519,00 TL",https://www.tchibo.com.tr/products/179895191718/gider-suzgeci-tipa?article_id=162256587934
2'si 1 Arada Gider Fırçası,"499,00 TL",https://www.tchibo.com.tr/products/146389094914/2si-1-arada-gider-fircasi?article_id=188350663680
3 Adet Kurulama Bezi,"599,00 TL",https://www.tchibo.com.tr/products/153228654222/3-adet-kurulama-bezi?article_id=162090362578
"Büyük Kurulama Bezi, Ekstra Emici","449,00 TL",https://www.tchibo.com.tr/products/100270164608/buyuk-kurulama-bezi-ekstra-emici?article_id=144505010590
3 Üniversal Temizlik Bezi,"599,00 TL",https://www.tchibo.com.tr/products/182463571390/3-universal-temizlik-bezi?article_id=140753539004
6 Adet Silikon Şerit,"449,00 TL",https://www.tchibo.com.tr/products/133116283223/6-adet-silikon-serit?article_id=123818636498
Çok Amaçlı Çevirici,"599,00 TL",https://www.tchibo.com.tr/products/140293316529/cok-amacli-cevirici?article_id=193810570471
2 Adet Elbise Kılıfı,"699,00 TL",https://www.tchibo.com.tr/products/105865312064/2-adet-elbise-kilifi?article_id=109209015387
Oturma Minderi,"2.599,00 TL",https://www.tchibo.com.tr/products/188309252858/oturma-minderi?article_id=112392980981
3 Basamaklı Yüksek Saksı »Tinus«,"8.999,00 TL",https://www.tchibo.com.tr/products/174013743708/3-basamakli-yuksek-saksi-tinus?article_id=184084545610
2 Adet Büyük Kil Sulama Yardımcısı,"1.399,00 TL",https://www.tchibo.com.tr/products/151940217620/2-adet-buyuk-kil-sulama-yardimcisi?article_id=191500184260
Plastik Süzgeç »Çilek«,"699,00 TL",https://www.tchibo.com.tr/products/119655506424/plastik-suzgec-cilek?article_id=196028554272
Dayanıklı Pişirme Matı,"749,00 TL",https://www.tchibo.com.tr/products/110219184920/dayanikli-pisirme-mati?article_id=129791798546
Mutfak Bıçağı,"499,00 TL",https://www.tchibo.com.tr/products/167356994999/mutfak-bicagi?article_id=124164591167
Baharat Saklama Kutusu,"749,00 TL",https://www.tchibo.com.tr/products/124761216640/baharat-saklama-kutusu?article_id=167987386246
