City,District,Rooms,Price
Van,İpekyolu / Merkez,1+1,11.000 TL
Van,İpekyolu / Merkez,1+1,8.000 TL
Van,Edremit,3+1,10.000 TL
Van,Erciş,2+1,7.500 TL
Van,Tuşba / Merkez,1+1,10.500 TL
Van,Tuşba / Merkez,2+1,5.000 TL
Van,İpekyolu / Merkez,1+1,10.500 TL
Van,Erciş,1+1,9.000 TL
Van,İpekyolu / Merkez,1+1,11.500 TL
Van,İpekyolu / Merkez,1+1,10.000 TL
Van,İpekyolu / Merkez,1+1,11.000 TL
Van,Edremit,3+1,12.000 TL
Van,Tuşba / Merkez,3+1,7.000 TL
Van,İpekyolu / Merkez,1+1,10.000 TL
Van,Edremit,3+1,11.500 TL
Van,İpekyolu / Merkez,1+1,12.000 TL
Van,İpekyolu / Merkez,1+1,11.500 TL
Van,Erciş,2+0,12.000 TL
Van,Erciş,1+1,12.000 TL
Van,İpekyolu / Merkez,1+1,12.000 TL
Van,İpekyolu / Merkez,1+1,11.000 TL
Van,İpekyolu / Merkez,1+1,11.000 TL
Van,İpekyolu / Merkez,1+1,12.000 TL
Van,Edremit,3+1,10.500 TL
Van,İpekyolu / Merkez,1+1,12.000 TL
Van,Erciş,3+1,9.500 TL
Van,Erciş,1+1,10.500 TL
Van,İpekyolu / Merkez,1+1,11.000 TL
Van,İpekyolu / Merkez,1+1,11.000 TL
Van,İpekyolu / Merkez,1+1,12.000 TL
Van,İpekyolu / Merkez,1+1,12.000 TL
Van,Erciş,3+1,10.000 TL
Van,İpekyolu / Merkez,1+1,10.000 TL
Van,İpekyolu / Merkez,1+1,12.000 TL
Van,Tuşba / Merkez,1+1,12.000 TL
Van,Erciş,1+1,12.000 TL
Van,Erciş,2+1,11.500 TL
Van,Tuşba / Merkez,3+1,12.000 TL
Van,İpekyolu / Merkez,1+1,11.500 TL
Van,İpekyolu / Merkez,1+1,10.500 TL
Van,İpekyolu / Merkez,Stüdyo (1+0),10.000 TL
Van,İpekyolu / Merkez,1+1,8.500 TL
Van,İpekyolu / Merkez,1+1,12.000 TL
Van,İpekyolu / Merkez,2+1,12.000 TL
Van,Tuşba / Merkez,1+1,12.000 TL
Van,Erciş,1+1,10.500 TL
Van,İpekyolu / Merkez,1+1,11.000 TL
Van,İpekyolu / Merkez,1+1,12.000 TL
Van,İpekyolu / Merkez,2+1,7.999 TL
Van,Tuşba / Merkez,1+1,12.000 TL
Van,Erciş,3+1,9.500 TL
Van,Erciş,3+1,12.000 TL
Van,Erciş,1+1,10.500 TL
Van,İpekyolu / Merkez,1+1,10.000 TL
Van,İpekyolu / Merkez,1+1,10.000 TL
Van,İpekyolu / Merkez,1+1,10.500 TL
Van,İpekyolu / Merkez,1+1,12.000 TL
Van,Erciş,3+1,10.000 TL
Van,İpekyolu / Merkez,1+1,10.500 TL
Van,Edremit,3+1,11.000 TL
Van,Tuşba / Merkez,2+1,5.000 TL
Van,İpekyolu / Merkez,1+1,12.000 TL
Van,Erciş,2+1,10.000 TL
Van,Erciş,3+1,12.000 TL
Van,Erciş,3+1,9.000 TL
Van,Erciş,2+1,12.000 TL
Van,Tuşba / Merkez,3+1,12.000 TL
Van,İpekyolu / Merkez,1+1,9.999 TL
Van,İpekyolu / Merkez,1+1,12.000 TL
Van,Erciş,1+1,12.000 TL
Van,İpekyolu / Merkez,1+1,11.000 TL
Van,Edremit,3+1,11.000 TL
Van,İpekyolu / Merkez,1+1,12.000 TL
Van,Edremit,2+1,10.000 TL
Van,Tuşba / Merkez,1+1,11.000 TL
Van,Edremit,3+1,12.000 TL
Van,Tuşba / Merkez,3+1,10.000 TL
Van,Edremit,3+1,12.000 TL
Van,Edremit,3+1,11.500 TL
Van,İpekyolu / Merkez,1+1,1.200 TL
Van,Edremit,3+1,10.000 TL
Van,Edremit,3+1,11.000 TL
Van,İpekyolu / Merkez,1+1,11.500 TL
Van,İpekyolu / Merkez,1+1,10.999 TL
Van,Erciş,2+0,11.000 TL
Van,Erciş,2+1,10.000 TL
Van,Erciş,3+1,9.000 TL
Van,İpekyolu / Merkez,1+1,10.000 TL
Van,İpekyolu / Merkez,3+1,12.000 TL
Van,Erciş,3+1,10.500 TL
Van,Edremit,3+1,11.000 TL
Van,Erciş,2+1,11.000 TL
Van,Edremit,2+1,10.500 TL
Van,Edremit,3+1,12.000 TL
Van,İpekyolu / Merkez,2+1,12.000 TL
Van,Erciş,2+1,10.500 TL
Van,Tuşba / Merkez,3+1,11.000 TL
Van,Erciş,3+1,10.000 TL
Van,Muradiye,1+1,11.500 TL
Van,Erciş,3+1,10.000 TL
Van,Erciş,1+1,10.000 TL
Van,İpekyolu / Merkez,1+1,11.500 TL
Van,İpekyolu / Merkez,1+1,7.500 TL
Van,Edremit,3+1,11.000 TL
Van,İpekyolu / Merkez,1+1,10.000 TL
Van,İpekyolu / Merkez,1+1,11.250 TL
Van,İpekyolu / Merkez,1+1,11.000 TL
Van,Edremit,3+1,10.000 TL
Van,İpekyolu / Merkez,1+1,12.000 TL
Van,İpekyolu / Merkez,1+1,12.000 TL
Van,Tuşba / Merkez,3+1,12.000 TL
Van,Tuşba / Merkez,1+1,11.500 TL
Van,İpekyolu / Merkez,1+1,11.000 TL
Van,Tuşba / Merkez,3+1,12.000 TL
Van,İpekyolu / Merkez,1+1,11.000 TL
Van,Erciş,2+1,10.500 TL
Van,İpekyolu / Merkez,1+1,11.500 TL
Van,İpekyolu / Merkez,1+1,10.000 TL
Van,İpekyolu / Merkez,2+1,11.000 TL
Van,Tuşba / Merkez,3+1,10.000 TL
Van,Tuşba / Merkez,2+1,10.000 TL
Van,İpekyolu / Merkez,2+1,7.500 TL
Van,İpekyolu / Merkez,1+1,11.000 TL
Van,Tuşba / Merkez,3+1,11.500 TL
Van,Edremit,3+1,10.500 TL
Van,İpekyolu / Merkez,1+1,9.000 TL
Van,Tuşba / Merkez,3+1,12.000 TL
Van,Erciş,3+1,9.500 TL
Van,Erciş,3+1,10.000 TL
Van,Erciş,3+1,11.000 TL
Van,İpekyolu / Merkez,2+1,10.000 TL
Van,Çaldıran,1+1,9.000 TL
Van,Erciş,1+1,12.000 TL
Van,Edremit,3+1,9.500 TL
Van,İpekyolu / Merkez,3+1,11.000 TL
Van,İpekyolu / Merkez,1+1,10.000 TL
Van,İpekyolu / Merkez,1+1,12.000 TL
Van,Edremit,3+1,12.000 TL
Van,Erciş / Köyler,1+1,12.000 TL
Van,İpekyolu / Merkez,1+1,8.000 TL
Van,Erciş,3+1,9.000 TL
Van,İpekyolu / Merkez,1+1,12.000 TL
Van,İpekyolu / Merkez,1+1,10.000 TL
Van,Erciş,3+1,8.500 TL
Van,Edremit,2+1,11.000 TL
Van,İpekyolu / Merkez,1+1,10.000 TL
Van,İpekyolu / Merkez,1+1,10.500 TL
Van,İpekyolu / Merkez,1+1,10.000 TL
Van,İpekyolu / Merkez,1+1,11.000 TL
Van,Çaldıran,1+1,11.000 TL
Van,İpekyolu / Merkez,1+1,9.500 TL
Van,Edremit,3+1,10.000 TL
Van,İpekyolu / Merkez,1+1,12.000 TL
Van,İpekyolu / Merkez,1+1,10.000 TL
Van,Edremit,3+1,11.000 TL
Van,İpekyolu / Merkez,1+1,10.000 TL
Van,İpekyolu / Merkez,1+1,10.000 TL
Van,İpekyolu / Merkez,1+1,10.000 TL
Van,İpekyolu / Merkez,3+1,10.000 TL
Van,İpekyolu / Merkez,3+1,9.500 TL
Van,İpekyolu / Merkez,1+1,12.000 TL
Van,İpekyolu / Merkez,2+1,12.500 TL
Van,İpekyolu / Merkez,3+1,15.000 TL
Van,İpekyolu / Merkez,1+1,14.500 TL
Van,İpekyolu / Merkez,1+1,13.500 TL
Van,İpekyolu / Merkez,1+1,15.000 TL
Van,İpekyolu / Merkez,1+1,14.000 TL
Van,İpekyolu / Merkez,1+1,14.000 TL
Van,İpekyolu / Merkez,1+1,15.000 TL
Van,İpekyolu / Merkez,1+1,12.500 TL
Van,İpekyolu / Merkez,2+1,15.000 TL
Van,Erciş,2+1,14.000 TL
Van,Tuşba / Merkez,2+1,12.500 TL
Van,İpekyolu / Merkez,1+1,12.500 TL
Van,İpekyolu / Merkez,1+1,14.000 TL
Van,Edremit / Merkez,3+1,15.000 TL
Van,İpekyolu / Merkez,2+1,15.000 TL
Van,İpekyolu / Merkez,2+1,13.000 TL
Van,İpekyolu / Merkez,1+1,13.500 TL
Van,İpekyolu / Merkez,1+1,13.000 TL
Van,İpekyolu / Merkez,1+1,14.500 TL
Van,İpekyolu / Merkez,1+1,15.000 TL
Van,Muradiye,2+1,13.000 TL
Van,İpekyolu / Merkez,1+1,14.000 TL
Van,Tuşba / Merkez,3+1,15.000 TL
Van,İpekyolu / Merkez,1+1,15.000 TL
Van,İpekyolu / Merkez,1+1,15.000 TL
Van,Erciş,3+1,13.000 TL
Van,Edremit,3+1,14.000 TL
Van,İpekyolu / Merkez,3+1,14.000 TL
Van,Erciş,2+1,13.000 TL
Van,İpekyolu / Merkez,1+1,13.500 TL
Van,Edremit / Merkez,2+1,14.750 TL
Van,Tuşba / Merkez,3+1,15.000 TL
Van,İpekyolu / Merkez,1+1,13.000 TL
Van,İpekyolu / Merkez,3+1,13.000 TL
Van,İpekyolu / Merkez,1+1,14.000 TL
Van,İpekyolu / Merkez,2+1,12.500 TL
Van,İpekyolu / Merkez,3+1,13.000 TL
Van,İpekyolu / Merkez,1+1,13.000 TL
Van,İpekyolu / Merkez,1+1,14.000 TL
Van,İpekyolu / Merkez,1+1,13.000 TL
Van,İpekyolu / Merkez,2+1,15.000 TL
Van,Edremit,2+1,14.000 TL
Van,İpekyolu / Merkez,1+1,13.000 TL
Van,İpekyolu / Merkez,2+1,14.000 TL
Van,İpekyolu / Merkez,2+1,14.500 TL
Van,İpekyolu / Merkez,1+1,15.000 TL
Van,İpekyolu / Merkez,2+1,14.000 TL
Van,İpekyolu / Merkez,2+1,13.000 TL
Van,Edremit,3+1,15.000 TL
Van,İpekyolu / Merkez,3+1,13.000 TL
Van,İpekyolu / Merkez,1+1,15.000 TL
Van,İpekyolu / Merkez,1+1,13.000 TL
Van,İpekyolu / Merkez,1+1,14.000 TL
Van,İpekyolu / Merkez,1+1,14.000 TL
Van,Tuşba / Merkez,1+1,15.000 TL
Van,Erciş,1+1,13.500 TL
Van,İpekyolu / Merkez,1+1,14.000 TL
Van,İpekyolu / Merkez,1+1,13.100 TL
Van,İpekyolu / Merkez,1+1,14.000 TL
Van,Erciş,3+1,14.000 TL
Van,İpekyolu / Merkez,1+1,15.000 TL
Van,İpekyolu / Merkez,1+1,14.000 TL
Van,Erciş,1+1,14.000 TL
Van,Tuşba / Merkez,1+1,14.250 TL
Van,İpekyolu / Merkez,3+1,15.000 TL
Van,İpekyolu / Merkez,1+1,14.000 TL
Van,İpekyolu / Merkez,1+1,15.000 TL
Van,İpekyolu / Merkez,1+1,13.500 TL
Van,İpekyolu / Merkez,2+1,15.000 TL
Van,İpekyolu / Merkez,1+1,12.500 TL
Van,İpekyolu / Merkez,2+1,12.500 TL
Van,İpekyolu / Merkez,1+1,15.000 TL
Van,Edremit / Merkez,3+1,15.000 TL
Van,Muradiye,2+1,14.500 TL
Van,İpekyolu / Merkez,1+1,14.000 TL
Van,İpekyolu / Merkez,1+1,13.500 TL
Van,İpekyolu / Merkez,1+1,13.500 TL
Van,İpekyolu / Merkez,1+1,15.000 TL
Van,İpekyolu / Merkez,1+1,12.500 TL
Van,Erciş,2+1,15.000 TL
Van,İpekyolu / Merkez,1+1,13.000 TL
Van,İpekyolu / Merkez,1+1,13.000 TL
Van,İpekyolu / Merkez,Stüdyo (1+0),12.500 TL
Van,Erciş,2+1,15.000 TL
Van,Erciş,2+1,14.000 TL
Van,İpekyolu / Merkez,1+1,14.999 TL
Van,İpekyolu / Merkez,1+1,13.750 TL
Van,İpekyolu / Merkez,1+1,14.000 TL
Van,Edremit / Merkez,2+1,15.000 TL
Van,İpekyolu / Merkez,3+1,12.500 TL
Van,Erciş,3+1,15.000 TL
Van,İpekyolu / Merkez,3+1,13.000 TL
Van,İpekyolu / Merkez,1+1,13.500 TL
Van,Erciş,2+1,14.500 TL
Van,İpekyolu / Merkez,1+1,13.000 TL
Van,Tuşba / Merkez,1+1,13.000 TL
Van,İpekyolu / Merkez,2+1,12.500 TL
Van,İpekyolu / Merkez,1+1,13.000 TL
Van,Erciş,1+1,12.500 TL
Van,İpekyolu / Merkez,1+1,15.000 TL
Van,İpekyolu / Merkez,1+1,14.500 TL
Van,İpekyolu / Merkez,1+1,13.500 TL
Van,İpekyolu / Merkez,1+1,14.000 TL
Van,İpekyolu / Merkez,1+1,14.500 TL
Van,Tuşba / Merkez,3+1,14.000 TL
Van,İpekyolu / Merkez,2+1,15.000 TL
Van,İpekyolu / Merkez,1+1,14.000 TL
Van,İpekyolu / Merkez,1+1,13.000 TL
Van,İpekyolu / Merkez,2+1,15.000 TL
Van,Edremit,2+1,13.500 TL
Van,Edremit,3+1,13.500 TL
Van,İpekyolu / Merkez,1+1,14.500 TL
Van,İpekyolu / Merkez,1+1,15.000 TL
Van,İpekyolu / Merkez,1+1,12.500 TL
Van,İpekyolu / Merkez,1+1,14.000 TL
Van,İpekyolu / Merkez,1+1,14.000 TL
Van,Edremit,3+1,13.000 TL
Van,İpekyolu / Merkez,3+1,13.500 TL
Van,İpekyolu / Merkez,1+1,14.000 TL
Van,İpekyolu / Merkez,2+1,14.500 TL
Van,İpekyolu / Merkez,2+1,15.000 TL
Van,Erciş,2+1,15.000 TL
Van,İpekyolu / Merkez,1+1,14.000 TL
Van,İpekyolu / Merkez,2+0,13.000 TL
Van,İpekyolu / Merkez,1+1,12.500 TL
Van,Tuşba / Merkez,1+1,15.000 TL
Van,İpekyolu / Merkez,1+1,13.500 TL
Van,İpekyolu / Merkez,1+1,14.500 TL
Van,İpekyolu / Merkez,Stüdyo (1+0),12.500 TL
Van,İpekyolu / Merkez,1+1,13.000 TL
Van,İpekyolu / Merkez,1+1,14.250 TL
Van,İpekyolu / Merkez,2+1,14.000 TL
Van,Erciş,2+1,13.500 TL
Van,İpekyolu / Merkez,1+1,14.000 TL
Van,İpekyolu / Merkez,2+1,12.500 TL
Van,İpekyolu / Merkez,1+1,15.000 TL
Van,İpekyolu / Merkez,2+1,15.000 TL
Van,Çaldıran,1+1,13.500 TL
Van,İpekyolu / Merkez,1+1,15.000 TL
Van,İpekyolu / Merkez,1+1,13.000 TL
Van,İpekyolu / Merkez,1+1,13.000 TL
Van,İpekyolu / Merkez,1+1,15.000 TL
Van,Edremit,3+1,15.000 TL
Van,İpekyolu / Merkez,1+1,14.000 TL
Van,İpekyolu / Merkez,1+1,14.500 TL
Van,İpekyolu / Merkez,1+1,12.250 TL
Van,İpekyolu / Merkez,1+1,14.750 TL
Van,Edremit,3+1,13.500 TL
Van,İpekyolu / Merkez,3+1,13.000 TL
Van,Edremit / Merkez,2+1,14.750 TL
Van,İpekyolu / Merkez,1+1,12.500 TL
Van,Erciş,2+1,14.000 TL
Van,Edremit,3+1,13.000 TL
Van,İpekyolu / Merkez,2+1,15.000 TL
Van,İpekyolu / Merkez,1+1,15.000 TL
Van,İpekyolu / Merkez,1+1,15.000 TL
Van,İpekyolu / Merkez,1+1,14.000 TL
Van,İpekyolu / Merkez,1+1,15.000 TL
Van,İpekyolu / Merkez,1+1,15.000 TL
Van,İpekyolu / Merkez,3+1,13.500 TL
Van,İpekyolu / Merkez,1+1,12.500 TL
Van,İpekyolu / Merkez,1+1,13.500 TL
Van,Çaldıran,3+1,15.000 TL
Van,Tuşba / Merkez,2+1,15.000 TL
Van,İpekyolu / Merkez,1+1,15.000 TL
Van,Edremit,3+1,13.000 TL
Van,İpekyolu / Merkez,1+1,15.000 TL
Van,Erciş,1+1,12.500 TL
Van,İpekyolu / Merkez,1+1,15.000 TL
Van,Gevaş,2+1,14.000 TL
Van,İpekyolu / Merkez,1+1,15.000 TL
Van,Erciş,2+1,13.000 TL
Van,İpekyolu / Merkez,1+1,14.000 TL
Van,İpekyolu / Merkez,1+1,13.000 TL
Van,Edremit / Merkez,3+1,15.000 TL
Van,İpekyolu / Merkez,1+1,13.500 TL
Van,İpekyolu / Merkez,1+1,15.000 TL
Van,İpekyolu / Merkez,2+1,14.500 TL
Van,İpekyolu / Merkez,1+1,13.000 TL
Van,Edremit,3+1,13.000 TL
Van,Tuşba / Merkez,1+1,13.000 TL
Van,İpekyolu / Merkez,1+1,14.000 TL
Van,İpekyolu / Merkez,1+1,12.750 TL
Van,İpekyolu / Merkez,1+1,14.500 TL
Van,İpekyolu / Merkez,1+1,15.000 TL
Van,İpekyolu / Merkez,1+1,14.000 TL
Van,İpekyolu / Merkez,1+1,15.000 TL
Van,İpekyolu / Merkez,1+1,15.000 TL
Van,İpekyolu / Merkez,1+1,14.000 TL
Van,İpekyolu / Merkez,1+1,13.000 TL
Van,İpekyolu / Merkez,1+1,12.500 TL
Van,İpekyolu / Merkez,1+1,15.000 TL
Van,İpekyolu / Merkez,1+1,15.000 TL
Van,İpekyolu / Merkez,2+1,13.400 TL
Van,Erciş,2+1,13.000 TL
Van,Edremit,3+1,13.000 TL
Van,İpekyolu / Merkez,3+0,13.000 TL
Van,İpekyolu / Merkez,1+1,12.500 TL
Van,Çaldıran,1+1,13.500 TL
Van,İpekyolu / Merkez,3+1,14.500 TL
Van,İpekyolu / Merkez,1+1,14.000 TL
Van,İpekyolu / Merkez,1+1,15.000 TL
Van,Erciş,3+1,14.000 TL
Van,İpekyolu / Merkez,1+1,14.000 TL
Van,İpekyolu / Merkez,1+1,13.500 TL
Van,Erciş,3+1,15.000 TL
Van,İpekyolu / Merkez,1+1,14.000 TL
Van,İpekyolu / Merkez,1+1,13.000 TL
Van,İpekyolu / Merkez,1+1,13.500 TL
Van,İpekyolu / Merkez,1+1,13.000 TL
Van,İpekyolu / Merkez,1+1,15.000 TL
Van,İpekyolu / Merkez,1+1,15.000 TL
Van,İpekyolu / Merkez,1+1,13.500 TL
Van,Edremit,3+1,14.000 TL
Van,İpekyolu / Merkez,2+1,15.000 TL
Van,Edremit,3+1,15.000 TL
Van,Tuşba / Merkez,3+1,14.850 TL
Van,İpekyolu / Merkez,2+1,15.000 TL
Van,İpekyolu / Merkez,1+1,12.500 TL
Van,İpekyolu / Merkez,1+1,14.000 TL
Van,İpekyolu / Merkez,2+1,15.000 TL
Van,Edremit / Merkez,3+1,14.000 TL
Van,İpekyolu / Merkez,1+1,15.000 TL
Van,Tuşba / Merkez,1+1,14.000 TL
Van,İpekyolu / Merkez,1+1,14.000 TL
Van,Edremit,3+1,15.000 TL
Van,İpekyolu / Merkez,1+1,14.500 TL
Van,İpekyolu / Merkez,1+1,14.000 TL
Van,İpekyolu / Merkez,2+1,17.000 TL
Van,İpekyolu / Merkez,2+1,15.500 TL
Van,İpekyolu / Merkez,2+1,17.000 TL
Van,İpekyolu / Merkez,1+1,17.500 TL
Van,İpekyolu / Merkez,2+1,17.500 TL
Van,İpekyolu / Merkez,1+1,18.000 TL
Van,Tuşba / Merkez,3+1,16.500 TL
Van,İpekyolu / Merkez,2+1,17.500 TL
Van,İpekyolu / Merkez,1+1,16.000 TL
Van,İpekyolu / Merkez,2+1,16.000 TL
Van,Erciş,2+1,17.500 TL
Van,İpekyolu / Merkez,3+1,18.000 TL
Van,Erciş,2+1,16.000 TL
Van,İpekyolu / Merkez,2+1,17.000 TL
Van,İpekyolu / Merkez,1+1,15.500 TL
Van,İpekyolu / Merkez,3+1,16.000 TL
Van,Edremit,3+1,16.750 TL
Van,Erciş,3+1,18.000 TL
Van,İpekyolu / Merkez,1+1,15.500 TL
Van,İpekyolu / Merkez,1+1,16.250 TL
Van,İpekyolu / Merkez,1+1,17.900 TL
Van,İpekyolu / Merkez,2+1,17.500 TL
Van,İpekyolu / Merkez,1+1,15.500 TL
Van,Edremit,2+1,18.000 TL
Van,İpekyolu / Merkez,1+1,16.000 TL
Van,İpekyolu / Merkez,2+1,16.000 TL
Van,İpekyolu / Merkez,2+1,15.500 TL
Van,İpekyolu / Merkez,2+1,17.000 TL
Van,İpekyolu / Merkez,2+1,17.500 TL
Van,İpekyolu / Merkez,1+1,17.500 TL
Van,İpekyolu / Merkez,2+1,17.500 TL
Van,İpekyolu / Merkez,1+1,15.300 TL
Van,İpekyolu / Merkez,2+1,17.900 TL
Van,Tuşba / Merkez,1+1,16.000 TL
Van,Tuşba / Merkez,3+1,18.000 TL
Van,İpekyolu / Merkez,1+1,17.000 TL
Van,Tuşba / Merkez,3+1,18.000 TL
Van,İpekyolu / Merkez,3+1,18.000 TL
Van,İpekyolu / Merkez,1+1,16.750 TL
Van,İpekyolu / Merkez,1+1,16.000 TL
Van,İpekyolu / Merkez,1+1,18.000 TL
Van,İpekyolu / Merkez,1+1,16.750 TL
Van,İpekyolu / Merkez,1+1,16.750 TL
Van,İpekyolu / Merkez,2+1,18.000 TL
Van,İpekyolu / Merkez,2+1,17.000 TL
Van,İpekyolu / Merkez,2+1,17.500 TL
Van,İpekyolu / Merkez,2+1,18.000 TL
Van,İpekyolu / Merkez,1+1,17.000 TL
Van,İpekyolu / Merkez,1+1,18.000 TL
Van,İpekyolu / Merkez,1+1,18.000 TL
Van,İpekyolu / Merkez,2+1,17.500 TL
Van,İpekyolu / Merkez,1+1,15.500 TL
Van,Erciş,2+0,16.000 TL
Van,İpekyolu / Merkez,1+1,15.500 TL
Van,İpekyolu / Merkez,2+1,18.000 TL
Van,İpekyolu / Merkez,2+1,18.000 TL
Van,İpekyolu / Merkez,2+1,17.000 TL
Van,İpekyolu / Merkez,2+0,18.000 TL
Van,Çaldıran,2+0,17.500 TL
Van,İpekyolu / Merkez,1+1,17.000 TL
Van,İpekyolu / Merkez,1+1,16.000 TL
Van,İpekyolu / Merkez,3+1,18.000 TL
Van,İpekyolu / Merkez,1+1,15.500 TL
Van,Edremit / Merkez,1+1,16.500 TL
Van,İpekyolu / Merkez,3+1,15.500 TL
Van,İpekyolu / Merkez,2+1,17.500 TL
Van,İpekyolu / Merkez,1+1,16.000 TL
Van,İpekyolu / Merkez,1+1,16.000 TL
Van,İpekyolu / Merkez,1+1,17.000 TL
Van,İpekyolu / Merkez,1+1,18.000 TL
Van,İpekyolu / Merkez,1+1,17.500 TL
Van,Erciş,2+0,16.500 TL
Van,İpekyolu / Merkez,1+1,16.000 TL
Van,İpekyolu / Merkez,2+1,18.000 TL
Van,İpekyolu / Merkez,3+1,18.000 TL
Van,İpekyolu / Merkez,1+1,16.000 TL
Van,İpekyolu / Merkez,1+1,17.000 TL
Van,Tuşba / Merkez,3+1,16.500 TL
Van,İpekyolu / Merkez,2+1,15.500 TL
Van,İpekyolu / Merkez,3+1,18.000 TL
Van,İpekyolu / Merkez,2+1,16.000 TL
Van,İpekyolu / Merkez,1+1,17.500 TL
Van,İpekyolu / Merkez,1+1,15.500 TL
Van,İpekyolu / Merkez,1+1,17.000 TL
Van,İpekyolu / Merkez,2+1,15.500 TL
Van,Tuşba / Merkez,2+1,18.000 TL
Van,İpekyolu / Merkez,1+1,16.000 TL
Van,İpekyolu / Merkez,1+1,15.500 TL
Van,İpekyolu / Merkez,2+1,17.000 TL
Van,Tuşba / Merkez,3+1,16.000 TL
Van,Edremit / Merkez,3+1,16.500 TL
Van,İpekyolu / Merkez,3+1,18.000 TL
Van,Erciş,2+1,17.000 TL
Van,İpekyolu / Merkez,1+1,18.000 TL
Van,İpekyolu / Merkez,1+1,17.000 TL
Van,Edremit / Merkez,3+1,17.000 TL
Van,İpekyolu / Merkez,1+1,18.000 TL
Van,Erciş,3+1,17.500 TL
Van,Tuşba / Merkez,3+1,16.000 TL
Van,İpekyolu / Merkez,3+1,17.000 TL
Van,İpekyolu / Merkez,1+1,16.750 TL
Van,İpekyolu / Merkez,1+1,15.750 TL
Van,İpekyolu / Merkez,1+1,17.500 TL
Van,İpekyolu / Merkez,1+1,17.000 TL
Van,İpekyolu / Merkez,1+1,17.500 TL
Van,Erciş,1+1,17.000 TL
Van,İpekyolu / Merkez,1+1,17.000 TL
Van,Erciş,3.5+1,17.500 TL
Van,İpekyolu / Merkez,1+1,16.000 TL
Van,İpekyolu / Merkez,4+1,17.000 TL
Van,İpekyolu / Merkez,2+1,18.000 TL
Van,İpekyolu / Merkez,1+1,15.500 TL
Van,İpekyolu / Merkez,3+1,16.000 TL
Van,İpekyolu / Merkez,1+1,16.500 TL
Van,İpekyolu / Merkez,1+1,16.000 TL
Van,İpekyolu / Merkez,1+1,17.500 TL
Van,İpekyolu / Merkez,1+1,15.500 TL
Van,Erciş,1+1,17.500 TL
Van,İpekyolu / Merkez,1+1,15.500 TL
Van,Edremit / Merkez,2+1,17.000 TL
Van,İpekyolu / Merkez,1+1,16.000 TL
Van,İpekyolu / Merkez,2+1,16.000 TL
Van,İpekyolu / Merkez,2+0,16.500 TL
Van,İpekyolu / Merkez,1+1,16.000 TL
Van,İpekyolu / Merkez,2+1,17.000 TL
Van,İpekyolu / Merkez,1+1,18.000 TL
Van,İpekyolu / Merkez,1+1,16.000 TL
Van,Erciş,3+1,17.000 TL
Van,Edremit,3+1,16.000 TL
Van,İpekyolu / Merkez,1+1,17.000 TL
Van,İpekyolu / Merkez,1+1,15.500 TL
Van,İpekyolu / Merkez,1+1,16.000 TL
Van,İpekyolu / Merkez,3+1,16.500 TL
Van,İpekyolu / Merkez,1+1,16.500 TL
Van,Edremit / Merkez,3+1,18.000 TL
Van,İpekyolu / Merkez,1+1,16.000 TL
Van,İpekyolu / Merkez,1+1,17.000 TL
Van,Tuşba / Merkez,3+1,16.000 TL
Van,İpekyolu / Merkez,1+1,16.000 TL
Van,İpekyolu / Merkez,3+1,16.000 TL
Van,İpekyolu / Merkez,1+1,16.000 TL
Van,İpekyolu / Merkez,2+1,16.500 TL
Van,Gevaş,3+1,16.000 TL
Van,İpekyolu / Merkez,1+1,18.000 TL
Van,İpekyolu / Merkez,3+1,17.000 TL
Van,İpekyolu / Merkez,3+1,17.000 TL
Van,Edremit / Merkez,2+1,18.000 TL
Van,İpekyolu / Merkez,2+1,16.500 TL
Van,İpekyolu / Merkez,2+1,15.500 TL
Van,İpekyolu / Merkez,1+1,15.500 TL
Van,Edremit / Merkez,2+1,17.000 TL
Van,İpekyolu / Merkez,1+1,15.500 TL
Van,İpekyolu / Merkez,3+1,16.500 TL
Van,İpekyolu / Merkez,3+1,18.000 TL
Van,İpekyolu / Merkez,2+1,17.500 TL
Van,Tuşba / Merkez,1+1,16.500 TL
Van,İpekyolu / Merkez,1+1,16.750 TL
Van,Tuşba / Merkez,3+1,18.000 TL
Van,İpekyolu / Merkez,2+1,15.500 TL
Van,İpekyolu / Merkez,3+1,17.500 TL
Van,İpekyolu / Merkez,1+1,18.000 TL
Van,İpekyolu / Merkez,3+1,18.000 TL
Van,Tuşba / Merkez,3+1,16.000 TL
Van,Erciş,2+1,16.000 TL
Van,Tuşba / Merkez,3+1,16.500 TL
Van,Çaldıran,1+1,17.500 TL
Van,İpekyolu / Merkez,1+1,16.000 TL
Van,İpekyolu / Merkez,2+1,16.500 TL
Van,Erciş,2+1,17.000 TL
Van,İpekyolu / Merkez,2+1,17.000 TL
Van,Çaldıran,2+1,17.500 TL
Van,İpekyolu / Merkez,1+1,18.000 TL
Van,İpekyolu / Merkez,2+1,19.500 TL
Van,İpekyolu / Merkez,2+1,18.500 TL
Van,İpekyolu / Merkez,3+1,21.000 TL
Van,İpekyolu / Merkez,2+1,20.000 TL
Van,İpekyolu / Merkez,2+1,19.000 TL
Van,İpekyolu / Merkez,3+1,20.250 TL
Van,İpekyolu / Merkez,2+1,19.000 TL
Van,İpekyolu / Merkez,3+1,19.000 TL
Van,İpekyolu / Merkez,2+1,19.000 TL
Van,İpekyolu / Merkez,2+1,22.000 TL
Van,İpekyolu / Merkez,3+1,22.000 TL
Van,İpekyolu / Merkez,2+1,20.000 TL
Van,İpekyolu / Merkez,3+1,18.500 TL
Van,Tuşba / Merkez,3+1,22.000 TL
Van,İpekyolu / Merkez,1+1,20.000 TL
Van,İpekyolu / Merkez,3+1,22.000 TL
Van,İpekyolu / Merkez,2+1,22.000 TL
Van,İpekyolu / Merkez,3+1,21.000 TL
Van,İpekyolu / Merkez,2+1,20.000 TL
Van,İpekyolu / Merkez,1+1,19.000 TL
Van,İpekyolu / Merkez,2+1,20.000 TL
Van,İpekyolu / Merkez,2+1,21.000 TL
Van,İpekyolu / Merkez,1+1,18.500 TL
Van,İpekyolu / Merkez,2+1,18.500 TL
Van,İpekyolu / Merkez,2+1,19.000 TL
Van,İpekyolu / Merkez,3+1,21.000 TL
Van,Edremit / Merkez,2+1,22.000 TL
Van,Edremit / Merkez,4+1,22.000 TL
Van,İpekyolu / Merkez,2+1,18.500 TL
Van,İpekyolu / Merkez,1+1,21.500 TL
Van,İpekyolu / Merkez,2+1,20.000 TL
Van,İpekyolu / Merkez,1+1,18.500 TL
Van,İpekyolu / Merkez,3+1,18.500 TL
Van,İpekyolu / Merkez,2+1,21.500 TL
Van,Gevaş,3+1,20.000 TL
Van,İpekyolu / Merkez,2+1,21.500 TL
Van,Tuşba / Merkez,2+1,22.000 TL
Van,İpekyolu / Merkez,2+1,20.000 TL
Van,İpekyolu / Merkez,1+1,19.000 TL
Van,İpekyolu / Merkez,2+1,20.500 TL
Van,İpekyolu / Merkez,2+1,20.000 TL
Van,İpekyolu / Merkez,2+1,18.500 TL
Van,İpekyolu / Merkez,3+1,20.000 TL
Van,İpekyolu / Merkez,3+1,19.000 TL
Van,Edremit / Merkez,2+1,19.500 TL
Van,İpekyolu / Merkez,3+1,20.000 TL
Van,İpekyolu / Merkez,2+1,18.500 TL
Van,İpekyolu / Merkez,3+1,20.000 TL
Van,İpekyolu / Merkez,2+1,19.000 TL
Van,İpekyolu / Merkez,2+1,20.000 TL
Van,İpekyolu / Merkez,3+1,20.000 TL
Van,İpekyolu / Merkez,2+1,21.500 TL
Van,İpekyolu / Merkez,1+1,18.500 TL
Van,İpekyolu / Merkez,2+1,22.000 TL
Van,İpekyolu / Merkez,2+1,19.000 TL
Van,İpekyolu / Merkez,2+1,18.500 TL
Van,Tuşba / Merkez,2+1,19.500 TL
Van,İpekyolu / Merkez,2+1,20.000 TL
Van,İpekyolu / Merkez,1+1,20.000 TL
Van,İpekyolu / Merkez,2+1,19.500 TL
Van,İpekyolu / Merkez,3+1,19.000 TL
Van,İpekyolu / Merkez,3+1,22.000 TL
Van,Edremit / Merkez,3+1,20.000 TL
Van,İpekyolu / Merkez,2+1,20.000 TL
Van,İpekyolu / Merkez,2+1,18.500 TL
Van,İpekyolu / Merkez,2+1,19.500 TL
Van,Tuşba / Merkez,3+1,20.000 TL
Van,İpekyolu / Merkez,2+1,20.000 TL
Van,İpekyolu / Merkez,3+1,22.000 TL
Van,Erciş,3+1,20.000 TL
Van,Çaldıran,2+1,20.000 TL
Van,Erciş,3+1,20.000 TL
Van,İpekyolu / Merkez,2+1,22.000 TL
Van,İpekyolu / Merkez,2+1,19.500 TL
Van,Erciş,3+1,20.000 TL
Van,İpekyolu / Merkez,3+1,22.000 TL
Van,İpekyolu / Merkez,2+1,22.000 TL
Van,İpekyolu / Merkez,2+1,21.000 TL
Van,İpekyolu / Merkez,2+1,19.000 TL
Van,İpekyolu / Merkez,3+1,22.000 TL
Van,Edremit / Merkez,2+1,20.000 TL
Van,İpekyolu / Merkez,2+1,20.500 TL
Van,İpekyolu / Merkez,3+1,19.000 TL
Van,İpekyolu / Merkez,2+1,20.750 TL
Van,İpekyolu / Merkez,2+1,21.000 TL
Van,İpekyolu / Merkez,3+1,21.000 TL
Van,İpekyolu / Merkez,3+1,20.500 TL
Van,İpekyolu / Merkez,3+1,20.500 TL
Van,İpekyolu / Merkez,2+1,21.000 TL
Van,İpekyolu / Merkez,2+1,22.000 TL
Van,İpekyolu / Merkez,2+1,20.000 TL
Van,İpekyolu / Merkez,2+1,21.000 TL
Van,İpekyolu / Merkez,3+1,19.000 TL
Van,İpekyolu / Merkez,3+1,20.000 TL
Van,İpekyolu / Merkez,2+1,20.000 TL
Van,Edremit / Merkez,2+1,20.000 TL
Van,İpekyolu / Merkez,2+1,20.000 TL
Van,İpekyolu / Merkez,3+1,20.000 TL
Van,İpekyolu / Merkez,4+1,21.500 TL
Van,İpekyolu / Merkez,2+1,22.000 TL
Van,İpekyolu / Merkez,1+1,18.500 TL
Van,İpekyolu / Merkez,3+1,20.500 TL
Van,İpekyolu / Merkez,3+1,18.500 TL
Van,İpekyolu / Merkez,3+1,19.000 TL
Van,İpekyolu / Merkez,3+1,19.000 TL
Van,İpekyolu / Merkez,2+1,21.000 TL
Van,İpekyolu / Merkez,2+1,22.000 TL
Van,Edremit / Merkez,2+1,20.000 TL
Van,İpekyolu / Merkez,3+1,22.000 TL
Van,İpekyolu / Merkez,1+1,20.000 TL
Van,İpekyolu / Merkez,3+1,21.500 TL
Van,İpekyolu / Merkez,1+1,19.500 TL
Van,İpekyolu / Merkez,2+2,18.500 TL
Van,İpekyolu / Merkez,2+1,22.000 TL
Van,İpekyolu / Merkez,2+1,22.000 TL
Van,İpekyolu / Merkez,2+1,20.000 TL
Van,İpekyolu / Merkez,3+1,21.000 TL
Van,Erciş,2+1,21.000 TL
Van,İpekyolu / Merkez,2+1,22.000 TL
Van,Tuşba / Merkez,3+1,21.000 TL
Van,Edremit / Merkez,2+1,21.000 TL
Van,İpekyolu / Merkez,2+1,19.000 TL
Van,İpekyolu / Merkez,2+1,19.000 TL
Van,İpekyolu / Merkez,3+1,19.000 TL
Van,İpekyolu / Merkez,2+1,21.000 TL
Van,İpekyolu / Merkez,2+1,20.000 TL
Van,İpekyolu / Merkez,3+1,20.000 TL
Van,İpekyolu / Merkez,3+1,20.000 TL
Van,İpekyolu / Merkez,2+1,19.000 TL
Van,Edremit / Merkez,2+1,20.000 TL
Van,Edremit / Merkez,2+1,19.000 TL
Van,İpekyolu / Merkez,2+1,20.500 TL
Van,İpekyolu / Merkez,2+1,21.000 TL
Van,İpekyolu / Merkez,2+1,19.000 TL
Van,İpekyolu / Merkez,2+1,19.000 TL
Van,İpekyolu / Merkez,2+1,19.000 TL
Van,İpekyolu / Merkez,3+1,21.000 TL
Van,İpekyolu / Merkez,2+1,20.000 TL
Van,İpekyolu / Merkez,3+1,20.500 TL
Van,İpekyolu / Merkez,2+1,21.500 TL
Van,Tuşba / Merkez,2+1,21.000 TL
Van,İpekyolu / Merkez,2+1,19.000 TL
Van,İpekyolu / Merkez,3+1,19.000 TL
Van,İpekyolu / Merkez,2+1,20.500 TL
Van,İpekyolu / Merkez,2+1,20.750 TL
Van,İpekyolu / Merkez,2+1,20.000 TL
Van,İpekyolu / Merkez,2+1,20.000 TL
Van,İpekyolu / Merkez,1+1,19.000 TL
Van,İpekyolu / Merkez,2+1,19.000 TL
Van,İpekyolu / Merkez,1+1,18.500 TL
Van,İpekyolu / Merkez,3+1,22.000 TL
Van,İpekyolu / Merkez,3+1,20.000 TL
Van,Tuşba / Merkez,3+1,22.000 TL
Van,İpekyolu / Merkez,3+1,20.000 TL
Van,İpekyolu / Merkez,2+1,19.500 TL
Van,İpekyolu / Merkez,2+1,21.000 TL
Van,İpekyolu / Merkez,3+1,25.000 TL
Van,Edremit / Merkez,3+1,25.000 TL
Van,Edremit / Merkez,3+1,26.000 TL
Van,İpekyolu / Merkez,3+1,25.000 TL
Van,İpekyolu / Merkez,2+1,25.000 TL
Van,İpekyolu / Merkez,3+1,23.500 TL
Van,İpekyolu / Merkez,3+1,24.000 TL
Van,İpekyolu / Merkez,3+1,25.000 TL
Van,İpekyolu / Merkez,2+1,24.500 TL
Van,İpekyolu / Merkez,2+1,23.000 TL
Van,Edremit / Merkez,3+1,24.000 TL
Van,İpekyolu / Merkez,3+1,25.000 TL
Van,İpekyolu / Merkez,2+1,25.000 TL
Van,İpekyolu / Merkez,2+1,27.000 TL
Van,İpekyolu / Merkez,2+1,27.000 TL
Van,İpekyolu / Merkez,3+1,28.000 TL
Van,İpekyolu / Merkez,2+1,25.000 TL
Van,İpekyolu / Merkez,3+1,26.000 TL
Van,İpekyolu / Merkez,3+1,27.500 TL
Van,İpekyolu / Merkez,2+1,22.500 TL
Van,İpekyolu / Merkez,2+1,23.500 TL
Van,İpekyolu / Merkez,3+1,27.000 TL
Van,İpekyolu / Merkez,3+1,23.000 TL
Van,İpekyolu / Merkez,1+1,23.000 TL
Van,İpekyolu / Merkez,3+1,25.000 TL
Van,İpekyolu / Merkez,1+1,24.000 TL
Van,İpekyolu / Merkez,2+1,24.500 TL
Van,İpekyolu / Merkez,3+1,28.000 TL
Van,İpekyolu / Merkez,3+1,25.000 TL
Van,İpekyolu / Merkez,3+1,24.000 TL
Van,İpekyolu / Merkez,3+1,25.000 TL
Van,İpekyolu / Merkez,3+1,26.000 TL
Van,İpekyolu / Merkez,3+1,23.000 TL
Van,İpekyolu / Merkez,2+1,25.000 TL
Van,İpekyolu / Merkez,4+1,26.000 TL
Van,Erciş,3+1,25.000 TL
Van,İpekyolu / Merkez,3+1,25.000 TL
Van,İpekyolu / Merkez,3+1,26.850 TL
Van,İpekyolu / Merkez,3+1,27.500 TL
Van,İpekyolu / Merkez,2+1,25.000 TL
Van,İpekyolu / Merkez,3+1,27.000 TL
Van,İpekyolu / Merkez,2+1,23.000 TL
Van,İpekyolu / Merkez,3+1,26.000 TL
Van,İpekyolu / Merkez,2+1,25.000 TL
Van,İpekyolu / Merkez,3+1,25.000 TL
Van,İpekyolu / Merkez,3+1,24.500 TL
Van,Edremit,3+1,25.500 TL
Van,İpekyolu / Merkez,2+1,25.000 TL
Van,İpekyolu / Merkez,3+1,25.000 TL
Van,İpekyolu / Merkez,2+1,24.000 TL
Van,Edremit / Merkez,2+1,25.000 TL
Van,İpekyolu / Merkez,3+1,24.500 TL
Van,İpekyolu / Merkez,3+1,24.000 TL
Van,İpekyolu / Merkez,2+1,26.000 TL
Van,İpekyolu / Merkez,2+1,25.000 TL
Van,İpekyolu / Merkez,3+1,25.000 TL
Van,Edremit / Merkez,3+1,23.500 TL
Van,İpekyolu / Merkez,3+1,26.000 TL
Van,İpekyolu / Merkez,2+1,23.000 TL
Van,İpekyolu / Merkez,3+1,27.500 TL
Van,Tuşba / Merkez,3+1,26.000 TL
Van,İpekyolu / Merkez,3+1,28.000 TL
Van,İpekyolu / Merkez,2+1,22.500 TL
Van,İpekyolu / Merkez,2+1,25.000 TL
Van,İpekyolu / Merkez,3+1,28.000 TL
Van,İpekyolu / Merkez,3+1,23.000 TL
Van,İpekyolu / Merkez,2+1,25.000 TL
Van,İpekyolu / Merkez,2+1,23.000 TL
Van,İpekyolu / Merkez,3+1,27.000 TL
Van,İpekyolu / Merkez,3+1,25.500 TL
Van,İpekyolu / Merkez,2+1,25.000 TL
Van,İpekyolu / Merkez,1+1,25.000 TL
Van,İpekyolu / Merkez,4+1,25.000 TL
Van,İpekyolu / Merkez,3+1,26.000 TL
Van,İpekyolu / Merkez,3+1,23.500 TL
Van,İpekyolu / Merkez,3+1,24.999 TL
Van,İpekyolu / Merkez,3+1,25.000 TL
Van,İpekyolu / Merkez,3+1,25.000 TL
Van,İpekyolu / Merkez,3+1,26.000 TL
Van,Edremit / Merkez,4+1,25.500 TL
Van,İpekyolu / Merkez,3+1,27.500 TL
Van,İpekyolu / Merkez,1+1,24.750 TL
Van,İpekyolu / Merkez,3+1,23.000 TL
Van,İpekyolu / Merkez,2+1,25.000 TL
Van,İpekyolu / Merkez,3+1,25.000 TL
Van,İpekyolu / Merkez,3+1,27.000 TL
Van,Edremit / Merkez,3+1,26.000 TL
Van,İpekyolu / Merkez,3+1,23.000 TL
Van,İpekyolu / Merkez,3+1,28.000 TL
Van,İpekyolu / Merkez,3+1,24.000 TL
Van,İpekyolu / Merkez,2+1,23.500 TL
Van,İpekyolu / Merkez,3+1,23.000 TL
Van,İpekyolu / Merkez,3+1,25.000 TL
Van,Edremit / Merkez,2+1,27.000 TL
Van,Edremit / Merkez,3+1,26.000 TL
Van,İpekyolu / Merkez,3+1,23.000 TL
Van,İpekyolu / Merkez,1+1,25.000 TL
Van,İpekyolu / Merkez,2+1,24.000 TL
Van,İpekyolu / Merkez,2+1,25.500 TL
Van,Tuşba / Merkez,2+1,25.000 TL
Van,İpekyolu / Merkez,3+1,23.000 TL
Van,İpekyolu / Merkez,3+1,22.500 TL
Van,İpekyolu / Merkez,3+1,25.000 TL
Van,İpekyolu / Merkez,3+1,23.000 TL
Van,İpekyolu / Merkez,3+1,24.000 TL
Van,İpekyolu / Merkez,3+1,25.000 TL
Van,İpekyolu / Merkez,3+1,24.000 TL
Van,İpekyolu / Merkez,3+1,24.000 TL
Van,İpekyolu / Merkez,3+1,23.500 TL
Van,Edremit,3+1,24.990 TL
Van,İpekyolu / Merkez,1+1,26.500 TL
Van,İpekyolu / Merkez,2+1,23.500 TL
Van,İpekyolu / Merkez,2+1,25.000 TL
Van,İpekyolu / Merkez,3+1,23.500 TL
Van,Edremit,4+1,25.000 TL
Van,İpekyolu / Merkez,3+1,25.000 TL
Van,İpekyolu / Merkez,4+1,25.000 TL
Van,İpekyolu / Merkez,4+1,24.000 TL
Van,İpekyolu / Merkez,2+1,23.000 TL
Van,İpekyolu / Merkez,3+1,25.000 TL
Van,İpekyolu / Merkez,3+1,25.000 TL
Van,İpekyolu / Merkez,3+1,25.000 TL
Van,İpekyolu / Merkez,3+1,26.000 TL
Van,İpekyolu / Merkez,2+1,22.500 TL
Van,İpekyolu / Merkez,3+1,26.500 TL
Van,İpekyolu / Merkez,3+1,32.000 TL
Van,İpekyolu / Merkez,3+1,30.000 TL
Van,İpekyolu / Merkez,4+1,32.500 TL
Van,İpekyolu / Merkez,3+1,32.000 TL
Van,İpekyolu / Merkez,3+1,35.000 TL
Van,İpekyolu / Merkez,3+1,29.000 TL
Van,İpekyolu / Merkez,4+1,35.000 TL
Van,İpekyolu / Merkez,2+1,29.000 TL
Van,İpekyolu / Merkez,3+1,32.000 TL
Van,Edremit,3+1,32.000 TL
Van,İpekyolu / Merkez,3+1,35.000 TL
Van,İpekyolu / Merkez,3+1,30.000 TL
Van,Edremit,3+1,32.000 TL
Van,İpekyolu / Merkez,3+1,35.000 TL
Van,İpekyolu / Merkez,3+1,35.000 TL
Van,İpekyolu / Merkez,3+1,35.000 TL
Van,İpekyolu / Merkez,3+1,30.000 TL
Van,İpekyolu / Merkez,3+1,30.000 TL
Van,İpekyolu / Merkez,4+1,31.000 TL
Van,İpekyolu / Merkez,2+1,32.000 TL
Van,İpekyolu / Merkez,3+1,31.000 TL
Van,İpekyolu / Merkez,4+1,29.000 TL
Van,İpekyolu / Merkez,3+1,30.000 TL
Van,Tuşba / Merkez,3+1,30.000 TL
Van,İpekyolu / Merkez,3+1,34.000 TL
Van,İpekyolu / Merkez,4+1,30.000 TL
Van,İpekyolu / Merkez,3+1,30.000 TL
Van,İpekyolu / Merkez,3+1,30.000 TL
Van,Edremit,3+1,30.000 TL
Van,İpekyolu / Merkez,4+1,35.000 TL
Van,İpekyolu / Merkez,2+1,30.000 TL
Van,Edremit,3+1,30.000 TL
Van,İpekyolu / Merkez,3+1,30.000 TL
Van,İpekyolu / Merkez,3+1,35.000 TL
Van,Edremit,3+1,32.000 TL
Van,İpekyolu / Merkez,3+1,35.000 TL
Van,İpekyolu / Merkez,3+1,30.000 TL
Van,İpekyolu / Merkez,3+1,35.000 TL
Van,İpekyolu / Merkez,3+1,30.000 TL
Van,İpekyolu / Merkez,3+1,30.000 TL
Van,Edremit,3+1,32.500 TL
Van,İpekyolu / Merkez,3+1,35.000 TL
Van,İpekyolu / Merkez,2+1,30.000 TL
Van,İpekyolu / Merkez,4+1,28.500 TL
Van,İpekyolu / Merkez,3+1,30.000 TL
Van,İpekyolu / Merkez,3+1,30.000 TL
Van,Edremit / Merkez,4+1,29.000 TL
Van,Edremit / Merkez,3+1,35.000 TL
Van,İpekyolu / Merkez,3+1,35.000 TL
Van,İpekyolu / Merkez,3+1,33.000 TL
Van,İpekyolu / Merkez,3+1,31.000 TL
Van,İpekyolu / Merkez,4+1,30.000 TL
Van,İpekyolu / Merkez,3+1,28.500 TL
Van,Erciş,3+1,33.000 TL
Van,Edremit,4+1,30.000 TL
Van,İpekyolu / Merkez,3+1,29.250 TL
Van,İpekyolu / Merkez,3+1,30.000 TL
Van,Edremit / Merkez,4+1,50.000 TL
Van,İpekyolu / Merkez,3+1,42.000 TL
Van,Edremit / Merkez,3+1,45.000 TL
Van,Edremit / Merkez,5+1,63.000 TL
Van,İpekyolu / Merkez,6+1,36.000 TL
Van,İpekyolu / Merkez,3+1,42.000 TL
Van,İpekyolu / Merkez,4+1,43.000 TL
Van,İpekyolu / Merkez,3+1,40.000 TL
Van,Edremit,6+1,49.000 TL
Van,İpekyolu / Merkez,4+1,45.000 TL
Van,Tuşba / Merkez,4+1,45.000 TL
Van,Edremit,4+1,50.000 TL
Van,Edremit / Merkez,3+1,55.000 TL
Van,İpekyolu / Merkez,3+1,37.000 TL
Van,İpekyolu / Merkez,4+1,43.000 TL
Van,Edremit / Merkez,4+1,51.000 TL
Van,Edremit,5+1,44.000 TL
Van,Edremit,3+1,45.000 TL
Van,İpekyolu / Merkez,4+1,38.000 TL
Van,Erciş,4+1,65.000 TL
Van,Edremit,3+1,42.000 TL
Van,İpekyolu / Merkez,4+1,37.000 TL
Van,İpekyolu / Merkez,4+2,42.000 TL
Van,Edremit,4+1,52.500 TL
Van,İpekyolu / Merkez,4+1,40.000 TL
Van,İpekyolu / Merkez,4+1,43.500 TL
Van,İpekyolu / Merkez,1+1,480.000 TL
Van,Edremit / Merkez,3+1,40.000 TL
Van,İpekyolu / Merkez,4+1,40.000 TL
Van,İpekyolu / Merkez,4+1,60.000 TL
Van,İpekyolu / Merkez,4+1,40.000 TL
Van,İpekyolu / Merkez,7+1,45.000 TL
Van,İpekyolu / Merkez,4+1,36.500 TL
Van,Edremit,4+1,52.000 TL
Van,İpekyolu / Merkez,6+1,45.000 TL
Van,Edremit / Merkez,4+1,50.000 TL
Van,İpekyolu / Merkez,4+1,40.000 TL
Bitlis,Tatvan,1+1,10.000 TL
Bitlis,Merkez / Bitlis,3+1,12.000 TL
Bitlis,Merkez / Bitlis,2+0,12.000 TL
Bitlis,Tatvan,1+1,8.000 TL
Bitlis,Merkez / Bitlis,1+1,8.500 TL
Bitlis,Merkez / Bitlis,1+1,11.500 TL
Bitlis,Merkez / Bitlis,1+1,10.500 TL
Bitlis,Merkez / Bitlis,2+1,10.000 TL
Bitlis,Ahlat,2+1,3.500 TL
Bitlis,Merkez / Bitlis,1+1,11.000 TL
Bitlis,Tatvan,1+1,12.000 TL
Bitlis,Merkez / Bitlis,1+1,7.000 TL
Bitlis,Merkez / Bitlis,1+1,8.000 TL
Bitlis,Tatvan,1+1,9.000 TL
Bitlis,Merkez / Bitlis,2+1,10.000 TL
Bitlis,Tatvan,2+0,10.500 TL
Bitlis,Tatvan,2+1,8.500 TL
Bitlis,Tatvan,2+1,12.000 TL
Bitlis,Tatvan,1+1,2.000 TL
Bitlis,Merkez / Bitlis,1+1,12.000 TL
Bitlis,Merkez / Bitlis,1+1,8.500 TL
Bitlis,Tatvan,2+1,10.000 TL
Bitlis,Merkez / Bitlis,3+1,11.000 TL
Bitlis,Merkez / Bitlis,2+0,8.750 TL
Bitlis,Merkez / Bitlis,2+1,9.000 TL
Bitlis,Merkez / Bitlis,2+1,12.000 TL
Bitlis,Tatvan,2+1,12.000 TL
Bitlis,Tatvan,1+1,12.000 TL
Bitlis,Merkez / Bitlis,2+1,11.000 TL
Bitlis,Merkez / Bitlis,1+1,12.000 TL
Bitlis,Merkez / Bitlis,2+1,12.000 TL
Bitlis,Tatvan,1+1,10.000 TL
Bitlis,Merkez / Bitlis,1+1,9.000 TL
Bitlis,Merkez / Bitlis,1+1,11.500 TL
Bitlis,Merkez / Bitlis,3+1,12.000 TL
Bitlis,Merkez / Bitlis,2+0,12.000 TL
Bitlis,Tatvan,2+0,8.000 TL
Bitlis,Güroymak,2+1,9.000 TL
Bitlis,Merkez / Bitlis,1+1,12.000 TL
Bitlis,Tatvan,1+1,2.250 TL
Bitlis,Merkez / Bitlis,3+1,8.000 TL
Bitlis,Tatvan,3+1,12.000 TL
Bitlis,Merkez / Bitlis,2+0,12.000 TL
Bitlis,Merkez / Bitlis,2+1,11.000 TL
Bitlis,Merkez / Bitlis,1+1,9.000 TL
Bitlis,Merkez / Bitlis,1+1,9.000 TL
Bitlis,Tatvan,2+0,12.000 TL
Bitlis,Merkez / Bitlis,1+1,11.500 TL
Bitlis,Merkez / Bitlis,1+1,9.500 TL
Bitlis,Merkez / Bitlis,1+1,15.000 TL
Bitlis,Merkez / Bitlis,1+1,14.500 TL
Bitlis,Merkez / Bitlis,3+1,13.000 TL
Bitlis,Merkez / Bitlis,1+1,12.500 TL
Bitlis,Ahlat,2+0,12.500 TL
Bitlis,Tatvan,2+1,15.000 TL
Bitlis,Tatvan,1+1,15.000 TL
Bitlis,Tatvan,1+1,14.500 TL
Bitlis,Merkez / Bitlis,1+1,13.500 TL
Bitlis,Tatvan,Stüdyo (1+0),15.000 TL
Bitlis,Merkez / Bitlis,1+1,15.000 TL
Bitlis,Tatvan,3+1,13.000 TL
Bitlis,Tatvan,2+1,15.000 TL
Bitlis,Merkez / Bitlis,1+1,14.000 TL
Bitlis,Tatvan,1+1,14.500 TL
Bitlis,Merkez / Bitlis,2+1,15.000 TL
Bitlis,Tatvan,2+1,15.000 TL
Bitlis,Tatvan,3+1,13.000 TL
Bitlis,Merkez,1+1,15.000 TL
Bitlis,Merkez / Bitlis,2+1,15.000 TL
Bitlis,Ahlat,2+1,14.000 TL
Bitlis,Merkez / Bitlis,1+1,14.500 TL
Bitlis,Tatvan,2+1,14.000 TL
Bitlis,Tatvan,1+1,15.000 TL
Bitlis,Tatvan,1+1,15.000 TL
Bitlis,Merkez / Bitlis,1+1,15.000 TL
Bitlis,Tatvan,2+1,15.000 TL
Bitlis,Tatvan,1+1,12.500 TL
Bitlis,Tatvan,2+1,15.000 TL
Bitlis,Merkez / Bitlis,2+0,15.000 TL
Bitlis,Merkez / Bitlis,1+1,15.000 TL
Bitlis,Hizan,3+1,12.500 TL
Bitlis,Merkez / Bitlis,Stüdyo (1+0),13.500 TL
Bitlis,Merkez / Bitlis,1+1,13.500 TL
Bitlis,Tatvan,2+0,13.000 TL
Bitlis,Merkez / Bitlis,1+1,15.000 TL
Bitlis,Merkez / Bitlis,1+1,13.000 TL
Bitlis,Merkez / Bitlis,1+1,15.000 TL
Bitlis,Ahlat,2+1,14.800 TL
Bitlis,Merkez / Bitlis,1+1,12.500 TL
Bitlis,Tatvan,3+1,13.000 TL
Bitlis,Merkez / Bitlis,1+1,15.000 TL
Bitlis,Ahlat,3+1,15.000 TL
Bitlis,Merkez / Bitlis,1+1,13.500 TL
Bitlis,Merkez / Bitlis,1+1,13.250 TL
Bitlis,Merkez / Bitlis,1+1,13.000 TL
Bitlis,Ahlat,3+1,15.000 TL
Bitlis,Merkez / Bitlis,3+1,15.000 TL
Bitlis,Merkez / Bitlis,3+1,15.000 TL
Bitlis,Tatvan,1+1,15.000 TL
Bitlis,Tatvan,1+1,14.000 TL
Bitlis,Tatvan,1+1,13.000 TL
Bitlis,Ahlat,3+1,15.000 TL
Bitlis,Merkez / Bitlis,1+1,13.000 TL
Bitlis,Ahlat,2+1,13.000 TL
Bitlis,Merkez / Bitlis,1+1,13.500 TL
Bitlis,Merkez / Bitlis,1+1,13.000 TL
Bitlis,Merkez / Bitlis,2+1,14.000 TL
Bitlis,Tatvan,1+1,12.500 TL
Bitlis,Ahlat,2+1,15.000 TL
Bitlis,Merkez / Bitlis,3+1,15.000 TL
Bitlis,Tatvan,1+1,12.500 TL
Bitlis,Merkez / Bitlis,1+1,13.400 TL
Bitlis,Merkez / Bitlis,1+1,12.500 TL
Bitlis,Merkez / Bitlis,2+1,14.000 TL
Bitlis,Merkez / Bitlis,2+0,13.000 TL
Bitlis,Merkez / Bitlis,2+1,13.000 TL
Bitlis,Merkez / Bitlis,1+1,15.000 TL
Bitlis,Tatvan,2+1,18.000 TL
Bitlis,Tatvan,1+1,16.000 TL
Bitlis,Tatvan,2+1,17.000 TL
Bitlis,Tatvan,1+1,16.000 TL
Bitlis,Tatvan,2+0,17.000 TL
Bitlis,Tatvan,1+1,17.500 TL
Bitlis,Tatvan,1+1,17.500 TL
Bitlis,Tatvan,2+1,16.000 TL
Bitlis,Tatvan,1+1,17.000 TL
Bitlis,Ahlat,3+1,17.000 TL
Bitlis,Ahlat,2+1,16.500 TL
Bitlis,Tatvan,3+1,17.000 TL
Bitlis,Merkez / Bitlis,2+0,17.500 TL
Bitlis,Ahlat,3+1,17.000 TL
Bitlis,Tatvan,1+1,17.000 TL
Bitlis,Ahlat,3+1,16.000 TL
Bitlis,Tatvan,1+1,18.000 TL
Bitlis,Tatvan,1+1,17.000 TL
Bitlis,Tatvan,1+1,17.000 TL
Bitlis,Tatvan,2+1,16.000 TL
Bitlis,Adilcevaz,2+1,17.000 TL
Bitlis,Tatvan,1+1,17.000 TL
Bitlis,Merkez / Bitlis,1+1,15.500 TL
Bitlis,Tatvan,3+1,16.000 TL
Bitlis,Tatvan,3+1,18.000 TL
Bitlis,Tatvan,1+1,17.000 TL
Bitlis,Tatvan,2+0,16.000 TL
Bitlis,Merkez / Bitlis,3+1,18.000 TL
Bitlis,Tatvan,4+1,18.000 TL
Bitlis,Tatvan,3+1,17.000 TL
Bitlis,Tatvan,1+1,17.000 TL
Bitlis,Adilcevaz,3+1,16.000 TL
Bitlis,Tatvan,2+1,18.000 TL
Bitlis,Ahlat,3+1,18.000 TL
Bitlis,Ahlat,3+1,17.500 TL
Bitlis,Tatvan,2+1,18.000 TL
Bitlis,Tatvan,2+1,17.500 TL
Bitlis,Tatvan,1+1,16.000 TL
Bitlis,Merkez / Bitlis,2+1,17.000 TL
Bitlis,Merkez / Bitlis,3+1,17.000 TL
Bitlis,Merkez / Bitlis,1+1,15.500 TL
Bitlis,Tatvan,1+1,16.000 TL
Bitlis,Tatvan,3+1,16.000 TL
Bitlis,Tatvan,3+1,16.000 TL
Bitlis,Tatvan,2+0,16.000 TL
Bitlis,Ahlat,1+1,16.000 TL
Bitlis,Ahlat,3+1,18.000 TL
Bitlis,Ahlat,3+1,16.000 TL
Bitlis,Tatvan,3+0,18.000 TL
Bitlis,Merkez / Bitlis,3+1,16.000 TL
Bitlis,Tatvan,2+1,18.000 TL
Bitlis,Ahlat,3+1,16.000 TL
Bitlis,Tatvan,3+1,18.000 TL
Bitlis,Tatvan,2+1,18.000 TL
Bitlis,Ahlat,2+1,18.000 TL
Bitlis,Merkez / Bitlis,3+1,17.000 TL
Bitlis,Tatvan,2+0,18.000 TL
Bitlis,Merkez / Bitlis,2+1,18.000 TL
Bitlis,Tatvan,1+1,16.000 TL
Bitlis,Merkez,2+1,20.000 TL
Bitlis,Tatvan,3+1,19.000 TL
Bitlis,Merkez / Bitlis,3+1,21.000 TL
Bitlis,Merkez / Bitlis,3+1,18.500 TL
Bitlis,Ahlat,3+1,21.000 TL
Bitlis,Merkez / Bitlis,1+1,21.000 TL
Bitlis,Adilcevaz,2+1,22.000 TL
Bitlis,Merkez,3+1,20.000 TL
Bitlis,Tatvan,3+1,20.000 TL
Bitlis,Tatvan,3+1,21.500 TL
Bitlis,Tatvan,2+1,20.000 TL
Bitlis,Ahlat,1+1,20.000 TL
Bitlis,Tatvan,2+1,20.000 TL
Bitlis,Ahlat,3+1,20.000 TL
Bitlis,Tatvan,3+1,19.500 TL
Bitlis,Tatvan,2+1,20.000 TL
Bitlis,Tatvan,3+1,20.000 TL
Bitlis,Ahlat,2+1,20.000 TL
Bitlis,Tatvan,3+1,18.500 TL
Bitlis,Merkez / Bitlis,3+1,20.000 TL
Bitlis,Tatvan,4+1,19.000 TL
Bitlis,Tatvan,2+1,21.000 TL
Bitlis,Tatvan,3+1,19.750 TL
Bitlis,Tatvan,3+1,22.000 TL
Bitlis,Tatvan,4+1,25.000 TL
Bitlis,Merkez / Bitlis,3+1,24.000 TL
Bitlis,Tatvan,3+1,23.500 TL
Bitlis,Ahlat,3+1,23.500 TL
Bitlis,Tatvan,3+1,25.000 TL
Bitlis,Tatvan,3+1,35.000 TL
Bitlis,Adana / Seyhan,5+1,1.100.000 TL
Bitlis,Balıkesir / Bandırma,4+2,52.000 TL
Bitlis,Ankara / Yenimahalle,3+1,45.000 TL
Bitlis,İstanbul / Küçükçekmece,3+1,65.000 TL
Bitlis,İstanbul / Ümraniye,3+1,52.500 TL
Bitlis,İstanbul / Üsküdar,3+1,36.000 TL
Bitlis,Adana / Çukurova,4+1,640.000 TL
Bitlis,İstanbul / Ataşehir,3+1,65.000 TL
Bitlis,İstanbul / Kağıthane,2+1,65.000 TL
Bitlis,Tekirdağ / Çorlu,3+1,45.000 TL
Mus,Malazgirt,2+1,11.000 TL
Mus,Merkez / İstasyon,1+1,10.000 TL
Mus,Merkez / Zafer,1+1,10.000 TL
Mus,Merkez / İstasyon,1+1,9.000 TL
Mus,Merkez / İstasyon,1+1,12.000 TL
Mus,Varto,2+1,10.000 TL
Mus,Merkez / İstasyon,1+1,8.500 TL
Mus,Merkez / Zafer,1+1,12.000 TL
Mus,Merkez,1+1,10.000 TL
Mus,Hasköy,1+1,7.500 TL
Mus,Merkez / İstasyon,3+0,12.000 TL
Mus,Merkez / İstasyon,1+1,12.000 TL
Mus,Merkez / Zafer,1+1,11.000 TL
Mus,Merkez / İstasyon,1+1,12.000 TL
Mus,Merkez / İstasyon,1+1,12.000 TL
Mus,Merkez / İstasyon,1+1,11.000 TL
Mus,Merkez,1+1,11.000 TL
Mus,Merkez / İstasyon,1+1,8.000 TL
Mus,Merkez / Zafer,1+1,10.000 TL
Mus,Varto,1+1,9.000 TL
Mus,Merkez,1+1,11.000 TL
Mus,Merkez,1+1,11.000 TL
Mus,Merkez,2+1,8.500 TL
Mus,Merkez / İstasyon,1+1,11.000 TL
Mus,Hasköy,1+1,6.500 TL
Mus,Merkez / Zafer,1+1,12.000 TL
Mus,Varto,1+1,12.000 TL
Mus,Merkez / İstasyon,1+1,11.000 TL
Mus,Merkez / İstasyon,1+1,9.000 TL
Mus,Merkez / Zafer,1+1,12.000 TL
Mus,Merkez / Zafer,1+1,10.000 TL
Mus,Merkez,1+1,9.500 TL
Mus,Bulanık,2+1,12.000 TL
Mus,Merkez / İstasyon,1+1,10.500 TL
Mus,Merkez / İstasyon,2+1,10.000 TL
Mus,Merkez,1+1,10.000 TL
Mus,Merkez / İstasyon,3+1,12.000 TL
Mus,Merkez / İstasyon,1+1,12.000 TL
Mus,Merkez / İstasyon,1+1,8.500 TL
Mus,Merkez / İstasyon,1+1,10.000 TL
Mus,Merkez,1+1,12.000 TL
Mus,Bulanık,2+1,7.000 TL
Mus,Merkez / İstasyon,Stüdyo (1+0),8.000 TL
Mus,Merkez / Zafer,1+1,10.000 TL
Mus,Merkez / Zafer,1+1,9.000 TL
Mus,Merkez / İstasyon,1+1,10.000 TL
Mus,Merkez,1+1,9.500 TL
Mus,Merkez / İstasyon,1+1,12.500 TL
Mus,Merkez / Zafer,1+1,12.500 TL
Mus,Merkez / İstasyon,1+1,13.000 TL
Mus,Merkez / Zafer,1+1,12.800 TL
Mus,Merkez / Köyler,2+1,14.000 TL
Mus,Merkez,1+1,12.500 TL
Mus,Merkez / İstasyon,1+1,12.750 TL
Mus,Merkez / İstasyon,1+1,13.500 TL
Mus,Merkez / İstasyon,1+1,13.500 TL
Mus,Bulanık,2+1,15.000 TL
Mus,Merkez,2+1,15.000 TL
Mus,Bulanık,2+1,15.000 TL
Mus,Merkez / İstasyon,3+1,13.500 TL
Mus,Merkez / Köyler,2+1,15.000 TL
Mus,Merkez,3+1,14.500 TL
Mus,Merkez / İstasyon,1+1,15.000 TL
Mus,Merkez / Zafer,1+1,14.000 TL
Mus,Merkez / İstasyon,2+0,14.000 TL
Mus,Merkez / Zafer,1+1,14.500 TL
Mus,Merkez,3+1,14.500 TL
Mus,Bulanık,1+1,13.000 TL
Mus,Merkez / İstasyon,1+1,15.000 TL
Mus,Merkez / İstasyon,1+1,13.500 TL
Mus,Merkez / Zafer,1+1,15.000 TL
Mus,Merkez / Zafer,1+1,12.500 TL
Mus,Bulanık,2+1,13.000 TL
Mus,Merkez / İstasyon,1+1,14.000 TL
Mus,Merkez / İstasyon,1+1,13.750 TL
Mus,Merkez / Zafer,2+1,15.000 TL
Mus,Merkez / İstasyon,2+0,15.000 TL
Mus,Merkez,3+1,14.000 TL
Mus,Merkez / İstasyon,2+1,15.000 TL
Mus,Merkez,3+1,12.500 TL
Mus,Merkez / İstasyon,1+1,13.000 TL
Mus,Merkez / İstasyon,1+1,17.000 TL
Mus,Merkez / Zafer,3+1,17.000 TL
Mus,Merkez,1+1,16.000 TL
Mus,Merkez / İstasyon,3+1,16.000 TL
Mus,Merkez / İstasyon,2+0,18.000 TL
Mus,Merkez / Zafer,2+1,18.000 TL
Mus,Merkez / İstasyon,2+1,16.000 TL
Mus,Merkez,3+1,17.500 TL
Mus,Merkez,3+1,21.000 TL
Mus,Merkez / İstasyon,2+1,20.000 TL
Mus,Merkez,3+1,21.500 TL
Mus,Merkez / İstasyon,2+1,18.500 TL
Mus,Merkez,2+1,19.000 TL
Mus,Merkez / İstasyon,3+1,22.000 TL
Mus,Merkez / İstasyon,2+1,21.000 TL
Mus,Merkez,2+1,19.000 TL
Mus,Merkez / İstasyon,2+1,20.000 TL
Mus,Merkez / Zafer,3+1,22.000 TL
Mus,Ankara / Sincan,3+1,23.000 TL
Mus,Balıkesir / Bandırma,3+1,28.000 TL
Mus,Samsun / Atakum,3+1,26.000 TL
Mus,Tekirdağ / Çerkezköy,2+1,25.000 TL
Mus,İzmir / Buca,3+1,25.000 TL
Mus,Ankara / Sincan,3+1,28.000 TL
Mus,Balıkesir / Bandırma,1+1,25.500 TL
Mus,Ankara / Gölbaşı,1+1,25.000 TL
Mus,Ankara / Gölbaşı,1+1,23.500 TL
Mus,İstanbul / Tuzla,2+1,25.000 TL
Mus,İzmir / Urla,2+1,30.000 TL
Mus,İstanbul / Maltepe,1+1,33.000 TL
Mus,İstanbul / Maltepe,2+1,30.500 TL
Mus,Antalya / Kepez,3+1,32.000 TL
Mus,Muğla / Fethiye,3+1,33.000 TL
Mus,İstanbul / Ümraniye,2+1,30.750 TL
Mus,Ankara / Keçiören,5+1,29.750 TL
Mus,İstanbul / Kağıthane,2+1,30.000 TL
Mus,Samsun / Atakum,3+1,35.000 TL
Mus,Bartın / Merkez,3+1,31.500 TL
Mus,İstanbul / Sarıyer,3+1,65.000 TL
Mus,İstanbul / Tuzla,3+1,36.000 TL
Mus,İzmir / Konak,3+1,50.000 TL
Mus,İstanbul / Beşiktaş,2+1,90.000 TL
Mus,İstanbul / Ümraniye,3+2,46.000 TL
Mus,İzmir / Güzelbahçe,3+1,65.000 TL
Mus,İstanbul / Çekmeköy,3+1,85.000 TL
Mus,İstanbul / Esenyurt,8+2,105.000 TL
Mus,İstanbul / Kağıthane,2+1,82.900 TL
Mus,İstanbul / Çekmeköy,2+1,58.000 TL
Hakkari,Yüksekova,2+1,11.000 TL
Hakkari,Merkez / Hakkari,2+1,13.000 TL
Hakkari,Yüksekova,2+1,17.000 TL
Hakkari,Yüksekova,1+1,18.000 TL
Hakkari,Merkez / Hakkari,2+1,16.500 TL
Hakkari,Merkez / Hakkari,3+1,20.000 TL
Hakkari,Ankara / Pursaklar,3+1,23.000 TL
Hakkari,Kahramanmaraş / Onikişubat,3+1,23.500 TL
Hakkari,Mardin / Artuklu,4+1,24.500 TL
Hakkari,Zonguldak / Merkez,2+1,25.000 TL
Hakkari,Ankara / Sincan,3+1,23.000 TL
Hakkari,Tekirdağ / Çerkezköy,3+1,23.000 TL
Hakkari,Ankara / Mamak,3+1,27.500 TL
Hakkari,Mersin / Mezitli,2+1,24.000 TL
Hakkari,Ankara / Çubuk,3+1,25.000 TL
Hakkari,İstanbul / Tuzla,2+1,25.500 TL
Hakkari,İstanbul / Eyüpsultan,4+1,33.000 TL
Hakkari,Diyarbakır / Kayapınar,3+1,34.000 TL
Hakkari,Antalya / Manavgat,2+1,30.000 TL
Hakkari,Aydın / Kuşadası,1+1,30.000 TL
Hakkari,İstanbul / Kadıköy,1+1,30.000 TL
Hakkari,Balıkesir / Edremit,3+1,32.000 TL
Hakkari,İzmir / Bornova,2+1,29.000 TL
Hakkari,Antalya / Muratpaşa,1+1,30.000 TL
Hakkari,Sivas / Merkez,1+1,28.500 TL
Hakkari,İstanbul / Ataşehir,1+1,35.000 TL
Hakkari,Antalya / Muratpaşa,1+1,40.000 TL
Hakkari,İstanbul / Pendik,3+1,40.000 TL
Hakkari,Adana / Seyhan,2+1,42.000 TL
Hakkari,Ankara / Çankaya,2+1,52.000 TL
Hakkari,İstanbul / Büyükçekmece,3+1,56.000 TL
Hakkari,İstanbul / Bağcılar,3.5+1,70.000 TL
Hakkari,Balıkesir / Bandırma,4+2,52.000 TL
Hakkari,İstanbul / Sarıyer,6+1,240.000 TL
Hakkari,İstanbul / Ataşehir,3+1,36.500 TL
Hakkari,Kahramanmaraş / Dulkadiroğlu,6+2,50.000 TL
