kategori,isim,fiyat,link
Kadın Giyim,Oversize Fit Düğmeli Astarsız  Kadın Ecru Denim Ceket,1899.9,https://www.colins.com.tr/p/oversize-fit-dugmeli-astarsiz-kadin-ecru-denim-ceket-48809
Kadın Giyim,Regular Fit Düğmeli Astarsız  Kadın Mid İndigo Denim Ceket,2499.9,https://www.colins.com.tr/p/regular-fit-dugmeli-astarsiz-kadin-mid-indigo-denim-ceket-48225
Kadın Giyim,Regular Fit Fermuarlı Astarsız  Kadın Bleach İndigo Denim Ceket,2499.9,https://www.colins.com.tr/p/regular-fit-fermuarli-astarsiz-kadin-bleach-indigo-denim-ceket-48228
Kadın Giyim,Regular Fit Gömlek Yaka Düğmeli Bej Kadın Ceket,1699.9,https://www.colins.com.tr/p/undefinedname-48579
Kadın Giyim,Regular Fit Düğmeli Astarsız  Kadın Mid İndigo Denim Ceket,1899.9,https://www.colins.com.tr/p/regular-fit-dugmeli-astarsiz-kadin-mid-indigo-denim-ceket-48829
Kadın Giyim,Oversize Fit Düğmeli Astarsız  Kadın Light İndigo Denim Ceket,1899.9,https://www.colins.com.tr/p/oversize-fit-dugmeli-astarsiz-kadin-light-indigo-denim-ceket-48810
Kadın Giyim,Slim Fit     Kadın Light İndigo Denim Yelek,1599.9,https://www.colins.com.tr/p/slim-fit-kadin-light-indigo-denim-yelek-49361
Kadın Giyim,Slim Fit     Kadın Stripe Denim Yelek,1599.9,https://www.colins.com.tr/p/slim-fit-kadin-stripe-denim-yelek-49362
Kadın Giyim,Regular Fit     Kadın Mid İndigo Denim Yelek,1499.9,https://www.colins.com.tr/p/regular-fit-kadin-mid-indigo-denim-yelek-48812
Kadın Giyim,Loose Fit   Kadın Stripe Denim Jean Pantolon,1799.9,https://www.colins.com.tr/p/loose-fit-kadin-stripe-denim-jean-pantolon-48217
Kadın Giyim,Regular Fit   Kadın Grey Denim Jean Pantolon,1499.9,https://www.colins.com.tr/p/regular-fit-kadin-grey-denim-jean-pantolon-48858
Kadın Giyim,Regular Fit Düşük Bel Düz Paça Kadın Siyah  Pantolon,1099.9,https://www.colins.com.tr/p/regular-fit-dusuk-bel-duz-paca-kadin-siyah-pantolon-42072
Kadın Giyim,Regular Fit Yüksel Bel Düz Paça Kadın Bej  Pantolon,1399.9,https://www.colins.com.tr/p/regular-fit-yuksel-bel-duz-paca-kadin-bej-pantolon-48312
Kadın Giyim,Regular Fit Yüksel Bel Düz Paça Kadın Kahverengi  Pantolon,1399.9,https://www.colins.com.tr/p/regular-fit-yuksel-bel-duz-paca-kadin-kahverengi-pantolon-48315
Kadın Giyim,Regular Fit Yüksel Bel Geniş Paça Kadın Bej  Pantolon,1199.9,https://www.colins.com.tr/p/regular-fit-yuksel-bel-genis-paca-kadin-bej-pantolon-48316
Kadın Giyim,Regular Fit Yüksel Bel Geniş Paça Kadın Beyaz  Pantolon,1699.9,https://www.colins.com.tr/p/regular-fit-yuksel-bel-genis-paca-kadin-beyaz-pantolon-48490
Kadın Giyim,Regular Fit Yüksel Bel Geniş Paça Kadın Ekru  Pantolon,1199.9,https://www.colins.com.tr/p/regular-fit-yuksel-bel-genis-paca-kadin-ekru-pantolon-48491
Kadın Giyim,Regular Fit Yüksel Bel Geniş Paça Kadın Ekru  Pantolon,1399.9,https://www.colins.com.tr/p/regular-fit-yuksel-bel-genis-paca-kadin-ekru-pantolon-48492
Kadın Giyim,Regular Fit Yüksel Bel Geniş Paça Kadın İndigo  Pantolon,1199.9,https://www.colins.com.tr/p/regular-fit-yuksel-bel-genis-paca-kadin-indigo-pantolon-48318
Kadın Giyim,Regular Fit Yüksel Bel Geniş Paça Kadın Lacivert  Pantolon,1199.9,https://www.colins.com.tr/p/regular-fit-yuksel-bel-genis-paca-kadin-lacivert-pantolon-48319
Kadın Giyim,Regular Fit Yüksel Bel Geniş Paça Kadın Siyah  Pantolon,1199.9,https://www.colins.com.tr/p/regular-fit-yuksel-bel-genis-paca-kadin-siyah-pantolon-48322
Kadın Giyim,Regular Fit Yüksel Bel Geniş Paça Kadın Yeşil  Pantolon,1199.9,https://www.colins.com.tr/p/regular-fit-yuksel-bel-genis-paca-kadin-yesil-pantolon-48323
Kadın Giyim,Regular Fit Yüksel Bel Geniş Paça Kadın Yeşil  Pantolon,1199.9,https://www.colins.com.tr/p/regular-fit-yuksel-bel-genis-paca-kadin-yesil-pantolon-48324
Kadın Giyim,Regular Fit Yüksel Bel Geniş Paça Kadın Yeşil  Pantolon,1399.9,https://www.colins.com.tr/p/regular-fit-yuksel-bel-genis-paca-kadin-yesil-pantolon-48494
Kadın Giyim,Regular Fit Yüksel Bel Geniş Paça Kadın Yeşil  Pantolon,1199.9,https://www.colins.com.tr/p/regular-fit-yuksel-bel-genis-paca-kadin-yesil-pantolon-48495
Kadın Giyim,Skinny Fit   Kadın Dark İndigo Denim Jean Pantolon,1699.9,https://www.colins.com.tr/p/skinny-fit-kadin-dark-indigo-denim-jean-pantolon-48834
Kadın Giyim,Slim Fit   Kadın Mid İndigo Denim Jean Pantolon,1699.9,https://www.colins.com.tr/p/slim-fit-kadin-mid-indigo-denim-jean-pantolon-49440
Kadın Giyim,Slim Fit Orta Bel Düz Paça Kadın Mid İndigo Denim Jean Pantolon,1699.9,https://www.colins.com.tr/p/slim-fit-orta-bel-duz-paca-kadin-mid-indigo-denim-jean-pantolon-48771
Kadın Giyim,Straıght Fıt Düşük Bel Geniş Paça Kadın Bej  Pantolon,1199.9,https://www.colins.com.tr/p/straight-fit-dusuk-bel-genis-paca-kadin-bej-pantolon-45019
Kadın Giyim,Straıght Fıt Düşük Bel Geniş Paça Kadın Mavi  Pantolon,1199.9,https://www.colins.com.tr/p/straight-fit-dusuk-bel-genis-paca-kadin-mavi-pantolon-45028
Kadın Giyim,Straight Fit   Kadın Mid İndigo Denim Jean Pantolon,1799.9,https://www.colins.com.tr/p/straight-fit-kadin-mid-indigo-denim-jean-pantolon-49448
Kadın Giyim,Loose Fit   Kadın Light İndigo Denim Jean Pantolon,1799.9,https://www.colins.com.tr/p/loose-fit-kadin-light-indigo-denim-jean-pantolon-49402
Kadın Giyim,Loose Fit   Kadın Mid İndigo Denim Jean Pantolon,1699.9,https://www.colins.com.tr/p/loose-fit-kadin-mid-indigo-denim-jean-pantolon-48808
Kadın Giyim,Regular Fit   Kadın Açik İndigo Jean Pantolon,1799.9,https://www.colins.com.tr/p/regular-fit-kadin-acik-indigo-jean-pantolon-48080
Kadın Giyim,Regular Fit   Kadın Anthracite Denim Jean Pantolon,1499.9,https://www.colins.com.tr/p/regular-fit-kadin-anthracite-denim-jean-pantolon-48815
Kadın Giyim,Regular Fit   Kadın Light İndigo Denim Jean Pantolon,1499.9,https://www.colins.com.tr/p/regular-fit-kadin-light-indigo-denim-jean-pantolon-48758
Kadın Giyim,Regular Fit   Kadın Light İndigo Denim Jean Pantolon,1499.9,https://www.colins.com.tr/p/regular-fit-kadin-light-indigo-denim-jean-pantolon-48826
Kadın Giyim,Regular Fit   Kadın Light İndigo Denim Jean Pantolon,1699.9,https://www.colins.com.tr/p/regular-fit-kadin-light-indigo-denim-jean-pantolon-49421
Kadın Giyim,Regular Fit   Kadın Mid İndigo Denim Jean Pantolon,1499.9,https://www.colins.com.tr/p/regular-fit-kadin-mid-indigo-denim-jean-pantolon-48759
Kadın Giyim,Regular Fit   Kadın Over Dyed Denim Jean Pantolon,1899.9,https://www.colins.com.tr/p/regular-fit-kadin-over-dyed-denim-jean-pantolon-48860
Kadın Giyim,Regular Fit Orta Bel Bootcut Kadın Grey Denim Jean Pantolon,1799.9,https://www.colins.com.tr/p/regular-fit-orta-bel-bootcut-kadin-grey-denim-jean-pantolon-48831
Kadın Giyim,Regular Fit   Kadın Light İndigo Denim Jean Pantolon,1799.9,https://www.colins.com.tr/p/regular-fit-kadin-light-indigo-denim-jean-pantolon-49420
Kadın Giyim,Skinny Fit   Kadın Lacivert Jean Pantolon,1199.9,https://www.colins.com.tr/p/skinny-fit-yuksel-bel-dar-paca-kadin-lacivert-jean-pantolon-47084
Kadın Giyim,Regular Fit   Kadın Black Black Denim Jean Pantolon,1499.9,https://www.colins.com.tr/p/regular-fit-kadin-black-black-denim-jean-pantolon-48817
Kadın Giyim,Regular Fit   Kadın Grey Denim Jean Pantolon,1499.9,https://www.colins.com.tr/p/regular-fit-kadin-grey-denim-jean-pantolon-48823
Kadın Giyim,Regular Fit   Kadın Light İndigo Denim Jean Pantolon,1699.9,https://www.colins.com.tr/p/regular-fit-kadin-light-indigo-denim-jean-pantolon-48825
Kadın Giyim,Regular Fit Yüksel Bel Düz Paça Astarsız Kadın Bej Pantolon,1099.9,https://www.colins.com.tr/p/regular-fit-yuksel-bel-duz-paca-astarsiz-kadin-bej-pantolon-45018
Kadın Giyim,Regular Fit Yüksel Bel Düz Paça Kadın Kahverengi  Pantolon,1099.9,https://www.colins.com.tr/p/regular-fit-yuksel-bel-duz-paca-kadin-kahverengi-pantolon-48897
Kadın Giyim,Regular Fit Yüksel Bel Düz Paça Kadın Lacivert  Pantolon,1099.9,https://www.colins.com.tr/p/regular-fit-yuksel-bel-duz-paca-kadin-lacivert-pantolon-48898
Kadın Giyim,Regular Fit Yüksel Bel Düz Paça Kadın Siyah  Pantolon,1099.9,https://www.colins.com.tr/p/regular-fit-yuksel-bel-duz-paca-kadin-siyah-pantolon-48899
Kadın Giyim,Regular Fit Yüksel Bel Geniş Paça Kadın Beyaz  Pantolon,1099.9,https://www.colins.com.tr/p/regular-fit-yuksel-bel-genis-paca-kadin-beyaz-pantolon-48317
Kadın Giyim,Regular Fit Yüksel Bel Geniş Paça Kadın Lacivert  Pantolon,1099.9,https://www.colins.com.tr/p/regular-fit-yuksel-bel-genis-paca-kadin-lacivert-pantolon-48320
Kadın Giyim,Regular Fit Yüksel Bel Geniş Paça Kadın Siyah  Pantolon,1099.9,https://www.colins.com.tr/p/regular-fit-yuksel-bel-genis-paca-kadin-siyah-pantolon-48321
Kadın Giyim,Straıght Fıt Düşük Bel Düz Paça Kadın Siyah  Pantolon,1099.9,https://www.colins.com.tr/p/regular-fit-yuksel-bel-duz-paca-kadin-siyah-pantolon-45023
Kadın Giyim,Regular Fit   Kadın Mid İndigo Denim Jean Pantolon,1799.9,https://www.colins.com.tr/p/regular-fit-kadin-mid-indigo-denim-jean-pantolon-48859
Kadın Giyim,Regular Fit   Kadın Green Cast Denim Jean Pantolon,1899.9,https://www.colins.com.tr/p/regular-fit-kadin-green-cast-denim-jean-pantolon-48821
Kadın Giyim,Regular Fit   Kadın Anthracite Denim Jean Pantolon,1499.9,https://www.colins.com.tr/p/regular-fit-kadin-anthracite-denim-jean-pantolon-48814
Kadın Giyim,Regular Fit   Kadın Mid İndigo Denim Jean Pantolon,1499.9,https://www.colins.com.tr/p/regular-fit-kadin-mid-indigo-denim-jean-pantolon-48827
Kadın Giyim,Regular Fit   Kadın İndigo Jean Pantolon,1199.9,https://www.colins.com.tr/p/regular-fit-kadin-mavi-jean-pantolon-47102
Kadın Giyim,Regular Fit Orta Bel Bootcut Kadın Lacivert Jean Pantolon,1199.9,https://www.colins.com.tr/p/regular-fit-orta-bel-bootcut-kadin-lacivert-jean-pantolon-47083
Kadın Giyim,Regular Fit Orta Bel Bootcut Kadın Over Dyed Denim Jean Pantolon,1799.9,https://www.colins.com.tr/p/regular-fit-orta-bel-bootcut-kadin-over-dyed-denim-jean-pantolon-48862
Kadın Giyim,Regular Fit Yüksel Bel Geniş Paça Kadın Antrasit  Pantolon,1399.9,https://www.colins.com.tr/p/regular-fit-yuksel-bel-genis-paca-kadin-antrasit-pantolon-48489
Kadın Giyim,Slim Fit   Kadın Light İndigo Denim Jean Pantolon,2799.9,https://www.colins.com.tr/p/slim-fit-kadin-light-indigo-denim-jean-pantolon-49363
Kadın Giyim,Straight Fit   Kadın Black Denim Jean Pantolon,1299.9,https://www.colins.com.tr/p/straight-fit-kadin-black-denim-jean-pantolon-48889
Kadın Giyim,Regular Fit   Kadın Black Black Denim Jean Pantolon,1399.9,https://www.colins.com.tr/p/regular-fit-kadin-black-black-denim-jean-pantolon-48816
Kadın Giyim,Regular Fit   Kadın Gri Jean Pantolon,1499.9,https://www.colins.com.tr/p/regular-fit-kadin-gri-jean-pantolon-47545
Kadın Giyim,Baggy Fit   Kadın Light İndigo Denim Jean Pantolon,1799.9,https://www.colins.com.tr/p/baggy-fit-kadin-light-indigo-denim-jean-pantolon-48694
Kadın Giyim,Regular Fit   Kadın İndigo Jean Pantolon,1199.9,https://www.colins.com.tr/p/regular-fit-kadin-mavi-jean-pantolon-47104
Kadın Giyim,Regular Fit Yüksel Bel Düz Paça Kadın Kahverengi  Pantolon,1099.9,https://www.colins.com.tr/p/regular-fit-yuksel-bel-duz-paca-kadin-kahverengi-pantolon-48314
Kadın Giyim,Straight Fit   Kadın Colour Denim Jean Pantolon,1699.9,https://www.colins.com.tr/p/straight-fit-kadin-colour-denim-jean-pantolon-48774
Kadın Giyim,Loose Fit   Kadın Green Cast Denim Jean Pantolon,1899.9,https://www.colins.com.tr/p/loose-fit-kadin-green-cast-denim-jean-pantolon-48807
Kadın Giyim,Slim Fit   Kadın Mid İndigo Denim Jean Pantolon,1699.9,https://www.colins.com.tr/p/slim-fit-kadin-mid-indigo-denim-jean-pantolon-48770
Kadın Giyim,Straight Fit   Kadın Light İndigo Denim Jean Pantolon,1299.9,https://www.colins.com.tr/p/straight-fit-kadin-light-indigo-denim-jean-pantolon-48236
Kadın Giyim,Baggy Fıt Orta Bel Daralan Paça Kadın Light İndigo Denim Jean Pantolon,1799.9,https://www.colins.com.tr/p/baggy-fit-orta-bel-daralan-paca-kadin-light-indigo-denim-jean-pantolon-48696
Kadın Giyim,Baggy Fit Orta Bel Daralan Paça Kadın Dark İndigo Denim Jean Pantolon,1799.9,https://www.colins.com.tr/p/baggy-fit-orta-bel-daralan-paca-kadin-dark-indigo-denim-jean-pantolon-48695
Kadın Giyim,Mom Fit   Kadın Mid İndigo Denim Jean Pantolon,1699.9,https://www.colins.com.tr/p/mom-fit-kadin-mid-indigo-denim-jean-pantolon-48755
Kadın Giyim,Straight Fit   Kadın Dark İndigo Denim Jean Pantolon,1799.9,https://www.colins.com.tr/p/straight-fit-kadin-dark-indigo-denim-jean-pantolon-48837
Kadın Giyim,Straight Fit   Kadın Mid İndigo Denim Jean Pantolon,1299.9,https://www.colins.com.tr/p/straight-fit-kadin-mid-indigo-denim-jean-pantolon-48890
Kadın Giyim,Regular Fit Yüksek Bel Geniş Paça Kadın İndigo Jean Pantolon,1299.9,https://www.colins.com.tr/p/regular-fit-yuksek-bel-genis-paca-kadin-indigo-jean-pantolon-46289
Kadın Giyim,Slim Fit  Dar Paça Kadın İndigo Jean Pantolon,1199.9,https://www.colins.com.tr/p/slim-fit-dar-paca-kadin-mavi-jean-pantolon-47103
Kadın Giyim,Straight Fit   Kadın Grey Denim Jean Pantolon,1699.9,https://www.colins.com.tr/p/straight-fit-kadin-grey-denim-jean-pantolon-48775
Kadın Giyim,Regular Fit   Kadın Light İndigo Denim Jean Pantolon,1699.9,https://www.colins.com.tr/p/regular-fit-kadin-light-indigo-denim-jean-pantolon-48757
Kadın Giyim,Regular Fit   Kadın İndigo Jean Pantolon,1299.9,https://www.colins.com.tr/p/regular-fit-kadin-indigo-jean-pantolon-46287
Kadın Giyim,Super Slim Fit Yüksek Bel Dar Paça Kadın Siyah Jean Pantolon,1299.9,https://www.colins.com.tr/p/super-slim-fit-yuksek-bel-dar-paca-kadin-siyah-jean-pantolon-26743
Kadın Giyim,Regular Fit   Kadın Colour Denim Jean Pantolon,1699.9,https://www.colins.com.tr/p/regular-fit-kadin-colour-denim-jean-pantolon-48818
Kadın Giyim,Regular Fit   Kadın Siyah Jean Pantolon,1799.9,https://www.colins.com.tr/p/regular-fit-kadin-siyah-jean-pantolon-48084
Kadın Giyim,Slim Fit Orta Bel Düz Paça Kadın Siyah Denim Jean Pantolon,1299.9,https://www.colins.com.tr/p/slim-fit-orta-bel-duz-paca-kadin-siyah-denim-jean-pantolon-43917
Kadın Giyim,Regular Fit   Kadın Mid İndigo Denim Jean Pantolon,1799.9,https://www.colins.com.tr/p/regular-fit-kadin-mid-indigo-denim-jean-pantolon-48224
Kadın Giyim,Regular Fit Orta Bel Bootcut Kadın İndigo Denim Jean Pantolon,1199.9,https://www.colins.com.tr/p/regular-fit-orta-bel-bootcut-kadin-indigo-denim-jean-pantolon-43919
Kadın Giyim,Regular Fit Yüksel Bel Geniş Paça Cepli Kadın Black Black Denim Jean Pantolon,1199.9,https://www.colins.com.tr/p/regular-fit-yuksel-bel-genis-paca-cepli-kadin-black-black-denim-jean-pantolon-36676
Kadın Giyim,Regular Fit   Kadın Koyu İndigo Jean Pantolon,1799.9,https://www.colins.com.tr/p/regular-fit-kadin-koyu-indigo-jean-pantolon-48082
Kadın Giyim,Boyfriend Fit Shirt Neck Çizgili Kadın Mavi Uzun Kol Gömlek,899.9,https://www.colins.com.tr/p/boyfriend-fit-shirt-neck-cizgili-kadin-mavi-uzun-kol-gomlek-48257
Kadın Giyim,Boyfriend Fit Shirt Neck Çizgili Kadın Mor Uzun Kol Gömlek,899.9,https://www.colins.com.tr/p/boyfriend-fit-shirt-neck-cizgili-kadin-mor-uzun-kol-gomlek-48969
Kadın Giyim,Boyfriend Fit Shirt Neck Çizgili Kadın Sari Uzun Kol Gömlek,899.9,https://www.colins.com.tr/p/boyfriend-fit-shirt-neck-cizgili-kadin-sari-uzun-kol-gomlek-48970
Kadın Giyim,Boyfriend Fit Shirt Neck Düz Kadın Beyaz Uzun Kol Gömlek,1299.9,https://www.colins.com.tr/p/boyfriend-fit-shirt-neck-duz-kadin-beyaz-uzun-kol-gomlek-48260
Kadın Giyim,Boyfriend Fit Shirt Neck Düz Kadın Kahverengi Uzun Kol Gömlek,1299.9,https://www.colins.com.tr/p/boyfriend-fit-shirt-neck-duz-kadin-kahverengi-uzun-kol-gomlek-48262
Kadın Giyim,Boyfriend Fit Shirt Neck Düz Kadın Pembe Uzun Kol Gömlek,899.9,https://www.colins.com.tr/p/boyfriend-fit-shirt-neck-duz-kadin-pembe-uzun-kol-gomlek-48972
Kadın Giyim,Boyfriend Fit Shirt Neck Düz Kadın Salmon Uzun Kol Gömlek,1299.9,https://www.colins.com.tr/p/boyfriend-fit-shirt-neck-duz-kadin-salmon-uzun-kol-gomlek-48266
Kadın Giyim,Boyfriend Fit Shirt Neck Düz Kadın Sari Uzun Kol Gömlek,899.9,https://www.colins.com.tr/p/boyfriend-fit-shirt-neck-duz-kadin-sari-uzun-kol-gomlek-48264
Kadın Giyim,Boyfriend Fit Shirt Neck Düz Kadın Yeşil Uzun Kol Gömlek,799.9,https://www.colins.com.tr/p/boyfriend-fit-shirt-neck-duz-kadin-yesil-uzun-kol-gomlek-48267
Kadın Giyim,Boyfriend Fit Shirt Neck Jakarlı Kadın Beyaz Uzun Kol Gömlek,1799.9,https://www.colins.com.tr/p/boyfriend-fit-shirt-neck-jakarli-kadin-beyaz-uzun-kol-gomlek-49491
Kadın Giyim,Boyfriend Fit Shirt Neck Jakarlı Kadın Mavi Uzun Kol Gömlek,1799.9,https://www.colins.com.tr/p/boyfriend-fit-shirt-neck-jakarli-kadin-mavi-uzun-kol-gomlek-49492
Kadın Giyim,Boyfriend Shirt Neck Nakışlı Kadın Ekru Uzun Kol Gömlek,1299.9,https://www.colins.com.tr/p/boyfriend-shirt-neck-nakisli-kadin-ekru-uzun-kol-gomlek-48382
Kadın Giyim,Fashion Fit Hakim Yaka Çizgili Kadın Bej Uzun Kol Gömlek,999.9,https://www.colins.com.tr/p/fashion-fit-hakim-yaka-cizgili-kadin-bej-uzun-kol-gomlek-48391
Kadın Giyim,Fashion Fit Shirt Neck Çizgili Kadın Beyaz Uzun Kol Gömlek,899.9,https://www.colins.com.tr/p/fashion-fit-shirt-neck-cizgili-kadin-beyaz-uzun-kol-gomlek-48393
Kadın Giyim,Fashion Fit Shirt Neck Düz Kadın Beyaz Roll-up Gömlek,899.9,https://www.colins.com.tr/p/fashion-fit-shirt-neck-duz-kadin-beyaz-roll-up-gomlek-48987
Kadın Giyim,Fashion Fit Shirt Neck Düz Kadın Pembe ¾ Kol Gömlek,1599.9,https://www.colins.com.tr/p/fashion-fit-shirt-neck-duz-kadin-pembe-kol-gomlek-49493
Kadın Giyim,Fashion Fit Shirt Neck Düz Kadın Turuncu Roll-up Gömlek,899.9,https://www.colins.com.tr/p/fashion-fit-shirt-neck-duz-kadin-turuncu-roll-up-gomlek-48988
Kadın Giyim,Fashion Fit Shirt Neck Düz Kadın Turuncu Uzun Kol Gömlek,1599.9,https://www.colins.com.tr/p/fashion-fit-shirt-neck-duz-kadin-turuncu-uzun-kol-gomlek-49803
Kadın Giyim,Fashion Fit Shirt Neck Düz Kadın Yeşil Roll-up Gömlek,899.9,https://www.colins.com.tr/p/fashion-fit-shirt-neck-duz-kadin-yesil-roll-up-gomlek-48990
Kadın Giyim,Fashion Fit Shirt Neck Düz Kadın Yeşil Uzun Kol Gömlek,1599.9,https://www.colins.com.tr/p/fashion-fit-shirt-neck-duz-kadin-yesil-uzun-kol-gomlek-48401
Kadın Giyim,Fashion Fit Shirt Neck Düz Kadın Yeşil Uzun Kol Gömlek,1599.9,https://www.colins.com.tr/p/fashion-fit-shirt-neck-duz-kadin-yesil-uzun-kol-gomlek-49804
Kadın Giyim,Fashion Fit Shirt Neck Jakarlı Kadın Ekru Uzun Kol Gömlek,999.9,https://www.colins.com.tr/p/fashion-fit-shirt-neck-jakarli-kadin-ekru-uzun-kol-gomlek-48402
Kadın Giyim,Fashion Fit Yuvarlak Yaka Baskılı Kadın Beyaz Uzun Kol Gömlek,999.9,https://www.colins.com.tr/p/fashion-fit-yuvarlak-yaka-baskili-kadin-beyaz-uzun-kol-gomlek-48406
Kadın Giyim,Fashion Fit Yuvarlak Yaka Düz Kadın Sari Uzun Kol Gömlek,999.9,https://www.colins.com.tr/p/fashion-fit-yuvarlak-yaka-duz-kadin-sari-uzun-kol-gomlek-48410
Kadın Giyim,Fashion Fit Yuvarlak Yaka Metraj Baskılı Kadın Pembe Uzun Kol Gömlek,1199.9,https://www.colins.com.tr/p/fashion-fit-yuvarlak-yaka-metraj-baskili-kadin-pembe-uzun-kol-gomlek-48953
Kadın Giyim,Fashion Fit Yuvarlak Yaka Metraj Baskılı Kadın Sari Uzun Kol Gömlek,1199.9,https://www.colins.com.tr/p/fashion-fit-yuvarlak-yaka-metraj-baskili-kadin-sari-uzun-kol-gomlek-48954
Kadın Giyim,Fashion Fit Yuvarlak Yaka Nakışlı Kadın Ekru Uzun Kol Gömlek,1299.9,https://www.colins.com.tr/p/fashion-fit-yuvarlak-yaka-nakisli-kadin-ekru-uzun-kol-gomlek-48412
Kadın Giyim,Oversize Fit Klasik Yaka Düz Kadın Grey Denim Uzun Kol Gömlek,1699.9,https://www.colins.com.tr/p/oversize-fit-klasik-yaka-duz-kadin-grey-denim-uzun-kol-gomlek-48221
Kadın Giyim,Oversize Shirt Neck Çizgili Kadın Mavi Uzun Kol Gömlek,999.9,https://www.colins.com.tr/p/oversize-shirt-neck-cizgili-kadin-mavi-uzun-kol-gomlek-48424
Kadın Giyim,Oversize Shirt Neck Çizgili Kadın Turuncu Uzun Kol Gömlek,999.9,https://www.colins.com.tr/p/oversize-shirt-neck-cizgili-kadin-turuncu-uzun-kol-gomlek-48425
Kadın Giyim,Regular Fit Shirt Neck Çizgili Kadın Mavi Roll-up Gömlek,899.9,https://www.colins.com.tr/p/regular-fit-shirt-neck-cizgili-kadin-mavi-roll-up-gomlek-49054
Kadın Giyim,Regular Fit Shirt Neck Çizgili Kadın Mavi Uzun Kol Gömlek,999.9,https://www.colins.com.tr/p/regular-fit-shirt-neck-cizgili-kadin-mavi-uzun-kol-gomlek-48478
Kadın Giyim,Relaxed Fit   Kadın Beyaz  Gömlek,1299.9,https://www.colins.com.tr/p/relaxed-fit-kadin-beyaz-gomlek-44686
Kadın Giyim,Boyfriend Fit Shirt Neck Düz Kadın Bej Uzun Kol Gömlek,1299.9,https://www.colins.com.tr/p/boyfriend-fit-shirt-neck-duz-kadin-bej-uzun-kol-gomlek-48259
Kadın Giyim,Boyfriend Fit Shirt Neck Düz Kadın Beyaz Uzun Kol Gömlek,799.9,https://www.colins.com.tr/p/boyfriend-fit-shirt-neck-duz-kadin-beyaz-uzun-kol-gomlek-48261
Kadın Giyim,Boyfriend Fit Shirt Neck Düz Kadın Peach Uzun Kol Gömlek,799.9,https://www.colins.com.tr/p/boyfriend-fit-shirt-neck-duz-kadin-peach-uzun-kol-gomlek-48265
Kadın Giyim,Boyfriend Fit Shirt Neck Düz Kadın Pembe Uzun Kol Gömlek,899.9,https://www.colins.com.tr/p/boyfriend-fit-shirt-neck-duz-kadin-pembe-uzun-kol-gomlek-48263
Kadın Giyim,Regular Fit Shirt Neck Düz Kadın Yeşil Uzun Kol Gömlek,899.9,https://www.colins.com.tr/p/regular-fit-shirt-neck-duz-kadin-yesil-uzun-kol-gomlek-48304
Kadın Giyim,Regular Fit Shirt Neck Puantiyeli Kadın Ekru Uzun Kol Gömlek,999.9,https://www.colins.com.tr/p/regular-fit-shirt-neck-puantiyeli-kadin-ekru-uzun-kol-gomlek-48484
Kadın Giyim,Boyfriend Shirt Neck Düz Kadın Lacivert Uzun Kol Gömlek,1199.9,https://www.colins.com.tr/p/boyfriend-shirt-neck-duz-kadin-lacivert-uzun-kol-gomlek-48381
Kadın Giyim,Fashion Fit Shirt Neck Çizgili Kadın Yeşil Uzun Kol Gömlek,999.9,https://www.colins.com.tr/p/fashion-fit-shirt-neck-cizgili-kadin-yesil-uzun-kol-gomlek-48396
Kadın Giyim,Fashion Fit Shirt Neck Düz Kadın Mavi Uzun Kol Gömlek,1299.9,https://www.colins.com.tr/p/fashion-fit-shirt-neck-duz-kadin-mavi-uzun-kol-gomlek-48398
Kadın Giyim,Fashion Fit Shirt Neck Nakışlı Kadın Beyaz Uzun Kol Gömlek,1199.9,https://www.colins.com.tr/p/fashion-fit-shirt-neck-nakisli-kadin-beyaz-uzun-kol-gomlek-48405
Kadın Giyim,Fashion Fit Yuvarlak Yaka Nakışlı Kadın Ekru Uzun Kol Gömlek,999.9,https://www.colins.com.tr/p/fashion-fit-yuvarlak-yaka-nakisli-kadin-ekru-uzun-kol-gomlek-48411
Kadın Giyim,Regular Fit   Kadın Light İndigo Denim  Gömlek,1599.9,https://www.colins.com.tr/p/regular-fit-kadin-light-indigo-denim-gomlek-48223
Kadın Giyim,Regular Fit Shirt Neck Kareli Kadın Lacivert Uzun Kol Gömlek,999.9,https://www.colins.com.tr/p/regular-fit-shirt-neck-kareli-kadin-lacivert-uzun-kol-gomlek-48483
Kadın Giyim,Regular Fit Shirt Neck Düz Kadın Kahverengi Uzun Kol Gömlek,899.9,https://www.colins.com.tr/p/regular-fit-shirt-neck-duz-kadin-kahverengi-uzun-kol-gomlek-48303
Kadın Giyim,Fashion Fit Shirt Neck Düz Kadın Beyaz Uzun Kol Gömlek,1599.9,https://www.colins.com.tr/p/fashion-fit-shirt-neck-duz-kadin-beyaz-uzun-kol-gomlek-48397
Kadın Giyim,Oversize Fit Shirt Neck Çizgili Kadın Pembe Uzun Kol Gömlek,899.9,https://www.colins.com.tr/p/oversize-fit-shirt-neck-cizgili-kadin-pembe-uzun-kol-gomlek-47771
Kadın Giyim,Regular Fit Hakim Yaka Düz Kadın Beyaz Uzun Kol Gömlek,1299.9,https://www.colins.com.tr/p/regular-fit-hakim-yaka-duz-kadin-beyaz-uzun-kol-gomlek-45382
Kadın Giyim,Regular Fit Shirt Neck Düz Kadın Beyaz Uzun Kol Gömlek,1299.9,https://www.colins.com.tr/p/regular-fit-shirt-neck-duz-kadin-beyaz-uzun-kol-gomlek-48479
Kadın Giyim,Oversize Fit Klasik Yaka Düz Kadın Mid İndigo Denim Uzun Kol Gömlek,1699.9,https://www.colins.com.tr/p/oversize-fit-klasik-yaka-duz-kadin-mid-indigo-denim-uzun-kol-gomlek-48222
Kadın Giyim,Boxy Fit Yuvarlak Yaka Baskılı Kadın Bej Kısa Kol Tişört,399.9,https://www.colins.com.tr/p/boxy-fit-yuvarlak-yaka-baskili-kadin-bej-kisa-kol-tisort-48247
Kadın Giyim,Boxy Fit Yuvarlak Yaka Baskılı Kadın Beyaz Kısa Kol Tişört,399.9,https://www.colins.com.tr/p/boxy-fit-yuvarlak-yaka-baskili-kadin-beyaz-kisa-kol-tisort-48248
Kadın Giyim,Boxy Fit Yuvarlak Yaka Baskılı Kadın Beyaz Kısa Kol Tişört,399.9,https://www.colins.com.tr/p/boxy-fit-yuvarlak-yaka-baskili-kadin-beyaz-kisa-kol-tisort-48249
Kadın Giyim,Boxy Fit Yuvarlak Yaka Baskılı Kadın Beyaz Kısa Kol Tişört,399.9,https://www.colins.com.tr/p/boxy-fit-yuvarlak-yaka-baskili-kadin-beyaz-kisa-kol-tisort-48250
Kadın Giyim,Boxy Fit Yuvarlak Yaka Baskılı Kadın Beyaz Kısa Kol Tişört,399.9,https://www.colins.com.tr/p/boxy-fit-yuvarlak-yaka-baskili-kadin-beyaz-kisa-kol-tisort-48251
Kadın Giyim,Boxy Fit Yuvarlak Yaka Baskılı Kadın Beyaz Kısa Kol Tişört,399.9,https://www.colins.com.tr/p/boxy-fit-yuvarlak-yaka-baskili-kadin-beyaz-kisa-kol-tisort-48252
Kadın Giyim,Boxy Fit Yuvarlak Yaka Düz Kadın Beyaz Kısa Kol Tişört,499.9,https://www.colins.com.tr/p/boxy-fit-yuvarlak-yaka-duz-kadin-beyaz-kisa-kol-tisort-48253
Kadın Giyim,Boxy Fit Yuvarlak Yaka Düz Kadın Kahverengi Kısa Kol Tişört,499.9,https://www.colins.com.tr/p/boxy-fit-yuvarlak-yaka-duz-kadin-kahverengi-kisa-kol-tisort-48254
Kadın Giyim,Boxy Fit Yuvarlak Yaka Düz Kadın Sari Kısa Kol Tişört,499.9,https://www.colins.com.tr/p/boxy-fit-yuvarlak-yaka-duz-kadin-sari-kisa-kol-tisort-48255
Kadın Giyim,Boxy Fit Yuvarlak Yaka Düz Kadın Turuncu Kısa Kol Tişört,499.9,https://www.colins.com.tr/p/boxy-fit-yuvarlak-yaka-duz-kadin-turuncu-kisa-kol-tisort-48256
Kadın Giyim,Boyfriend Fit Yuvarlak Yaka Nakışlı Kadın Beyaz Kısa Kol Tişört,499.9,https://www.colins.com.tr/p/boyfriend-fit-yuvarlak-yaka-nakisli-kadin-beyaz-kisa-kol-tisort-48268
Kadın Giyim,Oversize Fit Yuvarlak Yaka Düz Kadın Antrasit Kısa Kol Tişört,749.9,https://www.colins.com.tr/p/oversize-fit-yuvarlak-yaka-duz-kadin-antrasit-kisa-kol-tisort-49650
Kadın Giyim,Regular Fit V Yaka Düz Kadın Bej Kısa Kol Tişört,649.9,https://www.colins.com.tr/p/regular-fit-v-yaka-duz-kadin-bej-kisa-kol-tisort-48485
Kadın Giyim,Regular Fit V Yaka Düz Kadın Kahverengi Kısa Kol Tişört,649.9,https://www.colins.com.tr/p/regular-fit-v-yaka-duz-kadin-kahverengi-kisa-kol-tisort-48486
Kadın Giyim,Regular Fit V Yaka Düz Kadın Yeşil Kısa Kol Tişört,649.9,https://www.colins.com.tr/p/regular-fit-v-yaka-duz-kadin-yesil-kisa-kol-tisort-48487
Kadın Giyim,Regular Fit Yuvarlak Yaka  Kadın Yeşil Kısa Kol Tişört,549.9,https://www.colins.com.tr/p/regular-fit-yuvarlak-yaka-kadin-yesil-kisa-kol-tisort-47895
Kadın Giyim,Regular Fit Yuvarlak Yaka Baskılı Kadın Bej Kısa Kol Tişört,649.9,https://www.colins.com.tr/p/regular-fit-yuvarlak-yaka-baskili-kadin-bej-kisa-kol-tisort-48496
Kadın Giyim,Regular Fit Yuvarlak Yaka Baskılı Kadın Beyaz Kısa Kol Tişört,449.9,https://www.colins.com.tr/p/regular-fit-yuvarlak-yaka-baskili-kadin-beyaz-kisa-kol-tisort-48497
Kadın Giyim,Regular Fit Yuvarlak Yaka Baskılı Kadın Beyaz Kısa Kol Tişört,649.9,https://www.colins.com.tr/p/regular-fit-yuvarlak-yaka-baskili-kadin-beyaz-kisa-kol-tisort-48498
Kadın Giyim,Regular Fit Yuvarlak Yaka Baskılı Kadın Sari Kısa Kol Tişört,549.9,https://www.colins.com.tr/p/regular-fit-yuvarlak-yaka-baskili-kadin-sari-kisa-kol-tisort-48502
Kadın Giyim,Regular Fit Yuvarlak Yaka Baskılı Kadın Siyah Kısa Kol Tişört,399.9,https://www.colins.com.tr/p/regular-fit-yuvarlak-yaka-baskili-kadin-siyah-kisa-kol-tisort-48325
Kadın Giyim,Regular Fit Yuvarlak Yaka Çizgili Kadın Kahverengi Kısa Kol Tişört,749.9,https://www.colins.com.tr/p/regular-fit-yuvarlak-yaka-cizgili-kadin-kahverengi-kisa-kol-tisort-48505
Kadın Giyim,Regular Fit Yuvarlak Yaka Çizgili Kadın Kirmizi Kısa Kol Tişört,499.9,https://www.colins.com.tr/p/regular-fit-yuvarlak-yaka-cizgili-kadin-kirmizi-kisa-kol-tisort-48326
Kadın Giyim,Regular Fit Yuvarlak Yaka Çizgili Kadın Lacivert Kısa Kol Tişört,749.9,https://www.colins.com.tr/p/regular-fit-yuvarlak-yaka-cizgili-kadin-lacivert-kisa-kol-tisort-48507
Kadın Giyim,Regular Fit Yuvarlak Yaka Çizgili Kadın Lacivert Kısa Kol Tişört,649.9,https://www.colins.com.tr/p/regular-fit-yuvarlak-yaka-cizgili-kadin-lacivert-kisa-kol-tisort-49240
Kadın Giyim,Regular Fit Yuvarlak Yaka Çizgili Kadın Mavi Kısa Kol Tişört,499.9,https://www.colins.com.tr/p/regular-fit-yuvarlak-yaka-cizgili-kadin-mavi-kisa-kol-tisort-48327
Kadın Giyim,Regular Fit Yuvarlak Yaka Çizgili Kadın Mavi Kısa Kol Tişört,549.9,https://www.colins.com.tr/p/regular-fit-yuvarlak-yaka-cizgili-kadin-mavi-kisa-kol-tisort-48508
Kadın Giyim,Regular Fit Yuvarlak Yaka Çizgili Kadın Yeşil Kısa Kol Tişört,549.9,https://www.colins.com.tr/p/regular-fit-yuvarlak-yaka-cizgili-kadin-yesil-kisa-kol-tisort-48509
Kadın Giyim,Regular Fit Yuvarlak Yaka Düz Kadın Antrasit Kısa Kol Tişört,649.9,https://www.colins.com.tr/p/regular-fit-yuvarlak-yaka-duz-kadin-antrasit-kisa-kol-tisort-49266
Kadın Giyim,Regular Fit Yuvarlak Yaka Düz Kadın Beyaz Kısa Kol Tişört,399.9,https://www.colins.com.tr/p/regular-fit-yuvarlak-yaka-duz-kadin-beyaz-kisa-kol-tisort-48328
Kadın Giyim,Regular Fit Yuvarlak Yaka Düz Kadın Beyaz Kısa Kol Tişört,649.9,https://www.colins.com.tr/p/regular-fit-yuvarlak-yaka-duz-kadin-beyaz-kisa-kol-tisort-48532
Kadın Giyim,Regular Fit Yuvarlak Yaka Düz Kadın Beyaz Kısa Kol Tişört,649.9,https://www.colins.com.tr/p/regular-fit-yuvarlak-yaka-duz-kadin-beyaz-kisa-kol-tisort-49267
Kadın Giyim,Regular Fit Yuvarlak Yaka Düz Kadın Ekru Kısa Kol Tişört,549.9,https://www.colins.com.tr/p/regular-fit-yuvarlak-yaka-duz-kadin-ekru-kisa-kol-tisort-48535
Kadın Giyim,Regular Fit Yuvarlak Yaka Düz Kadın Kahverengi Kısa Kol Tişört,499.9,https://www.colins.com.tr/p/regular-fit-yuvarlak-yaka-duz-kadin-kahverengi-kisa-kol-tisort-48329
Kadın Giyim,Regular Fit Yuvarlak Yaka Düz Kadın Kahverengi Kısa Kol Tişört,549.9,https://www.colins.com.tr/p/regular-fit-yuvarlak-yaka-duz-kadin-kahverengi-kisa-kol-tisort-48537
Kadın Giyim,Regular Fit Yuvarlak Yaka Düz Kadın Mavi Kısa Kol Tişört,649.9,https://www.colins.com.tr/p/regular-fit-yuvarlak-yaka-duz-kadin-mavi-kisa-kol-tisort-48539
Kadın Giyim,Regular Fit Yuvarlak Yaka Düz Kadın Pembe Kısa Kol Tişört,399.9,https://www.colins.com.tr/p/regular-fit-yuvarlak-yaka-duz-kadin-pembe-kisa-kol-tisort-48330
Kadın Giyim,Regular Fit Yuvarlak Yaka Düz Kadın Pembe Kısa Kol Tişört,649.9,https://www.colins.com.tr/p/regular-fit-yuvarlak-yaka-duz-kadin-pembe-kisa-kol-tisort-48541
Kadın Giyim,Regular Fit Yuvarlak Yaka Düz Kadın Turuncu Kısa Kol Tişört,499.9,https://www.colins.com.tr/p/regular-fit-yuvarlak-yaka-duz-kadin-turuncu-kisa-kol-tisort-48331
Kadın Giyim,Regular Fit Yuvarlak Yaka Düz Kadın Turuncu Kısa Kol Tişört,449.9,https://www.colins.com.tr/p/regular-fit-yuvarlak-yaka-duz-kadin-turuncu-kisa-kol-tisort-48542
Kadın Giyim,Regular Fit Yuvarlak Yaka Düz Kadın Yeşil Kısa Kol Tişört,499.9,https://www.colins.com.tr/p/regular-fit-yuvarlak-yaka-duz-kadin-yesil-kisa-kol-tisort-48332
Kadın Giyim,Regular Fit Yuvarlak Yaka Düz Kadın Yeşil Kısa Kol Tişört,449.9,https://www.colins.com.tr/p/regular-fit-yuvarlak-yaka-duz-kadin-yesil-kisa-kol-tisort-48543
Kadın Giyim,Regular Fit Yuvarlak Yaka Jakarlı Kadın Ekru Kısa Kol Tişört,649.9,https://www.colins.com.tr/p/regular-fit-yuvarlak-yaka-jakarli-kadin-ekru-kisa-kol-tisort-48545
Kadın Giyim,Regular Fit Yuvarlak Yaka Nakışlı Kadın Beyaz Kısa Kol Tişört,649.9,https://www.colins.com.tr/p/regular-fit-yuvarlak-yaka-nakisli-kadin-beyaz-kisa-kol-tisort-48549
Kadın Giyim,Regular Fit Yuvarlak Yaka Nakışlı Kadın Sari Kısa Kol Tişört,399.9,https://www.colins.com.tr/p/regular-fit-yuvarlak-yaka-nakisli-kadin-sari-kisa-kol-tisort-48334
Kadın Giyim,Relax Fit Yuvarlak Yaka Baskılı Kadın Pembe Kısa Kol Tişört,649.9,https://www.colins.com.tr/p/relax-fit-yuvarlak-yaka-baskili-kadin-pembe-kisa-kol-tisort-48552
Kadın Giyim,Relax Fit Yuvarlak Yaka Düz Kadın Ekru Kısa Kol Tişört,649.9,https://www.colins.com.tr/p/relax-fit-yuvarlak-yaka-duz-kadin-ekru-kisa-kol-tisort-48553
Kadın Giyim,Slim Fit Kayık Yaka Düz Kadın Kahverengi Kısa Kol Tişört,549.9,https://www.colins.com.tr/p/slim-fit-kayik-yaka-duz-kadin-kahverengi-kisa-kol-tisort-49668
Kadın Giyim,Slim Fit Yuvarlak Yaka Baskılı Kadın Beyaz Kısa Kol Tişört,499.9,https://www.colins.com.tr/p/slim-fit-yuvarlak-yaka-baskili-kadin-beyaz-kisa-kol-tisort-48361
Kadın Pantolon,Loose Fit   Kadın Stripe Denim Jean Pantolon,1799.9,https://www.colins.com.tr/p/loose-fit-kadin-stripe-denim-jean-pantolon-48217
Kadın Pantolon,Regular Fit   Kadın Grey Denim Jean Pantolon,1499.9,https://www.colins.com.tr/p/regular-fit-kadin-grey-denim-jean-pantolon-48858
Kadın Pantolon,Regular Fit Düşük Bel Düz Paça Kadın Siyah  Pantolon,1099.9,https://www.colins.com.tr/p/regular-fit-dusuk-bel-duz-paca-kadin-siyah-pantolon-42072
Kadın Pantolon,Regular Fit Yüksel Bel Düz Paça Kadın Bej  Pantolon,1399.9,https://www.colins.com.tr/p/regular-fit-yuksel-bel-duz-paca-kadin-bej-pantolon-48312
Kadın Pantolon,Regular Fit Yüksel Bel Düz Paça Kadın Kahverengi  Pantolon,1399.9,https://www.colins.com.tr/p/regular-fit-yuksel-bel-duz-paca-kadin-kahverengi-pantolon-48315
Kadın Pantolon,Regular Fit Yüksel Bel Geniş Paça Kadın Bej  Pantolon,1199.9,https://www.colins.com.tr/p/regular-fit-yuksel-bel-genis-paca-kadin-bej-pantolon-48316
Kadın Pantolon,Regular Fit Yüksel Bel Geniş Paça Kadın Beyaz  Pantolon,1699.9,https://www.colins.com.tr/p/regular-fit-yuksel-bel-genis-paca-kadin-beyaz-pantolon-48490
Kadın Pantolon,Regular Fit Yüksel Bel Geniş Paça Kadın Ekru  Pantolon,1199.9,https://www.colins.com.tr/p/regular-fit-yuksel-bel-genis-paca-kadin-ekru-pantolon-48491
Kadın Pantolon,Regular Fit Yüksel Bel Geniş Paça Kadın Ekru  Pantolon,1399.9,https://www.colins.com.tr/p/regular-fit-yuksel-bel-genis-paca-kadin-ekru-pantolon-48492
Kadın Pantolon,Regular Fit Yüksel Bel Geniş Paça Kadın İndigo  Pantolon,1199.9,https://www.colins.com.tr/p/regular-fit-yuksel-bel-genis-paca-kadin-indigo-pantolon-48318
Kadın Pantolon,Regular Fit Yüksel Bel Geniş Paça Kadın Lacivert  Pantolon,1199.9,https://www.colins.com.tr/p/regular-fit-yuksel-bel-genis-paca-kadin-lacivert-pantolon-48319
Kadın Pantolon,Regular Fit Yüksel Bel Geniş Paça Kadın Siyah  Pantolon,1199.9,https://www.colins.com.tr/p/regular-fit-yuksel-bel-genis-paca-kadin-siyah-pantolon-48322
Kadın Pantolon,Regular Fit Yüksel Bel Geniş Paça Kadın Yeşil  Pantolon,1199.9,https://www.colins.com.tr/p/regular-fit-yuksel-bel-genis-paca-kadin-yesil-pantolon-48323
Kadın Pantolon,Regular Fit Yüksel Bel Geniş Paça Kadın Yeşil  Pantolon,1199.9,https://www.colins.com.tr/p/regular-fit-yuksel-bel-genis-paca-kadin-yesil-pantolon-48324
Kadın Pantolon,Regular Fit Yüksel Bel Geniş Paça Kadın Yeşil  Pantolon,1399.9,https://www.colins.com.tr/p/regular-fit-yuksel-bel-genis-paca-kadin-yesil-pantolon-48494
Kadın Pantolon,Regular Fit Yüksel Bel Geniş Paça Kadın Yeşil  Pantolon,1199.9,https://www.colins.com.tr/p/regular-fit-yuksel-bel-genis-paca-kadin-yesil-pantolon-48495
Kadın Pantolon,Skinny Fit   Kadın Dark İndigo Denim Jean Pantolon,1699.9,https://www.colins.com.tr/p/skinny-fit-kadin-dark-indigo-denim-jean-pantolon-48834
Kadın Pantolon,Slim Fit   Kadın Mid İndigo Denim Jean Pantolon,1699.9,https://www.colins.com.tr/p/slim-fit-kadin-mid-indigo-denim-jean-pantolon-49440
Kadın Pantolon,Slim Fit Orta Bel Düz Paça Kadın Mid İndigo Denim Jean Pantolon,1699.9,https://www.colins.com.tr/p/slim-fit-orta-bel-duz-paca-kadin-mid-indigo-denim-jean-pantolon-48771
Kadın Pantolon,Straıght Fıt Düşük Bel Geniş Paça Kadın Bej  Pantolon,1199.9,https://www.colins.com.tr/p/straight-fit-dusuk-bel-genis-paca-kadin-bej-pantolon-45019
Kadın Pantolon,Straıght Fıt Düşük Bel Geniş Paça Kadın Mavi  Pantolon,1199.9,https://www.colins.com.tr/p/straight-fit-dusuk-bel-genis-paca-kadin-mavi-pantolon-45028
Kadın Pantolon,Straight Fit   Kadın Mid İndigo Denim Jean Pantolon,1799.9,https://www.colins.com.tr/p/straight-fit-kadin-mid-indigo-denim-jean-pantolon-49448
Kadın Pantolon,Loose Fit   Kadın Light İndigo Denim Jean Pantolon,1799.9,https://www.colins.com.tr/p/loose-fit-kadin-light-indigo-denim-jean-pantolon-49402
Kadın Pantolon,Loose Fit   Kadın Mid İndigo Denim Jean Pantolon,1699.9,https://www.colins.com.tr/p/loose-fit-kadin-mid-indigo-denim-jean-pantolon-48808
Kadın Pantolon,Regular Fit   Kadın Açik İndigo Jean Pantolon,1799.9,https://www.colins.com.tr/p/regular-fit-kadin-acik-indigo-jean-pantolon-48080
Kadın Pantolon,Regular Fit   Kadın Anthracite Denim Jean Pantolon,1499.9,https://www.colins.com.tr/p/regular-fit-kadin-anthracite-denim-jean-pantolon-48815
Kadın Pantolon,Regular Fit   Kadın Light İndigo Denim Jean Pantolon,1499.9,https://www.colins.com.tr/p/regular-fit-kadin-light-indigo-denim-jean-pantolon-48758
Kadın Pantolon,Regular Fit   Kadın Light İndigo Denim Jean Pantolon,1499.9,https://www.colins.com.tr/p/regular-fit-kadin-light-indigo-denim-jean-pantolon-48826
Kadın Pantolon,Regular Fit   Kadın Light İndigo Denim Jean Pantolon,1699.9,https://www.colins.com.tr/p/regular-fit-kadin-light-indigo-denim-jean-pantolon-49421
Kadın Pantolon,Regular Fit   Kadın Mid İndigo Denim Jean Pantolon,1499.9,https://www.colins.com.tr/p/regular-fit-kadin-mid-indigo-denim-jean-pantolon-48759
Kadın Pantolon,Regular Fit   Kadın Over Dyed Denim Jean Pantolon,1899.9,https://www.colins.com.tr/p/regular-fit-kadin-over-dyed-denim-jean-pantolon-48860
Kadın Pantolon,Regular Fit Orta Bel Bootcut Kadın Grey Denim Jean Pantolon,1799.9,https://www.colins.com.tr/p/regular-fit-orta-bel-bootcut-kadin-grey-denim-jean-pantolon-48831
Kadın Pantolon,Regular Fit   Kadın Light İndigo Denim Jean Pantolon,1799.9,https://www.colins.com.tr/p/regular-fit-kadin-light-indigo-denim-jean-pantolon-49420
Kadın Pantolon,Skinny Fit   Kadın Lacivert Jean Pantolon,1199.9,https://www.colins.com.tr/p/skinny-fit-yuksel-bel-dar-paca-kadin-lacivert-jean-pantolon-47084
Kadın Pantolon,Regular Fit   Kadın Black Black Denim Jean Pantolon,1499.9,https://www.colins.com.tr/p/regular-fit-kadin-black-black-denim-jean-pantolon-48817
Kadın Pantolon,Regular Fit   Kadın Grey Denim Jean Pantolon,1499.9,https://www.colins.com.tr/p/regular-fit-kadin-grey-denim-jean-pantolon-48823
Kadın Pantolon,Regular Fit   Kadın Light İndigo Denim Jean Pantolon,1699.9,https://www.colins.com.tr/p/regular-fit-kadin-light-indigo-denim-jean-pantolon-48825
Kadın Pantolon,Regular Fit Yüksel Bel Düz Paça Astarsız Kadın Bej Pantolon,1099.9,https://www.colins.com.tr/p/regular-fit-yuksel-bel-duz-paca-astarsiz-kadin-bej-pantolon-45018
Kadın Pantolon,Regular Fit Yüksel Bel Düz Paça Kadın Kahverengi  Pantolon,1099.9,https://www.colins.com.tr/p/regular-fit-yuksel-bel-duz-paca-kadin-kahverengi-pantolon-48897
Kadın Pantolon,Regular Fit Yüksel Bel Düz Paça Kadın Lacivert  Pantolon,1099.9,https://www.colins.com.tr/p/regular-fit-yuksel-bel-duz-paca-kadin-lacivert-pantolon-48898
Kadın Pantolon,Regular Fit Yüksel Bel Düz Paça Kadın Siyah  Pantolon,1099.9,https://www.colins.com.tr/p/regular-fit-yuksel-bel-duz-paca-kadin-siyah-pantolon-48899
Kadın Pantolon,Regular Fit Yüksel Bel Geniş Paça Kadın Beyaz  Pantolon,1099.9,https://www.colins.com.tr/p/regular-fit-yuksel-bel-genis-paca-kadin-beyaz-pantolon-48317
Kadın Pantolon,Regular Fit Yüksel Bel Geniş Paça Kadın Lacivert  Pantolon,1099.9,https://www.colins.com.tr/p/regular-fit-yuksel-bel-genis-paca-kadin-lacivert-pantolon-48320
Kadın Pantolon,Regular Fit Yüksel Bel Geniş Paça Kadın Siyah  Pantolon,1099.9,https://www.colins.com.tr/p/regular-fit-yuksel-bel-genis-paca-kadin-siyah-pantolon-48321
Kadın Pantolon,Straıght Fıt Düşük Bel Düz Paça Kadın Siyah  Pantolon,1099.9,https://www.colins.com.tr/p/regular-fit-yuksel-bel-duz-paca-kadin-siyah-pantolon-45023
Kadın Pantolon,Regular Fit   Kadın Mid İndigo Denim Jean Pantolon,1799.9,https://www.colins.com.tr/p/regular-fit-kadin-mid-indigo-denim-jean-pantolon-48859
Kadın Pantolon,Regular Fit   Kadın Green Cast Denim Jean Pantolon,1899.9,https://www.colins.com.tr/p/regular-fit-kadin-green-cast-denim-jean-pantolon-48821
Kadın Pantolon,Regular Fit   Kadın Anthracite Denim Jean Pantolon,1499.9,https://www.colins.com.tr/p/regular-fit-kadin-anthracite-denim-jean-pantolon-48814
